risk_event_id,shipment_id,warehouse_id,supplier_id,product_id,event_date,risk_category,risk_type,severity,impact_area,estimated_loss,status,root_cause,resolution_action,resolved_date
RSK000001,SHP004277,22,457,27,21-01-2025,Supplier,Supplier Capacity Issue,High,Supplier,92291,Mitigated,Poor demand forecasting,Expedited shipment,26-01-2025
RSK000002,SHP006677,12,253,2913,12-04-2025,Inventory,Inventory Mismatch,Low,Supplier,2037,Mitigated,Incorrect inventory records,Additional quality inspection,26-04-2025
RSK000003,SHP012862,16,58,220,05-11-2025,Warehouse,Fire Alarm,Critical,Supplier,348872,Mitigated,Supplier production delay,Expedited shipment,08-11-2025
RSK000004,SHP007454,10,124,4967,18-08-2025,Inventory,Overstock,High,Shipment,86760,Resolved,Supplier production delay,Expedited shipment,22-08-2025
RSK000005,SHP012451,17,78,2670,14-08-2025,Warehouse,Storage Capacity Full,Low,Inventory,1402,Open,Customs clearance delay,Additional quality inspection,
RSK000006,SHP003668,14,364,2539,22-06-2025,Supplier,Supplier Capacity Issue,Medium,Warehouse,21943,Resolved,Poor demand forecasting,Route optimized,24-06-2025
RSK000007,SHP002253,10,409,2005,22-05-2025,Supplier,Material Shortage,Low,Inventory,3471,Mitigated,Incorrect inventory records,Additional quality inspection,26-05-2025
RSK000008,SHP008425,12,179,1198,16-12-2025,Supplier,Material Shortage,Medium,Shipment,17101,Resolved,Vehicle mechanical failure,Emergency procurement completed,19-12-2025
RSK000009,SHP013112,3,332,2666,03-09-2025,Transportation,Vehicle Breakdown,Low,Shipment,534,Mitigated,Poor demand forecasting,Emergency procurement completed,10-09-2025
RSK000010,SHP002887,19,464,1228,25-07-2025,Weather,Flood,Medium,Supplier,23079,Investigating,Supplier production delay,Expedited shipment,
RSK000011,SHP003200,6,357,191,25-12-2025,Product Quality,Packaging Damage,Medium,Customer,17832,Mitigated,Customs clearance delay,Insurance claim initiated,31-12-2025
RSK000012,SHP010806,10,402,152,02-10-2025,Supplier,Material Shortage,Low,Customer,2510,Open,Supplier production delay,Warehouse maintenance completed,
RSK000013,SHP005164,2,296,1398,11-07-2025,Warehouse,Storage Capacity Full,Medium,Warehouse,6580,Resolved,Poor demand forecasting,Increased safety stock,21-07-2025
RSK000014,SHP014002,8,3,2881,31-05-2025,Supplier,Material Shortage,High,Warehouse,82394,Investigating,Packaging quality issue,Emergency procurement completed,
RSK000015,SHP009427,13,397,4762,13-11-2025,Logistics,Route Blockage,High,Supplier,56418,Open,Supplier production delay,Route optimized,
RSK000016,SHP005191,8,475,4333,25-05-2025,Logistics,Shipment Delay,Low,Supplier,1393,Investigating,Customs clearance delay,Increased safety stock,
RSK000017,SHP014259,14,450,4483,27-02-2025,Logistics,Shipment Delay,Medium,Warehouse,24041,Resolved,Packaging quality issue,Insurance claim initiated,07-03-2025
RSK000018,SHP001031,7,215,814,31-05-2025,Inventory,Overstock,High,Supplier,53080,Resolved,Incorrect inventory records,Additional quality inspection,02-06-2025
RSK000019,SHP013817,25,150,1664,19-02-2025,Logistics,Route Blockage,Medium,Warehouse,21121,Resolved,Vehicle mechanical failure,Route optimized,28-02-2025
RSK000020,SHP001687,19,302,4544,01-12-2025,Logistics,Shipment Delay,Low,Supplier,1848,Resolved,Heavy rainfall disrupted transport,Insurance claim initiated,10-12-2025
RSK000021,SHP006183,16,46,920,27-03-2025,Warehouse,Power Failure,Critical,Warehouse,222664,Resolved,Supplier production delay,Route optimized,05-04-2025
RSK000022,SHP013777,23,348,4011,24-09-2025,Warehouse,Power Failure,High,Warehouse,92161,Investigating,Customs clearance delay,Additional quality inspection,
RSK000023,SHP003885,7,354,1243,12-01-2025,Weather,Flood,Low,Customer,1266,Open,Heavy rainfall disrupted transport,Additional quality inspection,
RSK000024,SHP000317,12,156,2851,02-03-2025,Logistics,Wrong Delivery,Medium,Customer,7181,Resolved,Poor demand forecasting,Insurance claim initiated,04-03-2025
RSK000025,SHP008616,10,20,1185,05-10-2025,Product Quality,Manufacturing Defect,Medium,Customer,18161,Investigating,Vehicle mechanical failure,Additional quality inspection,
RSK000026,SHP004521,16,64,3988,25-02-2025,Product Quality,Damaged Goods,Low,Inventory,728,Mitigated,Warehouse power outage,Route optimized,27-02-2025
RSK000027,SHP002960,15,287,1931,07-10-2025,Warehouse,Storage Capacity Full,Low,Warehouse,4229,Resolved,Warehouse power outage,Insurance claim initiated,14-10-2025
RSK000028,SHP005426,9,42,3611,08-09-2025,Logistics,Lost Shipment,Medium,Inventory,18224,Resolved,Poor demand forecasting,Warehouse maintenance completed,20-09-2025
RSK000029,SHP008456,16,473,4479,26-08-2025,Logistics,Route Blockage,Low,Inventory,2713,Mitigated,Heavy rainfall disrupted transport,Increased safety stock,29-08-2025
RSK000030,SHP002880,17,341,4153,04-11-2025,Inventory,Inventory Mismatch,Low,Supplier,3458,Mitigated,Vehicle mechanical failure,Increased safety stock,06-11-2025
RSK000031,SHP006862,15,41,1723,01-04-2025,Supplier,Material Shortage,Low,Warehouse,3699,Mitigated,Poor demand forecasting,Insurance claim initiated,13-04-2025
RSK000032,SHP001999,22,66,3203,03-07-2025,Logistics,Shipment Delay,High,Shipment,30816,Investigating,Packaging quality issue,Additional quality inspection,
RSK000033,SHP000295,11,91,4420,09-11-2025,Logistics,Route Blockage,High,Customer,47981,Resolved,Vehicle mechanical failure,Increased safety stock,12-11-2025
RSK000034,SHP010114,9,186,3621,11-10-2025,Logistics,Wrong Delivery,Medium,Shipment,6402,Resolved,Heavy rainfall disrupted transport,Insurance claim initiated,23-10-2025
RSK000035,SHP009574,23,280,629,19-03-2025,Warehouse,Storage Capacity Full,Low,Customer,1358,Resolved,Heavy rainfall disrupted transport,Assigned alternate supplier,30-03-2025
RSK000036,SHP012646,3,389,3017,30-12-2025,Supplier,Supplier Capacity Issue,Medium,Inventory,13106,Resolved,Warehouse power outage,Route optimized,11-01-2026
RSK000037,SHP002207,10,171,2099,17-03-2025,Logistics,Route Blockage,High,Supplier,81962,Resolved,Supplier production delay,Increased safety stock,24-03-2025
RSK000038,SHP005722,1,416,1262,20-07-2025,Supplier,Supplier Capacity Issue,Low,Customer,4865,Resolved,Warehouse power outage,Warehouse maintenance completed,31-07-2025
RSK000039,SHP010691,23,413,1873,04-05-2025,Logistics,Shipment Delay,Critical,Customer,404150,Investigating,Warehouse power outage,Assigned alternate supplier,
RSK000040,SHP008625,24,224,4635,15-07-2025,Logistics,Wrong Delivery,Low,Warehouse,4946,Investigating,Poor demand forecasting,Expedited shipment,
RSK000041,SHP007102,4,17,552,05-04-2025,Weather,Cyclone,High,Inventory,41289,Investigating,Vehicle mechanical failure,Increased safety stock,
RSK000042,SHP003792,23,331,1233,16-04-2025,Warehouse,Equipment Failure,Low,Shipment,2548,Resolved,Vehicle mechanical failure,Route optimized,29-04-2025
RSK000043,SHP002520,5,285,4303,03-07-2025,Logistics,Shipment Delay,Low,Warehouse,4939,Investigating,Vehicle mechanical failure,Additional quality inspection,
RSK000044,SHP007743,18,315,2404,12-07-2025,Warehouse,Equipment Failure,Low,Supplier,1673,Mitigated,Customs clearance delay,Warehouse maintenance completed,24-07-2025
RSK000045,SHP001698,14,490,4821,04-05-2025,Warehouse,Equipment Failure,Low,Customer,4431,Investigating,Heavy rainfall disrupted transport,Expedited shipment,
RSK000046,SHP011884,2,382,1577,19-07-2025,Transportation,Fuel Shortage,Medium,Inventory,9156,Resolved,Incorrect inventory records,Additional quality inspection,01-08-2025
RSK000047,SHP012435,25,381,4168,18-11-2025,Logistics,Shipment Delay,Medium,Warehouse,22103,Resolved,Warehouse power outage,Emergency procurement completed,30-11-2025
RSK000048,SHP011348,20,83,1971,30-01-2025,Warehouse,Storage Capacity Full,Low,Customer,3811,Investigating,Poor demand forecasting,Insurance claim initiated,
RSK000049,SHP002557,25,192,2877,12-04-2025,Inventory,Inventory Mismatch,Low,Supplier,4715,Resolved,Poor demand forecasting,Assigned alternate supplier,14-04-2025
RSK000050,SHP006503,6,208,12,23-08-2025,Product Quality,Damaged Goods,Medium,Warehouse,21016,Resolved,Heavy rainfall disrupted transport,Emergency procurement completed,27-08-2025
RSK000051,SHP001948,2,369,3640,14-07-2025,Inventory,Overstock,Low,Warehouse,3514,Resolved,Supplier production delay,Route optimized,25-07-2025
RSK000052,SHP010963,24,43,4759,20-09-2025,Inventory,Inventory Mismatch,Medium,Supplier,6099,Resolved,Vehicle mechanical failure,Insurance claim initiated,04-10-2025
RSK000053,SHP011419,2,396,2967,26-01-2025,Weather,Flood,Medium,Inventory,5792,Resolved,Heavy rainfall disrupted transport,Assigned alternate supplier,03-02-2025
RSK000054,SHP010610,3,277,2124,15-06-2025,Product Quality,Damaged Goods,Low,Customer,3844,Resolved,Heavy rainfall disrupted transport,Warehouse maintenance completed,29-06-2025
RSK000055,SHP001510,14,146,1981,02-06-2025,Supplier,Late Delivery,Medium,Shipment,21379,Resolved,Packaging quality issue,Additional quality inspection,08-06-2025
RSK000056,SHP012403,21,191,1883,03-07-2025,Inventory,Overstock,High,Customer,91072,Mitigated,Supplier production delay,Emergency procurement completed,06-07-2025
RSK000057,SHP004294,15,247,2790,10-11-2025,Inventory,Inventory Mismatch,Low,Customer,3708,Mitigated,Packaging quality issue,Emergency procurement completed,23-11-2025
RSK000058,SHP004394,7,216,2842,08-03-2025,Supplier,Supplier Capacity Issue,Medium,Customer,7235,Mitigated,Incorrect inventory records,Increased safety stock,17-03-2025
RSK000059,SHP012832,10,168,1335,13-04-2025,Inventory,Inventory Mismatch,Medium,Inventory,12432,Resolved,Customs clearance delay,Increased safety stock,26-04-2025
RSK000060,SHP007418,2,100,4972,13-11-2025,Warehouse,Power Failure,Low,Supplier,1506,Mitigated,Warehouse power outage,Emergency procurement completed,21-11-2025
RSK000061,SHP009900,14,151,1007,28-10-2025,Product Quality,Damaged Goods,High,Supplier,60525,Resolved,Warehouse power outage,Insurance claim initiated,03-11-2025
RSK000062,SHP006678,7,32,718,25-09-2025,Warehouse,Fire Alarm,Low,Warehouse,1312,Resolved,Incorrect inventory records,Expedited shipment,02-10-2025
RSK000063,SHP002857,14,443,3156,17-04-2025,Supplier,Material Shortage,Medium,Shipment,12532,Mitigated,Heavy rainfall disrupted transport,Assigned alternate supplier,24-04-2025
RSK000064,SHP009616,11,486,3860,04-04-2025,Logistics,Route Blockage,Low,Inventory,1547,Investigating,Packaging quality issue,Emergency procurement completed,
RSK000065,SHP013848,8,329,2969,08-10-2025,Logistics,Shipment Delay,Low,Warehouse,4073,Resolved,Poor demand forecasting,Emergency procurement completed,19-10-2025
RSK000066,SHP001039,4,192,2207,27-01-2025,Warehouse,Equipment Failure,Low,Inventory,2047,Resolved,Packaging quality issue,Warehouse maintenance completed,03-02-2025
RSK000067,SHP000387,1,92,2003,14-04-2025,Logistics,Shipment Delay,Low,Shipment,4746,Resolved,Customs clearance delay,Warehouse maintenance completed,18-04-2025
RSK000068,SHP007634,5,225,3086,06-10-2025,Logistics,Shipment Delay,Low,Shipment,2562,Mitigated,Vehicle mechanical failure,Emergency procurement completed,18-10-2025
RSK000069,SHP010025,9,25,134,04-12-2025,Product Quality,Manufacturing Defect,Low,Warehouse,3244,Resolved,Customs clearance delay,Insurance claim initiated,13-12-2025
RSK000070,SHP004149,8,166,163,22-02-2025,Warehouse,Storage Capacity Full,Critical,Customer,185532,Resolved,Poor demand forecasting,Route optimized,24-02-2025
RSK000071,SHP008553,5,477,4477,01-09-2025,Financial,Currency Fluctuation,Medium,Warehouse,20263,Resolved,Poor demand forecasting,Increased safety stock,07-09-2025
RSK000072,SHP010884,22,476,3778,07-08-2025,Supplier,Late Delivery,Medium,Shipment,5373,Resolved,Warehouse power outage,Insurance claim initiated,13-08-2025
RSK000073,SHP013920,1,140,2123,21-04-2025,Logistics,Shipment Delay,Low,Customer,1720,Resolved,Packaging quality issue,Route optimized,29-04-2025
RSK000074,SHP001160,4,30,3998,11-12-2025,Product Quality,Damaged Goods,Low,Shipment,2315,Resolved,Packaging quality issue,Emergency procurement completed,15-12-2025
RSK000075,SHP001944,8,408,2581,09-04-2025,Logistics,Shipment Delay,High,Shipment,81652,Resolved,Customs clearance delay,Insurance claim initiated,15-04-2025
RSK000076,SHP004114,19,383,4107,13-03-2025,Logistics,Wrong Delivery,High,Warehouse,66256,Investigating,Customs clearance delay,Increased safety stock,
RSK000077,SHP014060,16,101,3703,19-09-2025,Supplier,Material Shortage,High,Shipment,59103,Mitigated,Vehicle mechanical failure,Warehouse maintenance completed,30-09-2025
RSK000078,SHP010705,6,103,4529,10-01-2025,Warehouse,Fire Alarm,Low,Warehouse,1047,Resolved,Vehicle mechanical failure,Increased safety stock,18-01-2025
RSK000079,SHP007637,2,417,1098,08-08-2025,Inventory,Stockout,Medium,Warehouse,22198,Mitigated,Warehouse power outage,Expedited shipment,13-08-2025
RSK000080,SHP013838,16,137,386,20-03-2025,Logistics,Shipment Delay,Medium,Supplier,14082,Resolved,Incorrect inventory records,Insurance claim initiated,02-04-2025
RSK000081,SHP005225,2,422,2975,20-10-2025,Logistics,Lost Shipment,High,Supplier,34365,Resolved,Poor demand forecasting,Additional quality inspection,01-11-2025
RSK000082,SHP001099,10,133,1446,15-05-2025,Logistics,Route Blockage,Medium,Customer,9676,Resolved,Vehicle mechanical failure,Warehouse maintenance completed,26-05-2025
RSK000083,SHP005884,1,77,889,01-10-2025,Inventory,Inventory Mismatch,Low,Shipment,4859,Open,Supplier production delay,Insurance claim initiated,
RSK000084,SHP010287,19,383,2947,12-08-2025,Transportation,Traffic Congestion,Medium,Shipment,16588,Mitigated,Poor demand forecasting,Additional quality inspection,20-08-2025
RSK000085,SHP008014,16,442,4085,29-06-2025,Logistics,Wrong Delivery,Medium,Supplier,20502,Investigating,Heavy rainfall disrupted transport,Emergency procurement completed,
RSK000086,SHP008126,11,344,873,09-04-2025,Warehouse,Fire Alarm,Medium,Supplier,13243,Mitigated,Heavy rainfall disrupted transport,Assigned alternate supplier,19-04-2025
RSK000087,SHP009057,22,92,4552,21-09-2025,Product Quality,Packaging Damage,Low,Warehouse,4658,Mitigated,Supplier production delay,Insurance claim initiated,24-09-2025
RSK000088,SHP011800,5,79,2436,03-12-2025,Logistics,Lost Shipment,Medium,Customer,14966,Investigating,Incorrect inventory records,Insurance claim initiated,
RSK000089,SHP011261,21,59,2203,10-05-2025,Inventory,Inventory Mismatch,Low,Customer,4461,Resolved,Warehouse power outage,Increased safety stock,21-05-2025
RSK000090,SHP006837,16,331,1222,26-06-2025,Warehouse,Power Failure,High,Supplier,25954,Investigating,Vehicle mechanical failure,Expedited shipment,
RSK000091,SHP009153,12,114,1783,12-12-2025,Logistics,Shipment Delay,Low,Supplier,1780,Mitigated,Incorrect inventory records,Route optimized,14-12-2025
RSK000092,SHP006069,11,378,4329,03-10-2025,Logistics,Lost Shipment,Low,Supplier,4132,Mitigated,Heavy rainfall disrupted transport,Additional quality inspection,07-10-2025
RSK000093,SHP014570,11,151,3013,13-06-2025,Weather,Flood,Medium,Warehouse,11210,Mitigated,Customs clearance delay,Route optimized,15-06-2025
RSK000094,SHP010437,6,65,798,18-02-2025,Warehouse,Equipment Failure,Medium,Customer,22035,Resolved,Customs clearance delay,Assigned alternate supplier,21-02-2025
RSK000095,SHP013774,9,306,4349,23-05-2025,Logistics,Route Blockage,High,Shipment,49866,Open,Vehicle mechanical failure,Insurance claim initiated,
RSK000096,SHP009037,4,460,4065,14-08-2025,Inventory,Inventory Mismatch,Medium,Inventory,16280,Resolved,Vehicle mechanical failure,Route optimized,28-08-2025
RSK000097,SHP014142,13,473,3365,08-04-2025,Product Quality,Packaging Damage,Critical,Inventory,295039,Resolved,Vehicle mechanical failure,Additional quality inspection,13-04-2025
RSK000098,SHP003193,10,62,2165,31-05-2025,Inventory,Inventory Mismatch,High,Warehouse,53107,Resolved,Heavy rainfall disrupted transport,Expedited shipment,07-06-2025
RSK000099,SHP003452,13,117,2512,03-09-2025,Warehouse,Equipment Failure,Medium,Inventory,14374,Resolved,Vehicle mechanical failure,Increased safety stock,11-09-2025
RSK000100,SHP003834,3,496,3486,13-10-2025,Warehouse,Fire Alarm,Low,Shipment,2184,Resolved,Poor demand forecasting,Increased safety stock,16-10-2025
RSK000101,SHP003802,17,175,4294,28-05-2025,Supplier,Late Delivery,Low,Warehouse,3836,Resolved,Poor demand forecasting,Insurance claim initiated,11-06-2025
RSK000102,SHP010880,7,388,1002,24-04-2025,Logistics,Shipment Delay,Low,Shipment,3680,Resolved,Customs clearance delay,Insurance claim initiated,27-04-2025
RSK000103,SHP012009,14,441,3007,13-12-2025,Supplier,Late Delivery,Critical,Inventory,291499,Open,Packaging quality issue,Increased safety stock,
RSK000104,SHP001139,19,102,4211,13-01-2025,Inventory,Overstock,Low,Inventory,2231,Resolved,Incorrect inventory records,Assigned alternate supplier,16-01-2025
RSK000105,SHP013354,1,298,1226,03-08-2025,Logistics,Shipment Delay,Medium,Inventory,23539,Mitigated,Customs clearance delay,Route optimized,13-08-2025
RSK000106,SHP012575,6,496,128,27-04-2025,Supplier,Supplier Capacity Issue,Low,Shipment,4430,Open,Heavy rainfall disrupted transport,Route optimized,
RSK000107,SHP004995,5,44,3257,26-11-2025,Logistics,Wrong Delivery,Low,Warehouse,3723,Mitigated,Incorrect inventory records,Route optimized,04-12-2025
RSK000108,SHP010998,24,372,4086,26-03-2025,Supplier,Supplier Capacity Issue,Low,Customer,3281,Mitigated,Packaging quality issue,Insurance claim initiated,04-04-2025
RSK000109,SHP005626,18,403,4061,25-01-2025,Logistics,Wrong Delivery,High,Customer,47963,Investigating,Poor demand forecasting,Increased safety stock,
RSK000110,SHP003663,24,434,4915,07-11-2025,Logistics,Lost Shipment,Low,Supplier,1512,Resolved,Customs clearance delay,Increased safety stock,19-11-2025
RSK000111,SHP010687,18,252,3010,24-03-2025,Supplier,Material Shortage,Medium,Customer,5163,Investigating,Customs clearance delay,Additional quality inspection,
RSK000112,SHP002968,2,200,4953,12-02-2025,Inventory,Inventory Mismatch,High,Warehouse,46029,Resolved,Incorrect inventory records,Route optimized,14-02-2025
RSK000113,SHP014232,7,63,3244,08-06-2025,Supplier,Late Delivery,Medium,Shipment,18289,Resolved,Warehouse power outage,Warehouse maintenance completed,14-06-2025
RSK000114,SHP006204,21,208,71,13-02-2025,Product Quality,Packaging Damage,Medium,Supplier,17475,Resolved,Packaging quality issue,Additional quality inspection,16-02-2025
RSK000115,SHP005888,11,87,3302,16-07-2025,Inventory,Stockout,Critical,Inventory,259584,Investigating,Supplier production delay,Insurance claim initiated,
RSK000116,SHP004438,22,329,4628,20-05-2025,Logistics,Lost Shipment,Medium,Shipment,19609,Resolved,Incorrect inventory records,Additional quality inspection,03-06-2025
RSK000117,SHP008694,21,291,1437,28-09-2025,Transportation,Fuel Shortage,Medium,Warehouse,14860,Resolved,Packaging quality issue,Route optimized,03-10-2025
RSK000118,SHP008128,13,190,4712,20-01-2025,Supplier,Material Shortage,High,Inventory,69552,Resolved,Poor demand forecasting,Assigned alternate supplier,30-01-2025
RSK000119,SHP006567,25,69,4447,23-01-2025,Logistics,Lost Shipment,Low,Warehouse,3304,Resolved,Poor demand forecasting,Emergency procurement completed,06-02-2025
RSK000120,SHP009329,10,261,3031,14-11-2025,Transportation,Vehicle Breakdown,Low,Inventory,3339,Resolved,Supplier production delay,Insurance claim initiated,15-11-2025
RSK000121,SHP010944,4,463,67,26-11-2025,Logistics,Wrong Delivery,Low,Inventory,1066,Resolved,Warehouse power outage,Route optimized,09-12-2025
RSK000122,SHP003085,25,333,1839,04-06-2025,Logistics,Shipment Delay,Medium,Inventory,10000,Resolved,Poor demand forecasting,Warehouse maintenance completed,14-06-2025
RSK000123,SHP009296,23,233,1971,30-05-2025,Inventory,Inventory Mismatch,Low,Warehouse,4570,Resolved,Incorrect inventory records,Increased safety stock,04-06-2025
RSK000124,SHP000437,18,151,2088,19-02-2025,Warehouse,Storage Capacity Full,Low,Customer,4330,Resolved,Incorrect inventory records,Assigned alternate supplier,23-02-2025
RSK000125,SHP001539,8,284,544,21-07-2025,Logistics,Lost Shipment,Low,Customer,1460,Resolved,Poor demand forecasting,Insurance claim initiated,30-07-2025
RSK000126,SHP006425,23,432,2347,17-07-2025,Supplier,Supplier Capacity Issue,Low,Inventory,1290,Resolved,Poor demand forecasting,Insurance claim initiated,22-07-2025
RSK000127,SHP012151,25,259,3600,30-10-2025,Logistics,Wrong Delivery,High,Warehouse,67266,Resolved,Vehicle mechanical failure,Emergency procurement completed,03-11-2025
RSK000128,SHP007746,10,437,3247,22-08-2025,Warehouse,Power Failure,Low,Supplier,4224,Resolved,Heavy rainfall disrupted transport,Warehouse maintenance completed,05-09-2025
RSK000129,SHP009282,24,457,4740,24-11-2025,Logistics,Route Blockage,Low,Shipment,4638,Resolved,Supplier production delay,Assigned alternate supplier,30-11-2025
RSK000130,SHP001745,14,385,928,01-07-2025,Supplier,Supplier Capacity Issue,Low,Supplier,4601,Open,Warehouse power outage,Route optimized,
RSK000131,SHP008546,11,3,4069,08-12-2025,Supplier,Late Delivery,High,Inventory,73338,Mitigated,Supplier production delay,Additional quality inspection,18-12-2025
RSK000132,SHP012077,8,151,4475,06-04-2025,Logistics,Lost Shipment,Medium,Customer,22397,Mitigated,Supplier production delay,Increased safety stock,17-04-2025
RSK000133,SHP004455,17,275,3646,23-02-2025,Warehouse,Equipment Failure,Medium,Warehouse,9153,Resolved,Supplier production delay,Emergency procurement completed,24-02-2025
RSK000134,SHP011619,3,146,4368,15-01-2025,Logistics,Route Blockage,Critical,Inventory,336942,Resolved,Incorrect inventory records,Insurance claim initiated,26-01-2025
RSK000135,SHP002955,8,133,4457,21-01-2025,Warehouse,Storage Capacity Full,High,Inventory,59011,Resolved,Packaging quality issue,Insurance claim initiated,03-02-2025
RSK000136,SHP005431,22,410,1438,13-06-2025,Supplier,Late Delivery,Low,Supplier,4692,Investigating,Vehicle mechanical failure,Insurance claim initiated,
RSK000137,SHP006935,11,441,4128,04-02-2025,Warehouse,Equipment Failure,Low,Supplier,3448,Investigating,Incorrect inventory records,Assigned alternate supplier,
RSK000138,SHP007775,9,222,2041,09-02-2025,Inventory,Overstock,Medium,Inventory,12692,Resolved,Incorrect inventory records,Additional quality inspection,23-02-2025
RSK000139,SHP014453,14,142,319,25-10-2025,Warehouse,Storage Capacity Full,Medium,Shipment,18764,Resolved,Warehouse power outage,Emergency procurement completed,26-10-2025
RSK000140,SHP004271,20,152,330,01-11-2025,Logistics,Lost Shipment,Medium,Supplier,21948,Resolved,Customs clearance delay,Emergency procurement completed,03-11-2025
RSK000141,SHP001874,13,250,3829,20-11-2025,Inventory,Inventory Mismatch,Low,Inventory,1753,Resolved,Poor demand forecasting,Warehouse maintenance completed,27-11-2025
RSK000142,SHP007161,20,246,3981,23-08-2025,Supplier,Material Shortage,High,Customer,93653,Investigating,Customs clearance delay,Assigned alternate supplier,
RSK000143,SHP007683,9,63,4636,08-12-2025,Supplier,Material Shortage,Low,Shipment,4615,Mitigated,Supplier production delay,Assigned alternate supplier,16-12-2025
RSK000144,SHP013405,23,469,1237,17-04-2025,Logistics,Shipment Delay,Medium,Inventory,5673,Resolved,Packaging quality issue,Assigned alternate supplier,24-04-2025
RSK000145,SHP010539,18,459,3140,26-05-2025,Inventory,Inventory Mismatch,High,Customer,97193,Investigating,Vehicle mechanical failure,Route optimized,
RSK000146,SHP010912,16,69,3403,15-05-2025,Product Quality,Packaging Damage,Low,Inventory,4288,Investigating,Poor demand forecasting,Additional quality inspection,
RSK000147,SHP011864,23,124,1820,18-05-2025,Supplier,Late Delivery,High,Customer,64131,Mitigated,Warehouse power outage,Emergency procurement completed,01-06-2025
RSK000148,SHP008972,10,336,3505,04-01-2025,Weather,Heavy Rain,Low,Warehouse,1646,Resolved,Supplier production delay,Assigned alternate supplier,05-01-2025
RSK000149,SHP012903,17,415,3084,10-02-2025,Logistics,Wrong Delivery,Low,Warehouse,2749,Resolved,Supplier production delay,Insurance claim initiated,21-02-2025
RSK000150,SHP013257,24,384,858,14-07-2025,Product Quality,Damaged Goods,Low,Supplier,4940,Investigating,Vehicle mechanical failure,Warehouse maintenance completed,
RSK000151,SHP001131,8,354,3774,26-09-2025,Warehouse,Fire Alarm,High,Customer,57796,Mitigated,Vehicle mechanical failure,Assigned alternate supplier,09-10-2025
RSK000152,SHP006167,25,245,3438,12-08-2025,Warehouse,Equipment Failure,Medium,Warehouse,8523,Resolved,Vehicle mechanical failure,Route optimized,21-08-2025
RSK000153,SHP004218,8,122,4645,14-05-2025,Inventory,Inventory Mismatch,Medium,Shipment,20152,Resolved,Vehicle mechanical failure,Warehouse maintenance completed,27-05-2025
RSK000154,SHP002568,23,439,1796,20-11-2025,Logistics,Route Blockage,High,Shipment,87771,Mitigated,Incorrect inventory records,Insurance claim initiated,29-11-2025
RSK000155,SHP009987,7,398,546,20-02-2025,Warehouse,Power Failure,Critical,Warehouse,401106,Resolved,Vehicle mechanical failure,Emergency procurement completed,04-03-2025
RSK000156,SHP007866,6,352,306,12-04-2025,Inventory,Inventory Mismatch,Low,Customer,3686,Resolved,Poor demand forecasting,Assigned alternate supplier,22-04-2025
RSK000157,SHP004140,17,400,2881,29-08-2025,Warehouse,Storage Capacity Full,Low,Shipment,566,Investigating,Incorrect inventory records,Expedited shipment,
RSK000158,SHP005463,7,44,672,19-06-2025,Logistics,Lost Shipment,Medium,Supplier,7192,Resolved,Packaging quality issue,Insurance claim initiated,25-06-2025
RSK000159,SHP008932,18,224,1898,14-05-2025,Weather,Flood,Low,Inventory,4495,Resolved,Warehouse power outage,Warehouse maintenance completed,18-05-2025
RSK000160,SHP005762,3,339,1655,21-08-2025,Supplier,Material Shortage,Medium,Inventory,5183,Resolved,Incorrect inventory records,Insurance claim initiated,04-09-2025
RSK000161,SHP001747,10,134,369,03-11-2025,Inventory,Overstock,Low,Customer,3033,Resolved,Packaging quality issue,Emergency procurement completed,07-11-2025
RSK000162,SHP003904,23,147,613,15-08-2025,Inventory,Inventory Mismatch,Low,Inventory,1914,Investigating,Warehouse power outage,Warehouse maintenance completed,
RSK000163,SHP014795,13,182,3858,11-04-2025,Logistics,Lost Shipment,Low,Warehouse,4849,Resolved,Packaging quality issue,Expedited shipment,16-04-2025
RSK000164,SHP014725,4,463,1463,14-05-2025,Supplier,Material Shortage,Low,Shipment,2447,Resolved,Poor demand forecasting,Assigned alternate supplier,25-05-2025
RSK000165,SHP009671,6,111,3278,26-12-2025,Supplier,Supplier Capacity Issue,High,Inventory,77980,Resolved,Poor demand forecasting,Insurance claim initiated,09-01-2026
RSK000166,SHP010451,11,222,4687,07-03-2025,Weather,Cyclone,Low,Warehouse,1858,Open,Supplier production delay,Expedited shipment,
RSK000167,SHP006044,17,373,3870,16-03-2025,Warehouse,Power Failure,Medium,Shipment,18462,Investigating,Incorrect inventory records,Assigned alternate supplier,
RSK000168,SHP012112,21,52,3238,01-02-2025,Inventory,Inventory Mismatch,High,Supplier,42589,Resolved,Heavy rainfall disrupted transport,Additional quality inspection,15-02-2025
RSK000169,SHP004468,17,337,1455,12-09-2025,Warehouse,Storage Capacity Full,Medium,Supplier,14229,Resolved,Packaging quality issue,Increased safety stock,20-09-2025
RSK000170,SHP006937,22,226,3408,29-12-2025,Inventory,Inventory Mismatch,Medium,Inventory,8109,Mitigated,Packaging quality issue,Insurance claim initiated,04-01-2026
RSK000171,SHP014256,20,43,3893,03-02-2025,Logistics,Route Blockage,Medium,Warehouse,15015,Mitigated,Packaging quality issue,Emergency procurement completed,04-02-2025
RSK000172,SHP011236,5,217,1538,28-05-2025,Supplier,Supplier Capacity Issue,Medium,Shipment,20953,Mitigated,Warehouse power outage,Increased safety stock,05-06-2025
RSK000173,SHP000285,25,416,4267,10-12-2025,Inventory,Inventory Mismatch,Low,Supplier,4609,Investigating,Packaging quality issue,Emergency procurement completed,
RSK000174,SHP006108,4,462,2760,07-02-2025,Logistics,Lost Shipment,Low,Supplier,3986,Mitigated,Packaging quality issue,Additional quality inspection,21-02-2025
RSK000175,SHP000589,25,472,4420,04-09-2025,Warehouse,Power Failure,Medium,Inventory,7926,Investigating,Packaging quality issue,Expedited shipment,
RSK000176,SHP010728,18,129,2234,20-01-2025,Logistics,Wrong Delivery,Medium,Warehouse,18043,Open,Packaging quality issue,Warehouse maintenance completed,
RSK000177,SHP006906,2,218,2475,10-08-2025,Supplier,Late Delivery,Medium,Supplier,14144,Resolved,Heavy rainfall disrupted transport,Expedited shipment,22-08-2025
RSK000178,SHP012795,2,350,1191,17-12-2025,Logistics,Shipment Delay,Low,Inventory,2458,Resolved,Customs clearance delay,Warehouse maintenance completed,27-12-2025
RSK000179,SHP014870,7,175,2396,15-07-2025,Inventory,Stockout,Medium,Supplier,10868,Resolved,Packaging quality issue,Insurance claim initiated,17-07-2025
RSK000180,SHP004226,23,378,4700,07-03-2025,Warehouse,Fire Alarm,Low,Customer,1034,Mitigated,Supplier production delay,Route optimized,18-03-2025
RSK000181,SHP006127,9,433,1776,11-05-2025,Logistics,Shipment Delay,High,Customer,47319,Resolved,Packaging quality issue,Increased safety stock,20-05-2025
RSK000182,SHP009227,22,423,3123,02-01-2025,Inventory,Inventory Mismatch,Low,Warehouse,4476,Investigating,Customs clearance delay,Additional quality inspection,
RSK000183,SHP013001,11,110,3189,30-08-2025,Inventory,Stockout,High,Inventory,65674,Investigating,Packaging quality issue,Insurance claim initiated,
RSK000184,SHP008023,7,41,4847,20-06-2025,Logistics,Lost Shipment,Critical,Inventory,321018,Resolved,Packaging quality issue,Assigned alternate supplier,30-06-2025
RSK000185,SHP009558,21,184,107,04-05-2025,Logistics,Wrong Delivery,Medium,Shipment,9003,Mitigated,Supplier production delay,Route optimized,10-05-2025
RSK000186,SHP003324,24,430,2242,08-04-2025,Supplier,Supplier Capacity Issue,Medium,Customer,22706,Resolved,Packaging quality issue,Increased safety stock,21-04-2025
RSK000187,SHP014876,20,313,4313,30-03-2025,Logistics,Shipment Delay,Low,Customer,4495,Resolved,Vehicle mechanical failure,Emergency procurement completed,12-04-2025
RSK000188,SHP011508,19,416,1265,25-06-2025,Inventory,Inventory Mismatch,Low,Shipment,3266,Mitigated,Incorrect inventory records,Expedited shipment,04-07-2025
RSK000189,SHP003223,19,24,3387,30-03-2025,Inventory,Inventory Mismatch,Critical,Customer,285315,Resolved,Warehouse power outage,Expedited shipment,13-04-2025
RSK000190,SHP005916,8,225,1616,11-04-2025,Logistics,Lost Shipment,High,Supplier,55243,Investigating,Packaging quality issue,Assigned alternate supplier,
RSK000191,SHP008385,14,112,509,09-11-2025,Logistics,Shipment Delay,High,Customer,31616,Resolved,Packaging quality issue,Emergency procurement completed,15-11-2025
RSK000192,SHP008946,2,386,2032,05-06-2025,Supplier,Supplier Capacity Issue,Low,Customer,1224,Mitigated,Vehicle mechanical failure,Assigned alternate supplier,10-06-2025
RSK000193,SHP007460,19,99,725,18-05-2025,Inventory,Stockout,Low,Warehouse,3798,Resolved,Poor demand forecasting,Insurance claim initiated,29-05-2025
RSK000194,SHP004032,17,377,3606,06-11-2025,Inventory,Stockout,High,Customer,78501,Resolved,Heavy rainfall disrupted transport,Route optimized,18-11-2025
RSK000195,SHP000299,10,329,2485,13-02-2025,Logistics,Wrong Delivery,Low,Warehouse,3147,Mitigated,Poor demand forecasting,Emergency procurement completed,24-02-2025
RSK000196,SHP002901,25,134,2751,16-10-2025,Logistics,Shipment Delay,High,Supplier,73082,Open,Warehouse power outage,Expedited shipment,
RSK000197,SHP011960,7,276,3536,20-12-2025,Supplier,Supplier Capacity Issue,Medium,Inventory,11879,Resolved,Packaging quality issue,Warehouse maintenance completed,30-12-2025
RSK000198,SHP006513,17,259,1361,30-07-2025,Logistics,Wrong Delivery,High,Supplier,72762,Mitigated,Warehouse power outage,Expedited shipment,05-08-2025
RSK000199,SHP006134,12,149,1007,29-07-2025,Logistics,Wrong Delivery,High,Warehouse,52269,Resolved,Supplier production delay,Additional quality inspection,30-07-2025
RSK000200,SHP013289,23,132,4679,11-05-2025,Logistics,Route Blockage,Medium,Customer,18382,Investigating,Heavy rainfall disrupted transport,Expedited shipment,
RSK000201,SHP011396,18,338,605,30-08-2025,Inventory,Overstock,Low,Shipment,4668,Resolved,Packaging quality issue,Expedited shipment,05-09-2025
RSK000202,SHP000852,1,446,1343,23-07-2025,Supplier,Supplier Capacity Issue,Low,Customer,3663,Resolved,Warehouse power outage,Emergency procurement completed,04-08-2025
RSK000203,SHP002302,17,420,4986,02-06-2025,Logistics,Route Blockage,Low,Shipment,1701,Resolved,Poor demand forecasting,Route optimized,05-06-2025
RSK000204,SHP009871,7,107,465,25-01-2025,Logistics,Lost Shipment,Low,Inventory,4468,Resolved,Incorrect inventory records,Increased safety stock,06-02-2025
RSK000205,SHP007309,4,228,255,19-06-2025,Inventory,Overstock,High,Supplier,78847,Resolved,Packaging quality issue,Expedited shipment,25-06-2025
RSK000206,SHP008012,6,303,2633,13-02-2025,Logistics,Route Blockage,Low,Warehouse,1692,Resolved,Warehouse power outage,Increased safety stock,15-02-2025
RSK000207,SHP012790,21,215,3480,04-09-2025,Inventory,Stockout,Medium,Supplier,20877,Resolved,Packaging quality issue,Warehouse maintenance completed,11-09-2025
RSK000208,SHP014233,15,61,1394,12-09-2025,Logistics,Wrong Delivery,Low,Inventory,4783,Mitigated,Customs clearance delay,Emergency procurement completed,22-09-2025
RSK000209,SHP008364,10,342,4428,22-11-2025,Supplier,Material Shortage,Low,Supplier,4612,Investigating,Customs clearance delay,Expedited shipment,
RSK000210,SHP000948,7,481,354,12-01-2025,Product Quality,Packaging Damage,Low,Shipment,1368,Resolved,Warehouse power outage,Increased safety stock,17-01-2025
RSK000211,SHP013500,9,344,819,13-03-2025,Logistics,Wrong Delivery,Medium,Inventory,5273,Investigating,Warehouse power outage,Emergency procurement completed,
RSK000212,SHP001750,9,204,4503,18-02-2025,Warehouse,Storage Capacity Full,High,Warehouse,49483,Resolved,Customs clearance delay,Emergency procurement completed,27-02-2025
RSK000213,SHP008504,18,155,580,31-08-2025,Logistics,Lost Shipment,High,Customer,29112,Mitigated,Supplier production delay,Increased safety stock,10-09-2025
RSK000214,SHP011377,12,249,4861,10-03-2025,Logistics,Wrong Delivery,Low,Inventory,694,Resolved,Supplier production delay,Additional quality inspection,14-03-2025
RSK000215,SHP002146,20,297,2185,05-12-2025,Product Quality,Damaged Goods,Low,Supplier,4519,Resolved,Heavy rainfall disrupted transport,Route optimized,08-12-2025
RSK000216,SHP000784,23,298,4438,25-05-2025,Inventory,Overstock,Low,Customer,2229,Mitigated,Warehouse power outage,Warehouse maintenance completed,28-05-2025
RSK000217,SHP005122,7,290,4073,08-05-2025,Inventory,Inventory Mismatch,Low,Customer,1901,Resolved,Incorrect inventory records,Increased safety stock,11-05-2025
RSK000218,SHP000073,25,299,3555,11-04-2025,Product Quality,Damaged Goods,Medium,Shipment,7281,Resolved,Customs clearance delay,Warehouse maintenance completed,23-04-2025
RSK000219,SHP010796,4,390,4110,31-01-2025,Supplier,Late Delivery,Low,Shipment,2136,Resolved,Poor demand forecasting,Additional quality inspection,10-02-2025
RSK000220,SHP011795,9,66,2315,19-09-2025,Logistics,Wrong Delivery,High,Customer,46915,Resolved,Poor demand forecasting,Route optimized,30-09-2025
RSK000221,SHP005768,7,375,3898,21-06-2025,Product Quality,Manufacturing Defect,High,Warehouse,40830,Resolved,Packaging quality issue,Increased safety stock,22-06-2025
RSK000222,SHP014872,7,484,15,29-05-2025,Supplier,Late Delivery,Medium,Shipment,17121,Investigating,Heavy rainfall disrupted transport,Additional quality inspection,
RSK000223,SHP000134,21,263,2691,19-07-2025,Supplier,Late Delivery,High,Inventory,34427,Resolved,Supplier production delay,Additional quality inspection,29-07-2025
RSK000224,SHP013097,8,178,1605,09-04-2025,Warehouse,Storage Capacity Full,High,Supplier,33134,Resolved,Poor demand forecasting,Increased safety stock,14-04-2025
RSK000225,SHP011484,16,214,4231,17-06-2025,Logistics,Wrong Delivery,Low,Supplier,1542,Investigating,Incorrect inventory records,Increased safety stock,
RSK000226,SHP014996,14,236,4487,05-10-2025,Inventory,Stockout,Medium,Customer,20068,Resolved,Warehouse power outage,Expedited shipment,11-10-2025
RSK000227,SHP003681,9,381,2125,18-12-2025,Warehouse,Fire Alarm,Low,Customer,1710,Resolved,Supplier production delay,Route optimized,28-12-2025
RSK000228,SHP010537,17,111,3012,02-08-2025,Weather,Flood,Medium,Shipment,6778,Resolved,Vehicle mechanical failure,Warehouse maintenance completed,15-08-2025
RSK000229,SHP013857,22,34,752,29-10-2025,Supplier,Material Shortage,High,Warehouse,99308,Resolved,Warehouse power outage,Warehouse maintenance completed,12-11-2025
RSK000230,SHP009831,8,130,2443,14-04-2025,Warehouse,Fire Alarm,Medium,Customer,10923,Resolved,Poor demand forecasting,Route optimized,15-04-2025
RSK000231,SHP009809,15,441,1556,21-04-2025,Product Quality,Damaged Goods,Low,Customer,1046,Resolved,Packaging quality issue,Increased safety stock,24-04-2025
RSK000232,SHP002990,12,155,4581,03-04-2025,Warehouse,Fire Alarm,Low,Shipment,3358,Resolved,Heavy rainfall disrupted transport,Route optimized,16-04-2025
RSK000233,SHP002187,4,378,1346,02-08-2025,Warehouse,Equipment Failure,Low,Warehouse,3860,Resolved,Packaging quality issue,Expedited shipment,03-08-2025
RSK000234,SHP006380,10,314,2227,28-09-2025,Logistics,Shipment Delay,High,Customer,85044,Resolved,Heavy rainfall disrupted transport,Increased safety stock,06-10-2025
RSK000235,SHP011825,12,426,3481,19-05-2025,Logistics,Lost Shipment,Low,Customer,4018,Investigating,Packaging quality issue,Assigned alternate supplier,
RSK000236,SHP011984,5,143,704,24-11-2025,Product Quality,Packaging Damage,Medium,Supplier,8634,Resolved,Warehouse power outage,Additional quality inspection,30-11-2025
RSK000237,SHP011889,1,422,1192,21-02-2025,Supplier,Supplier Capacity Issue,High,Customer,63009,Mitigated,Heavy rainfall disrupted transport,Expedited shipment,05-03-2025
RSK000238,SHP010547,8,387,1201,20-04-2025,Weather,Heavy Rain,Low,Inventory,3278,Resolved,Heavy rainfall disrupted transport,Expedited shipment,03-05-2025
RSK000239,SHP006204,24,229,3645,27-11-2025,Product Quality,Manufacturing Defect,Low,Supplier,1049,Mitigated,Incorrect inventory records,Warehouse maintenance completed,04-12-2025
RSK000240,SHP008979,6,180,3914,03-05-2025,Warehouse,Fire Alarm,Medium,Supplier,19514,Investigating,Packaging quality issue,Expedited shipment,
RSK000241,SHP008918,11,274,604,20-05-2025,Logistics,Route Blockage,High,Customer,60433,Resolved,Heavy rainfall disrupted transport,Route optimized,24-05-2025
RSK000242,SHP010758,4,322,2399,06-10-2025,Warehouse,Equipment Failure,Medium,Warehouse,8152,Mitigated,Warehouse power outage,Assigned alternate supplier,08-10-2025
RSK000243,SHP007647,19,106,1899,30-12-2025,Logistics,Route Blockage,Low,Inventory,4456,Mitigated,Customs clearance delay,Warehouse maintenance completed,08-01-2026
RSK000244,SHP006496,10,128,1170,22-11-2025,Warehouse,Fire Alarm,High,Shipment,27925,Resolved,Heavy rainfall disrupted transport,Additional quality inspection,30-11-2025
RSK000245,SHP000286,4,35,4113,14-10-2025,Product Quality,Damaged Goods,Low,Warehouse,1632,Resolved,Heavy rainfall disrupted transport,Route optimized,23-10-2025
RSK000246,SHP009950,17,79,436,27-07-2025,Inventory,Inventory Mismatch,Low,Shipment,4376,Resolved,Heavy rainfall disrupted transport,Expedited shipment,29-07-2025
RSK000247,SHP002967,5,350,4814,25-09-2025,Supplier,Supplier Capacity Issue,Medium,Shipment,13403,Resolved,Warehouse power outage,Increased safety stock,30-09-2025
RSK000248,SHP010272,10,423,1950,18-11-2025,Inventory,Inventory Mismatch,Low,Inventory,1015,Resolved,Heavy rainfall disrupted transport,Insurance claim initiated,29-11-2025
RSK000249,SHP014860,9,174,530,15-01-2025,Supplier,Material Shortage,High,Warehouse,27449,Resolved,Poor demand forecasting,Emergency procurement completed,18-01-2025
RSK000250,SHP009291,12,88,114,09-11-2025,Warehouse,Power Failure,Medium,Inventory,10778,Resolved,Poor demand forecasting,Route optimized,11-11-2025
RSK000251,SHP006436,14,159,3447,10-09-2025,Logistics,Route Blockage,Medium,Inventory,19722,Investigating,Warehouse power outage,Assigned alternate supplier,
RSK000252,SHP005729,4,266,4254,03-07-2025,Transportation,Traffic Congestion,Medium,Supplier,6013,Investigating,Packaging quality issue,Increased safety stock,
RSK000253,SHP004954,1,249,11,13-07-2025,Supplier,Supplier Capacity Issue,Medium,Supplier,10415,Resolved,Poor demand forecasting,Route optimized,17-07-2025
RSK000254,SHP012859,14,359,2636,25-02-2025,Logistics,Route Blockage,Low,Warehouse,612,Investigating,Poor demand forecasting,Warehouse maintenance completed,
RSK000255,SHP012047,10,76,751,09-04-2025,Logistics,Route Blockage,High,Warehouse,59895,Resolved,Packaging quality issue,Increased safety stock,18-04-2025
RSK000256,SHP008640,25,130,888,12-09-2025,Inventory,Overstock,Low,Warehouse,4832,Mitigated,Incorrect inventory records,Increased safety stock,17-09-2025
RSK000257,SHP000291,22,259,1929,15-05-2025,Inventory,Inventory Mismatch,Medium,Supplier,23552,Resolved,Customs clearance delay,Emergency procurement completed,20-05-2025
RSK000258,SHP001872,2,495,1293,18-07-2025,Warehouse,Storage Capacity Full,High,Customer,79800,Resolved,Supplier production delay,Expedited shipment,26-07-2025
RSK000259,SHP014410,9,173,3096,21-07-2025,Logistics,Route Blockage,High,Customer,68123,Investigating,Customs clearance delay,Emergency procurement completed,
RSK000260,SHP009442,10,387,2992,14-03-2025,Inventory,Stockout,Low,Customer,2132,Investigating,Warehouse power outage,Increased safety stock,
RSK000261,SHP008803,22,53,3519,26-04-2025,Weather,Cyclone,High,Shipment,47265,Resolved,Packaging quality issue,Additional quality inspection,29-04-2025
RSK000262,SHP013517,2,81,3383,14-05-2025,Supplier,Supplier Capacity Issue,Medium,Warehouse,23571,Resolved,Customs clearance delay,Increased safety stock,22-05-2025
RSK000263,SHP002609,3,76,1624,23-09-2025,Logistics,Wrong Delivery,Medium,Shipment,8944,Mitigated,Poor demand forecasting,Increased safety stock,27-09-2025
RSK000264,SHP013598,1,498,2370,19-01-2025,Inventory,Stockout,Medium,Customer,20905,Mitigated,Customs clearance delay,Expedited shipment,27-01-2025
RSK000265,SHP001806,22,354,1958,04-01-2025,Warehouse,Power Failure,Low,Inventory,2529,Resolved,Supplier production delay,Warehouse maintenance completed,17-01-2025
RSK000266,SHP010445,15,242,4502,24-03-2025,Financial,Currency Fluctuation,Medium,Inventory,21104,Resolved,Poor demand forecasting,Expedited shipment,31-03-2025
RSK000267,SHP011185,19,179,3945,28-04-2025,Logistics,Shipment Delay,Low,Shipment,724,Resolved,Vehicle mechanical failure,Expedited shipment,29-04-2025
RSK000268,SHP007376,10,486,3173,16-09-2025,Logistics,Wrong Delivery,Medium,Customer,13218,Resolved,Warehouse power outage,Insurance claim initiated,25-09-2025
RSK000269,SHP006164,8,37,4912,09-09-2025,Warehouse,Power Failure,High,Supplier,45609,Resolved,Supplier production delay,Assigned alternate supplier,22-09-2025
RSK000270,SHP010034,10,368,959,06-10-2025,Logistics,Wrong Delivery,Low,Warehouse,2200,Investigating,Poor demand forecasting,Expedited shipment,
RSK000271,SHP014868,5,12,24,08-09-2025,Inventory,Stockout,High,Warehouse,94408,Resolved,Warehouse power outage,Route optimized,22-09-2025
RSK000272,SHP011593,21,306,4750,15-07-2025,Warehouse,Power Failure,Low,Inventory,3713,Investigating,Heavy rainfall disrupted transport,Assigned alternate supplier,
RSK000273,SHP012281,3,33,2470,21-08-2025,Supplier,Supplier Capacity Issue,Medium,Inventory,6808,Mitigated,Supplier production delay,Warehouse maintenance completed,02-09-2025
RSK000274,SHP005046,4,428,2189,18-12-2025,Supplier,Supplier Capacity Issue,Low,Inventory,3451,Resolved,Customs clearance delay,Additional quality inspection,24-12-2025
RSK000275,SHP000032,11,277,3181,03-06-2025,Logistics,Lost Shipment,Low,Inventory,4930,Resolved,Supplier production delay,Increased safety stock,08-06-2025
RSK000276,SHP004928,20,119,1490,22-03-2025,Logistics,Shipment Delay,Medium,Customer,14408,Resolved,Incorrect inventory records,Insurance claim initiated,02-04-2025
RSK000277,SHP012186,12,360,851,25-04-2025,Warehouse,Fire Alarm,High,Customer,77829,Mitigated,Supplier production delay,Route optimized,27-04-2025
RSK000278,SHP007996,16,88,2544,19-02-2025,Supplier,Supplier Capacity Issue,Medium,Customer,12098,Resolved,Poor demand forecasting,Additional quality inspection,20-02-2025
RSK000279,SHP012505,4,256,3085,27-07-2025,Weather,Cyclone,Medium,Warehouse,21533,Mitigated,Supplier production delay,Route optimized,06-08-2025
RSK000280,SHP012530,25,308,94,12-09-2025,Warehouse,Equipment Failure,Low,Customer,1763,Resolved,Poor demand forecasting,Route optimized,17-09-2025
RSK000281,SHP011035,7,422,885,26-09-2025,Weather,Flood,Low,Inventory,4536,Mitigated,Poor demand forecasting,Route optimized,02-10-2025
RSK000282,SHP014513,20,382,779,23-03-2025,Logistics,Shipment Delay,High,Supplier,82658,Mitigated,Incorrect inventory records,Expedited shipment,01-04-2025
RSK000283,SHP010603,5,189,4451,13-03-2025,Logistics,Route Blockage,High,Warehouse,98588,Investigating,Vehicle mechanical failure,Increased safety stock,
RSK000284,SHP010314,18,109,3740,30-09-2025,Logistics,Route Blockage,Low,Supplier,588,Resolved,Heavy rainfall disrupted transport,Emergency procurement completed,13-10-2025
RSK000285,SHP014002,4,499,959,11-06-2025,Product Quality,Manufacturing Defect,Critical,Inventory,214313,Resolved,Customs clearance delay,Route optimized,17-06-2025
RSK000286,SHP013318,20,494,3480,11-05-2025,Inventory,Stockout,Medium,Customer,14302,Mitigated,Poor demand forecasting,Expedited shipment,12-05-2025
RSK000287,SHP003013,23,298,3068,08-12-2025,Logistics,Shipment Delay,Medium,Customer,24646,Resolved,Vehicle mechanical failure,Emergency procurement completed,18-12-2025
RSK000288,SHP003501,22,44,1957,17-11-2025,Product Quality,Damaged Goods,Low,Shipment,2347,Resolved,Warehouse power outage,Emergency procurement completed,29-11-2025
RSK000289,SHP005721,2,224,1653,15-05-2025,Product Quality,Damaged Goods,High,Supplier,68229,Resolved,Incorrect inventory records,Expedited shipment,20-05-2025
RSK000290,SHP000737,20,147,874,04-01-2025,Logistics,Shipment Delay,Low,Shipment,1700,Resolved,Vehicle mechanical failure,Assigned alternate supplier,06-01-2025
RSK000291,SHP013388,23,393,3357,25-07-2025,Logistics,Wrong Delivery,Medium,Shipment,21701,Resolved,Poor demand forecasting,Emergency procurement completed,30-07-2025
RSK000292,SHP009144,20,106,4030,23-05-2025,Supplier,Material Shortage,Low,Inventory,3552,Resolved,Heavy rainfall disrupted transport,Additional quality inspection,02-06-2025
RSK000293,SHP013795,24,441,1303,07-11-2025,Supplier,Supplier Capacity Issue,Medium,Customer,16167,Resolved,Warehouse power outage,Warehouse maintenance completed,20-11-2025
RSK000294,SHP002274,19,189,3471,02-10-2025,Supplier,Supplier Capacity Issue,High,Warehouse,37984,Resolved,Supplier production delay,Route optimized,05-10-2025
RSK000295,SHP005067,18,257,2228,12-01-2025,Inventory,Inventory Mismatch,Low,Shipment,2742,Resolved,Warehouse power outage,Insurance claim initiated,17-01-2025
RSK000296,SHP006569,2,153,4400,15-04-2025,Inventory,Inventory Mismatch,Medium,Customer,21132,Resolved,Customs clearance delay,Assigned alternate supplier,19-04-2025
RSK000297,SHP005335,6,245,3416,10-08-2025,Weather,Flood,Medium,Inventory,9659,Resolved,Incorrect inventory records,Warehouse maintenance completed,22-08-2025
RSK000298,SHP003123,21,345,3073,06-05-2025,Supplier,Late Delivery,Low,Warehouse,640,Mitigated,Packaging quality issue,Assigned alternate supplier,15-05-2025
RSK000299,SHP002719,8,6,858,05-11-2025,Logistics,Wrong Delivery,Low,Customer,4033,Resolved,Heavy rainfall disrupted transport,Emergency procurement completed,12-11-2025
RSK000300,SHP000547,12,311,3353,03-05-2025,Supplier,Supplier Capacity Issue,Medium,Customer,21339,Resolved,Heavy rainfall disrupted transport,Warehouse maintenance completed,07-05-2025
RSK000301,SHP014852,7,316,1816,21-10-2025,Logistics,Wrong Delivery,Medium,Warehouse,9036,Resolved,Incorrect inventory records,Assigned alternate supplier,26-10-2025
RSK000302,SHP007230,2,199,4459,26-06-2025,Logistics,Route Blockage,High,Inventory,78362,Resolved,Customs clearance delay,Assigned alternate supplier,09-07-2025
RSK000303,SHP010414,24,270,966,31-03-2025,Inventory,Overstock,Medium,Inventory,19546,Resolved,Poor demand forecasting,Assigned alternate supplier,01-04-2025
RSK000304,SHP003700,20,260,755,19-04-2025,Logistics,Shipment Delay,Low,Supplier,4252,Investigating,Customs clearance delay,Additional quality inspection,
RSK000305,SHP000897,24,340,1144,02-05-2025,Product Quality,Packaging Damage,High,Inventory,97656,Resolved,Incorrect inventory records,Expedited shipment,04-05-2025
RSK000306,SHP012909,1,310,77,03-06-2025,Product Quality,Damaged Goods,Low,Warehouse,1367,Mitigated,Warehouse power outage,Increased safety stock,06-06-2025
RSK000307,SHP003486,14,476,893,06-10-2025,Logistics,Wrong Delivery,High,Inventory,89301,Resolved,Incorrect inventory records,Assigned alternate supplier,20-10-2025
RSK000308,SHP012154,12,208,227,25-07-2025,Supplier,Late Delivery,Medium,Customer,21300,Resolved,Supplier production delay,Emergency procurement completed,02-08-2025
RSK000309,SHP001487,7,498,3288,30-11-2025,Warehouse,Storage Capacity Full,High,Shipment,66354,Resolved,Vehicle mechanical failure,Assigned alternate supplier,02-12-2025
RSK000310,SHP002810,17,397,1621,04-02-2025,Inventory,Overstock,Low,Supplier,813,Open,Vehicle mechanical failure,Emergency procurement completed,
RSK000311,SHP001003,13,193,204,06-10-2025,Supplier,Supplier Capacity Issue,High,Customer,89120,Resolved,Customs clearance delay,Warehouse maintenance completed,12-10-2025
RSK000312,SHP014412,13,188,4682,14-09-2025,Weather,Flood,Low,Warehouse,1332,Resolved,Heavy rainfall disrupted transport,Route optimized,20-09-2025
RSK000313,SHP007005,18,444,2800,27-03-2025,Inventory,Inventory Mismatch,Low,Shipment,4723,Resolved,Packaging quality issue,Assigned alternate supplier,06-04-2025
RSK000314,SHP006103,17,304,97,14-03-2025,Logistics,Route Blockage,High,Inventory,70425,Resolved,Heavy rainfall disrupted transport,Warehouse maintenance completed,23-03-2025
RSK000315,SHP000037,19,109,2554,29-06-2025,Inventory,Inventory Mismatch,High,Inventory,47031,Mitigated,Heavy rainfall disrupted transport,Warehouse maintenance completed,07-07-2025
RSK000316,SHP004005,15,482,641,05-03-2025,Inventory,Inventory Mismatch,Medium,Shipment,15967,Open,Packaging quality issue,Route optimized,
RSK000317,SHP009745,23,433,1642,03-08-2025,Inventory,Inventory Mismatch,Low,Supplier,3681,Mitigated,Supplier production delay,Emergency procurement completed,11-08-2025
RSK000318,SHP012674,11,300,3697,13-02-2025,Product Quality,Damaged Goods,Low,Shipment,4808,Resolved,Incorrect inventory records,Warehouse maintenance completed,25-02-2025
RSK000319,SHP008104,23,439,4926,18-06-2025,Logistics,Lost Shipment,Critical,Shipment,106628,Resolved,Poor demand forecasting,Insurance claim initiated,20-06-2025
RSK000320,SHP014509,24,456,1485,01-08-2025,Logistics,Lost Shipment,Medium,Inventory,16100,Resolved,Poor demand forecasting,Insurance claim initiated,04-08-2025
RSK000321,SHP001830,25,151,2193,04-10-2025,Logistics,Wrong Delivery,Low,Inventory,2835,Investigating,Warehouse power outage,Route optimized,
RSK000322,SHP013293,19,229,3315,10-09-2025,Logistics,Shipment Delay,Medium,Inventory,7222,Resolved,Incorrect inventory records,Expedited shipment,20-09-2025
RSK000323,SHP005188,14,358,1302,28-09-2025,Logistics,Wrong Delivery,Low,Warehouse,3921,Investigating,Vehicle mechanical failure,Assigned alternate supplier,
RSK000324,SHP009856,15,220,839,10-04-2025,Warehouse,Storage Capacity Full,Medium,Customer,18023,Resolved,Vehicle mechanical failure,Route optimized,12-04-2025
RSK000325,SHP001880,22,485,453,25-04-2025,Financial,Currency Fluctuation,High,Warehouse,74829,Resolved,Vehicle mechanical failure,Additional quality inspection,05-05-2025
RSK000326,SHP005581,22,235,1607,19-09-2025,Logistics,Wrong Delivery,High,Customer,29190,Resolved,Poor demand forecasting,Warehouse maintenance completed,27-09-2025
RSK000327,SHP002648,11,78,808,26-01-2025,Product Quality,Damaged Goods,Low,Inventory,2396,Mitigated,Poor demand forecasting,Increased safety stock,29-01-2025
RSK000328,SHP001108,9,341,3749,02-01-2025,Logistics,Route Blockage,Low,Inventory,1315,Resolved,Vehicle mechanical failure,Expedited shipment,16-01-2025
RSK000329,SHP002816,6,84,1042,14-05-2025,Logistics,Shipment Delay,Low,Warehouse,3604,Resolved,Packaging quality issue,Increased safety stock,22-05-2025
RSK000330,SHP008075,3,421,1679,19-06-2025,Inventory,Overstock,Low,Warehouse,1936,Resolved,Customs clearance delay,Insurance claim initiated,23-06-2025
RSK000331,SHP012515,9,47,4366,31-07-2025,Inventory,Inventory Mismatch,Medium,Warehouse,18613,Resolved,Vehicle mechanical failure,Insurance claim initiated,03-08-2025
RSK000332,SHP009988,17,146,141,07-02-2025,Weather,Cyclone,Medium,Customer,19349,Resolved,Supplier production delay,Warehouse maintenance completed,16-02-2025
RSK000333,SHP001175,3,118,112,11-05-2025,Logistics,Wrong Delivery,Low,Inventory,805,Resolved,Incorrect inventory records,Route optimized,23-05-2025
RSK000334,SHP011688,12,2,176,02-12-2025,Inventory,Overstock,High,Shipment,36305,Resolved,Incorrect inventory records,Insurance claim initiated,07-12-2025
RSK000335,SHP005461,7,198,1354,20-08-2025,Transportation,Vehicle Breakdown,Medium,Shipment,6629,Mitigated,Heavy rainfall disrupted transport,Assigned alternate supplier,26-08-2025
RSK000336,SHP014292,22,170,262,18-09-2025,Supplier,Late Delivery,Medium,Customer,18229,Resolved,Supplier production delay,Warehouse maintenance completed,26-09-2025
RSK000337,SHP005768,3,92,2659,22-07-2025,Warehouse,Equipment Failure,Low,Inventory,4123,Resolved,Supplier production delay,Warehouse maintenance completed,31-07-2025
RSK000338,SHP002195,16,260,4167,31-12-2025,Supplier,Late Delivery,Critical,Supplier,152123,Mitigated,Heavy rainfall disrupted transport,Warehouse maintenance completed,10-01-2026
RSK000339,SHP008041,17,228,4640,05-10-2025,Warehouse,Equipment Failure,Medium,Shipment,19194,Resolved,Customs clearance delay,Expedited shipment,14-10-2025
RSK000340,SHP004415,7,304,4340,14-06-2025,Product Quality,Packaging Damage,Low,Shipment,1075,Resolved,Incorrect inventory records,Expedited shipment,27-06-2025
RSK000341,SHP011629,8,337,1904,05-11-2025,Inventory,Overstock,Medium,Customer,6403,Mitigated,Poor demand forecasting,Warehouse maintenance completed,18-11-2025
RSK000342,SHP011169,7,441,3115,11-08-2025,Logistics,Wrong Delivery,Low,Supplier,601,Investigating,Vehicle mechanical failure,Expedited shipment,
RSK000343,SHP004616,20,440,3787,15-01-2025,Supplier,Late Delivery,Medium,Shipment,20808,Mitigated,Supplier production delay,Increased safety stock,17-01-2025
RSK000344,SHP012950,17,348,4855,21-09-2025,Logistics,Lost Shipment,High,Inventory,77136,Investigating,Packaging quality issue,Additional quality inspection,
RSK000345,SHP002801,23,220,4183,24-09-2025,Logistics,Shipment Delay,Low,Warehouse,4048,Resolved,Incorrect inventory records,Increased safety stock,02-10-2025
RSK000346,SHP006076,10,183,2029,30-12-2025,Inventory,Stockout,Low,Warehouse,4324,Resolved,Customs clearance delay,Assigned alternate supplier,10-01-2026
RSK000347,SHP010415,4,318,2085,25-07-2025,Product Quality,Damaged Goods,Medium,Supplier,18418,Resolved,Supplier production delay,Emergency procurement completed,31-07-2025
RSK000348,SHP014685,8,414,3863,16-03-2025,Inventory,Stockout,High,Customer,32499,Resolved,Customs clearance delay,Route optimized,18-03-2025
RSK000349,SHP007970,6,182,327,11-10-2025,Supplier,Late Delivery,Medium,Customer,16637,Resolved,Warehouse power outage,Route optimized,17-10-2025
RSK000350,SHP008053,24,225,3260,25-10-2025,Supplier,Supplier Capacity Issue,Low,Inventory,916,Open,Incorrect inventory records,Increased safety stock,
RSK000351,SHP004457,4,201,4854,06-01-2025,Product Quality,Manufacturing Defect,Low,Supplier,4802,Resolved,Vehicle mechanical failure,Assigned alternate supplier,15-01-2025
RSK000352,SHP004425,18,168,3689,13-11-2025,Financial,Cost Increase,Low,Shipment,3550,Resolved,Customs clearance delay,Increased safety stock,21-11-2025
RSK000353,SHP005465,3,448,3849,15-03-2025,Financial,Cost Increase,Medium,Supplier,20332,Mitigated,Customs clearance delay,Assigned alternate supplier,24-03-2025
RSK000354,SHP012976,13,447,2598,04-03-2025,Warehouse,Power Failure,High,Shipment,62333,Open,Poor demand forecasting,Warehouse maintenance completed,
RSK000355,SHP004023,17,380,3268,27-11-2025,Logistics,Shipment Delay,Low,Supplier,2882,Resolved,Warehouse power outage,Additional quality inspection,30-11-2025
RSK000356,SHP008763,12,185,678,03-04-2025,Weather,Heavy Rain,Low,Shipment,1379,Mitigated,Warehouse power outage,Insurance claim initiated,07-04-2025
RSK000357,SHP008266,14,59,3143,12-03-2025,Warehouse,Power Failure,Medium,Inventory,19096,Mitigated,Vehicle mechanical failure,Warehouse maintenance completed,13-03-2025
RSK000358,SHP013869,5,119,2196,20-09-2025,Logistics,Route Blockage,High,Customer,34440,Resolved,Customs clearance delay,Warehouse maintenance completed,26-09-2025
RSK000359,SHP005566,15,380,1206,28-10-2025,Warehouse,Storage Capacity Full,Medium,Inventory,24058,Resolved,Vehicle mechanical failure,Emergency procurement completed,29-10-2025
RSK000360,SHP001969,8,43,4388,22-09-2025,Transportation,Traffic Congestion,Medium,Customer,12783,Investigating,Supplier production delay,Increased safety stock,
RSK000361,SHP007058,15,212,4315,07-07-2025,Inventory,Inventory Mismatch,Low,Warehouse,2045,Resolved,Customs clearance delay,Increased safety stock,10-07-2025
RSK000362,SHP001968,20,353,546,21-11-2025,Logistics,Route Blockage,Low,Shipment,2455,Resolved,Vehicle mechanical failure,Route optimized,28-11-2025
RSK000363,SHP005740,10,391,3832,20-09-2025,Inventory,Inventory Mismatch,High,Supplier,29061,Open,Incorrect inventory records,Assigned alternate supplier,
RSK000364,SHP006454,9,6,1493,19-07-2025,Financial,Currency Fluctuation,Medium,Inventory,15312,Resolved,Incorrect inventory records,Insurance claim initiated,25-07-2025
RSK000365,SHP008637,6,47,2765,02-10-2025,Weather,Cyclone,Low,Inventory,3232,Resolved,Warehouse power outage,Emergency procurement completed,08-10-2025
RSK000366,SHP008738,23,59,3986,21-12-2025,Warehouse,Equipment Failure,Medium,Supplier,6936,Investigating,Warehouse power outage,Additional quality inspection,
RSK000367,SHP002471,20,246,491,09-02-2025,Supplier,Material Shortage,Low,Supplier,3781,Resolved,Warehouse power outage,Additional quality inspection,20-02-2025
RSK000368,SHP001151,6,455,3787,07-05-2025,Supplier,Material Shortage,Critical,Supplier,269762,Mitigated,Poor demand forecasting,Increased safety stock,18-05-2025
RSK000369,SHP004648,7,11,1763,19-08-2025,Inventory,Inventory Mismatch,Low,Shipment,1729,Resolved,Customs clearance delay,Additional quality inspection,30-08-2025
RSK000370,SHP002075,18,152,3530,28-09-2025,Logistics,Shipment Delay,Low,Customer,742,Resolved,Vehicle mechanical failure,Expedited shipment,04-10-2025
RSK000371,SHP000445,15,484,1329,22-04-2025,Inventory,Inventory Mismatch,Medium,Inventory,22616,Open,Warehouse power outage,Increased safety stock,
RSK000372,SHP000864,13,175,656,19-08-2025,Inventory,Inventory Mismatch,Low,Warehouse,1434,Resolved,Poor demand forecasting,Increased safety stock,27-08-2025
RSK000373,SHP000662,6,448,4575,07-01-2025,Financial,Currency Fluctuation,Medium,Supplier,20980,Resolved,Incorrect inventory records,Increased safety stock,08-01-2025
RSK000374,SHP006244,1,71,2036,09-08-2025,Supplier,Late Delivery,Medium,Supplier,10362,Open,Supplier production delay,Assigned alternate supplier,
RSK000375,SHP005528,12,442,4738,01-02-2025,Supplier,Late Delivery,Medium,Warehouse,14278,Resolved,Packaging quality issue,Insurance claim initiated,04-02-2025
RSK000376,SHP002196,6,486,1931,18-06-2025,Inventory,Overstock,Low,Supplier,3524,Mitigated,Packaging quality issue,Additional quality inspection,01-07-2025
RSK000377,SHP013301,24,138,3078,17-03-2025,Inventory,Stockout,High,Inventory,29790,Mitigated,Heavy rainfall disrupted transport,Additional quality inspection,20-03-2025
RSK000378,SHP000194,6,496,3763,29-07-2025,Inventory,Stockout,High,Customer,99774,Resolved,Poor demand forecasting,Insurance claim initiated,02-08-2025
RSK000379,SHP007544,21,315,11,20-02-2025,Logistics,Shipment Delay,Low,Shipment,4103,Resolved,Vehicle mechanical failure,Expedited shipment,03-03-2025
RSK000380,SHP002958,4,28,3333,26-06-2025,Logistics,Route Blockage,Low,Shipment,1715,Resolved,Customs clearance delay,Increased safety stock,02-07-2025
RSK000381,SHP012094,9,402,3179,28-05-2025,Supplier,Supplier Capacity Issue,Low,Supplier,1424,Mitigated,Packaging quality issue,Emergency procurement completed,01-06-2025
RSK000382,SHP013149,23,104,4002,07-09-2025,Warehouse,Power Failure,Low,Supplier,3585,Mitigated,Customs clearance delay,Insurance claim initiated,11-09-2025
RSK000383,SHP002493,17,227,214,07-10-2025,Product Quality,Packaging Damage,Medium,Supplier,11102,Investigating,Customs clearance delay,Increased safety stock,
RSK000384,SHP008813,15,73,2101,28-10-2025,Logistics,Route Blockage,High,Inventory,61085,Open,Incorrect inventory records,Route optimized,
RSK000385,SHP000171,22,66,4165,22-07-2025,Warehouse,Storage Capacity Full,Low,Inventory,2073,Resolved,Warehouse power outage,Expedited shipment,03-08-2025
RSK000386,SHP013769,20,446,3365,13-09-2025,Logistics,Shipment Delay,Critical,Customer,370445,Resolved,Packaging quality issue,Insurance claim initiated,23-09-2025
RSK000387,SHP008803,19,378,3889,07-03-2025,Product Quality,Damaged Goods,Low,Inventory,724,Resolved,Customs clearance delay,Additional quality inspection,11-03-2025
RSK000388,SHP000182,25,321,2711,09-05-2025,Supplier,Material Shortage,Medium,Supplier,21883,Investigating,Packaging quality issue,Warehouse maintenance completed,
RSK000389,SHP003085,5,291,4839,08-11-2025,Inventory,Overstock,Medium,Supplier,8566,Mitigated,Poor demand forecasting,Emergency procurement completed,21-11-2025
RSK000390,SHP012462,21,101,3589,20-06-2025,Warehouse,Power Failure,Medium,Customer,5953,Resolved,Vehicle mechanical failure,Assigned alternate supplier,28-06-2025
RSK000391,SHP004037,12,418,4540,29-01-2025,Logistics,Shipment Delay,Low,Warehouse,2677,Resolved,Customs clearance delay,Expedited shipment,05-02-2025
RSK000392,SHP010770,19,3,2405,14-03-2025,Logistics,Lost Shipment,Medium,Warehouse,11230,Resolved,Customs clearance delay,Route optimized,20-03-2025
RSK000393,SHP010884,15,366,1534,15-05-2025,Inventory,Overstock,Medium,Inventory,9957,Mitigated,Poor demand forecasting,Insurance claim initiated,27-05-2025
RSK000394,SHP004810,19,225,3988,28-06-2025,Logistics,Wrong Delivery,Medium,Customer,10344,Resolved,Poor demand forecasting,Warehouse maintenance completed,12-07-2025
RSK000395,SHP013260,11,277,1507,25-05-2025,Product Quality,Manufacturing Defect,Low,Inventory,936,Investigating,Heavy rainfall disrupted transport,Assigned alternate supplier,
RSK000396,SHP004076,5,251,1808,02-06-2025,Inventory,Overstock,Medium,Supplier,6928,Resolved,Heavy rainfall disrupted transport,Route optimized,07-06-2025
RSK000397,SHP011565,7,68,2343,02-05-2025,Logistics,Route Blockage,Medium,Warehouse,11229,Resolved,Warehouse power outage,Additional quality inspection,09-05-2025
RSK000398,SHP011166,19,411,1562,13-02-2025,Supplier,Late Delivery,Low,Inventory,3402,Investigating,Heavy rainfall disrupted transport,Assigned alternate supplier,
RSK000399,SHP013595,23,300,2999,22-03-2025,Inventory,Stockout,Low,Customer,3318,Resolved,Poor demand forecasting,Route optimized,03-04-2025
RSK000400,SHP003490,7,371,3136,10-03-2025,Logistics,Route Blockage,Medium,Inventory,22034,Resolved,Incorrect inventory records,Route optimized,24-03-2025
RSK000401,SHP014890,5,70,491,05-01-2025,Warehouse,Fire Alarm,High,Inventory,93162,Resolved,Packaging quality issue,Expedited shipment,15-01-2025
RSK000402,SHP008540,21,182,4380,18-08-2025,Warehouse,Storage Capacity Full,Medium,Customer,9018,Resolved,Supplier production delay,Increased safety stock,28-08-2025
RSK000403,SHP012597,25,333,2508,25-09-2025,Weather,Cyclone,High,Inventory,84956,Resolved,Vehicle mechanical failure,Assigned alternate supplier,09-10-2025
RSK000404,SHP002167,12,396,3939,10-01-2025,Transportation,Fuel Shortage,Medium,Warehouse,23557,Open,Customs clearance delay,Additional quality inspection,
RSK000405,SHP010460,14,130,2522,04-02-2025,Supplier,Material Shortage,Medium,Warehouse,24456,Open,Poor demand forecasting,Additional quality inspection,
RSK000406,SHP002180,22,474,2245,16-07-2025,Product Quality,Damaged Goods,Low,Customer,3415,Resolved,Packaging quality issue,Additional quality inspection,29-07-2025
RSK000407,SHP013267,4,157,4048,20-04-2025,Logistics,Shipment Delay,Medium,Inventory,17869,Resolved,Warehouse power outage,Additional quality inspection,23-04-2025
RSK000408,SHP012107,15,2,2473,15-07-2025,Logistics,Shipment Delay,Medium,Customer,16012,Resolved,Vehicle mechanical failure,Additional quality inspection,18-07-2025
RSK000409,SHP005301,11,497,2440,15-12-2025,Weather,Heavy Rain,Low,Customer,3959,Mitigated,Packaging quality issue,Warehouse maintenance completed,28-12-2025
RSK000410,SHP005937,16,132,3970,05-07-2025,Warehouse,Fire Alarm,Medium,Customer,17240,Resolved,Incorrect inventory records,Emergency procurement completed,08-07-2025
RSK000411,SHP010612,7,433,3148,02-10-2025,Warehouse,Power Failure,Low,Warehouse,1257,Resolved,Supplier production delay,Warehouse maintenance completed,16-10-2025
RSK000412,SHP002059,9,345,87,22-10-2025,Warehouse,Power Failure,Low,Inventory,1734,Resolved,Heavy rainfall disrupted transport,Expedited shipment,02-11-2025
RSK000413,SHP013127,2,19,4970,18-02-2025,Inventory,Inventory Mismatch,High,Shipment,61136,Resolved,Incorrect inventory records,Assigned alternate supplier,19-02-2025
RSK000414,SHP003743,20,389,725,23-07-2025,Inventory,Overstock,High,Inventory,98887,Resolved,Customs clearance delay,Expedited shipment,26-07-2025
RSK000415,SHP011460,16,406,3854,09-10-2025,Supplier,Late Delivery,Low,Warehouse,4246,Mitigated,Heavy rainfall disrupted transport,Warehouse maintenance completed,12-10-2025
RSK000416,SHP002987,22,493,4233,13-07-2025,Supplier,Material Shortage,Low,Shipment,2022,Mitigated,Packaging quality issue,Increased safety stock,20-07-2025
RSK000417,SHP001634,11,159,4543,24-11-2025,Supplier,Material Shortage,Low,Warehouse,2322,Resolved,Customs clearance delay,Insurance claim initiated,28-11-2025
RSK000418,SHP009487,25,351,508,06-11-2025,Inventory,Inventory Mismatch,Medium,Inventory,6660,Investigating,Packaging quality issue,Expedited shipment,
RSK000419,SHP004693,23,489,829,10-12-2025,Logistics,Shipment Delay,Low,Customer,1821,Investigating,Warehouse power outage,Expedited shipment,
RSK000420,SHP014285,10,376,1716,11-11-2025,Financial,Cost Increase,Low,Inventory,2153,Mitigated,Customs clearance delay,Insurance claim initiated,15-11-2025
RSK000421,SHP013260,7,25,67,30-07-2025,Logistics,Lost Shipment,Low,Customer,2332,Resolved,Customs clearance delay,Insurance claim initiated,08-08-2025
RSK000422,SHP008003,21,162,4865,20-05-2025,Inventory,Stockout,Low,Inventory,1721,Resolved,Supplier production delay,Emergency procurement completed,31-05-2025
RSK000423,SHP008666,3,69,1616,07-07-2025,Logistics,Shipment Delay,Medium,Warehouse,11641,Mitigated,Vehicle mechanical failure,Assigned alternate supplier,18-07-2025
RSK000424,SHP012453,15,110,2081,03-06-2025,Product Quality,Damaged Goods,Low,Customer,1541,Resolved,Packaging quality issue,Additional quality inspection,06-06-2025
RSK000425,SHP004224,2,85,3069,14-04-2025,Logistics,Shipment Delay,High,Inventory,37697,Mitigated,Customs clearance delay,Expedited shipment,18-04-2025
RSK000426,SHP014343,9,345,2597,23-12-2025,Supplier,Supplier Capacity Issue,Medium,Warehouse,17555,Resolved,Warehouse power outage,Route optimized,04-01-2026
RSK000427,SHP001190,16,301,780,03-03-2025,Logistics,Route Blockage,Low,Customer,1637,Resolved,Supplier production delay,Expedited shipment,17-03-2025
RSK000428,SHP011885,16,32,1994,02-02-2025,Inventory,Overstock,Low,Inventory,3224,Resolved,Warehouse power outage,Increased safety stock,08-02-2025
RSK000429,SHP004611,8,245,3834,18-11-2025,Supplier,Late Delivery,Medium,Customer,17091,Resolved,Poor demand forecasting,Route optimized,24-11-2025
RSK000430,SHP009306,15,312,4248,18-06-2025,Logistics,Route Blockage,Low,Inventory,3744,Resolved,Vehicle mechanical failure,Additional quality inspection,22-06-2025
RSK000431,SHP012726,10,299,1355,24-01-2025,Logistics,Shipment Delay,Medium,Supplier,16186,Resolved,Customs clearance delay,Assigned alternate supplier,05-02-2025
RSK000432,SHP008547,24,192,2522,21-10-2025,Logistics,Wrong Delivery,Low,Warehouse,986,Resolved,Packaging quality issue,Additional quality inspection,28-10-2025
RSK000433,SHP000801,5,97,3483,27-02-2025,Supplier,Material Shortage,High,Inventory,84033,Resolved,Poor demand forecasting,Route optimized,06-03-2025
RSK000434,SHP001146,23,308,727,21-08-2025,Logistics,Route Blockage,Low,Inventory,1775,Resolved,Heavy rainfall disrupted transport,Additional quality inspection,23-08-2025
RSK000435,SHP011065,4,389,1655,24-11-2025,Inventory,Inventory Mismatch,High,Inventory,31146,Mitigated,Heavy rainfall disrupted transport,Emergency procurement completed,30-11-2025
RSK000436,SHP008647,2,15,2302,01-09-2025,Supplier,Late Delivery,Low,Customer,566,Resolved,Packaging quality issue,Expedited shipment,04-09-2025
RSK000437,SHP014632,16,198,2286,26-02-2025,Inventory,Overstock,Medium,Shipment,15530,Mitigated,Warehouse power outage,Insurance claim initiated,05-03-2025
RSK000438,SHP006173,13,355,361,08-08-2025,Inventory,Overstock,Low,Customer,2780,Resolved,Poor demand forecasting,Route optimized,13-08-2025
RSK000439,SHP010695,10,69,4216,30-09-2025,Inventory,Inventory Mismatch,Low,Shipment,4715,Resolved,Packaging quality issue,Warehouse maintenance completed,06-10-2025
RSK000440,SHP001239,10,272,2339,03-07-2025,Product Quality,Packaging Damage,Low,Customer,2259,Resolved,Warehouse power outage,Expedited shipment,09-07-2025
RSK000441,SHP002218,21,118,2587,21-10-2025,Logistics,Shipment Delay,Low,Shipment,1802,Mitigated,Incorrect inventory records,Route optimized,28-10-2025
RSK000442,SHP005035,4,320,4780,07-05-2025,Logistics,Shipment Delay,Critical,Warehouse,372701,Resolved,Customs clearance delay,Assigned alternate supplier,15-05-2025
RSK000443,SHP012431,8,366,2280,24-10-2025,Logistics,Route Blockage,Low,Inventory,2488,Mitigated,Warehouse power outage,Increased safety stock,27-10-2025
RSK000444,SHP006463,24,462,1834,16-01-2025,Inventory,Overstock,Medium,Shipment,12685,Resolved,Incorrect inventory records,Assigned alternate supplier,29-01-2025
RSK000445,SHP000703,3,347,1809,02-07-2025,Logistics,Shipment Delay,Medium,Warehouse,23255,Resolved,Warehouse power outage,Increased safety stock,12-07-2025
RSK000446,SHP005487,16,349,4318,05-12-2025,Warehouse,Power Failure,Low,Inventory,4692,Resolved,Poor demand forecasting,Route optimized,12-12-2025
RSK000447,SHP011219,15,477,2112,16-04-2025,Inventory,Inventory Mismatch,Low,Inventory,2652,Mitigated,Poor demand forecasting,Expedited shipment,29-04-2025
RSK000448,SHP003955,6,127,10,06-01-2025,Logistics,Route Blockage,Critical,Supplier,371220,Resolved,Warehouse power outage,Insurance claim initiated,12-01-2025
RSK000449,SHP003564,13,305,1002,12-07-2025,Inventory,Overstock,Critical,Supplier,385591,Investigating,Supplier production delay,Increased safety stock,
RSK000450,SHP001452,9,161,4420,08-04-2025,Supplier,Material Shortage,High,Inventory,77263,Resolved,Packaging quality issue,Warehouse maintenance completed,20-04-2025
RSK000451,SHP013621,7,334,794,06-09-2025,Transportation,Vehicle Breakdown,Low,Customer,4228,Resolved,Warehouse power outage,Assigned alternate supplier,15-09-2025
RSK000452,SHP002667,6,81,2897,18-11-2025,Logistics,Shipment Delay,Medium,Warehouse,8912,Resolved,Vehicle mechanical failure,Insurance claim initiated,20-11-2025
RSK000453,SHP005370,22,107,1437,04-10-2025,Inventory,Inventory Mismatch,High,Inventory,59648,Resolved,Heavy rainfall disrupted transport,Increased safety stock,11-10-2025
RSK000454,SHP013029,12,276,3518,27-06-2025,Inventory,Stockout,Medium,Shipment,8580,Investigating,Incorrect inventory records,Increased safety stock,
RSK000455,SHP002276,22,352,3331,24-09-2025,Logistics,Shipment Delay,Medium,Supplier,8123,Investigating,Heavy rainfall disrupted transport,Route optimized,
RSK000456,SHP005293,9,120,4132,10-03-2025,Inventory,Inventory Mismatch,Low,Supplier,2768,Resolved,Heavy rainfall disrupted transport,Emergency procurement completed,17-03-2025
RSK000457,SHP005411,10,325,4842,06-11-2025,Inventory,Stockout,High,Customer,72835,Resolved,Customs clearance delay,Expedited shipment,19-11-2025
RSK000458,SHP009112,7,106,537,03-04-2025,Warehouse,Storage Capacity Full,Low,Inventory,3695,Investigating,Warehouse power outage,Insurance claim initiated,
RSK000459,SHP014021,2,21,3211,08-11-2025,Transportation,Traffic Congestion,Low,Customer,1159,Resolved,Supplier production delay,Emergency procurement completed,22-11-2025
RSK000460,SHP003874,24,38,155,12-05-2025,Logistics,Wrong Delivery,Medium,Shipment,19113,Resolved,Supplier production delay,Increased safety stock,23-05-2025
RSK000461,SHP014800,13,235,2698,23-07-2025,Logistics,Lost Shipment,Medium,Supplier,8968,Resolved,Packaging quality issue,Expedited shipment,04-08-2025
RSK000462,SHP013094,16,343,326,17-06-2025,Supplier,Supplier Capacity Issue,Low,Inventory,4496,Open,Incorrect inventory records,Expedited shipment,
RSK000463,SHP004128,17,297,4280,29-08-2025,Product Quality,Damaged Goods,Low,Inventory,1679,Resolved,Supplier production delay,Increased safety stock,12-09-2025
RSK000464,SHP002956,17,44,203,11-07-2025,Logistics,Route Blockage,Medium,Customer,5316,Investigating,Incorrect inventory records,Insurance claim initiated,
RSK000465,SHP013495,8,40,2584,28-12-2025,Inventory,Overstock,High,Customer,68749,Resolved,Customs clearance delay,Route optimized,05-01-2026
RSK000466,SHP006936,20,460,4711,20-01-2025,Inventory,Overstock,High,Shipment,86594,Investigating,Supplier production delay,Insurance claim initiated,
RSK000467,SHP009957,14,8,2237,20-02-2025,Logistics,Shipment Delay,Medium,Customer,13502,Resolved,Heavy rainfall disrupted transport,Increased safety stock,03-03-2025
RSK000468,SHP012864,11,377,1326,25-07-2025,Supplier,Material Shortage,Low,Warehouse,2091,Resolved,Warehouse power outage,Increased safety stock,26-07-2025
RSK000469,SHP000770,22,485,3074,26-12-2025,Inventory,Stockout,Medium,Warehouse,18869,Investigating,Supplier production delay,Insurance claim initiated,
RSK000470,SHP010600,8,448,2421,08-02-2025,Product Quality,Damaged Goods,Low,Supplier,4938,Resolved,Packaging quality issue,Increased safety stock,18-02-2025
RSK000471,SHP005155,10,6,1760,28-03-2025,Inventory,Overstock,Medium,Customer,9095,Resolved,Supplier production delay,Additional quality inspection,30-03-2025
RSK000472,SHP004060,4,460,134,23-09-2025,Financial,Currency Fluctuation,Low,Warehouse,4052,Resolved,Packaging quality issue,Route optimized,06-10-2025
RSK000473,SHP002116,3,249,2656,20-08-2025,Logistics,Wrong Delivery,Low,Customer,1748,Resolved,Heavy rainfall disrupted transport,Insurance claim initiated,01-09-2025
RSK000474,SHP005205,10,389,2882,23-09-2025,Supplier,Supplier Capacity Issue,High,Inventory,95837,Investigating,Customs clearance delay,Assigned alternate supplier,
RSK000475,SHP007445,9,213,1246,01-04-2025,Logistics,Lost Shipment,Low,Warehouse,1516,Investigating,Incorrect inventory records,Insurance claim initiated,
RSK000476,SHP002288,2,266,2684,27-07-2025,Transportation,Fuel Shortage,Low,Inventory,4177,Resolved,Customs clearance delay,Increased safety stock,08-08-2025
RSK000477,SHP003472,9,70,4648,11-03-2025,Inventory,Overstock,Low,Warehouse,4168,Resolved,Warehouse power outage,Insurance claim initiated,20-03-2025
RSK000478,SHP002389,4,471,3681,22-09-2025,Warehouse,Power Failure,Medium,Supplier,13021,Investigating,Vehicle mechanical failure,Insurance claim initiated,
RSK000479,SHP001648,14,111,3792,12-11-2025,Logistics,Route Blockage,Low,Warehouse,4859,Mitigated,Heavy rainfall disrupted transport,Increased safety stock,14-11-2025
RSK000480,SHP012872,8,445,4382,28-05-2025,Supplier,Late Delivery,Medium,Inventory,21693,Resolved,Incorrect inventory records,Route optimized,11-06-2025
RSK000481,SHP008362,7,23,85,20-02-2025,Logistics,Shipment Delay,Low,Customer,4789,Resolved,Poor demand forecasting,Insurance claim initiated,26-02-2025
RSK000482,SHP012383,12,190,3041,15-07-2025,Inventory,Overstock,Medium,Supplier,7818,Resolved,Incorrect inventory records,Assigned alternate supplier,24-07-2025
RSK000483,SHP000049,12,129,1159,05-01-2025,Logistics,Wrong Delivery,Low,Supplier,1324,Resolved,Packaging quality issue,Warehouse maintenance completed,11-01-2025
RSK000484,SHP007468,25,146,529,27-07-2025,Weather,Flood,Low,Supplier,1459,Investigating,Warehouse power outage,Route optimized,
RSK000485,SHP000405,24,3,2859,11-03-2025,Inventory,Inventory Mismatch,Low,Customer,3493,Resolved,Customs clearance delay,Additional quality inspection,24-03-2025
RSK000486,SHP006711,20,25,3049,05-07-2025,Logistics,Shipment Delay,Medium,Warehouse,13573,Resolved,Poor demand forecasting,Expedited shipment,10-07-2025
RSK000487,SHP004539,18,301,3145,04-09-2025,Product Quality,Manufacturing Defect,Low,Inventory,1454,Investigating,Vehicle mechanical failure,Assigned alternate supplier,
RSK000488,SHP000972,1,201,1873,17-05-2025,Supplier,Supplier Capacity Issue,Low,Supplier,3807,Resolved,Warehouse power outage,Warehouse maintenance completed,18-05-2025
RSK000489,SHP007512,20,124,420,25-09-2025,Logistics,Route Blockage,Medium,Inventory,13172,Resolved,Packaging quality issue,Assigned alternate supplier,08-10-2025
RSK000490,SHP001005,13,266,1473,13-11-2025,Weather,Flood,Low,Inventory,629,Resolved,Heavy rainfall disrupted transport,Additional quality inspection,20-11-2025
RSK000491,SHP014271,20,88,2308,02-10-2025,Logistics,Route Blockage,Low,Supplier,1869,Mitigated,Heavy rainfall disrupted transport,Insurance claim initiated,06-10-2025
RSK000492,SHP009977,2,389,2732,31-05-2025,Supplier,Late Delivery,Low,Supplier,3985,Resolved,Vehicle mechanical failure,Warehouse maintenance completed,12-06-2025
RSK000493,SHP009849,24,500,2442,14-09-2025,Supplier,Material Shortage,Medium,Warehouse,19529,Resolved,Packaging quality issue,Increased safety stock,20-09-2025
RSK000494,SHP010252,7,345,3101,18-08-2025,Logistics,Wrong Delivery,Low,Warehouse,819,Investigating,Supplier production delay,Warehouse maintenance completed,
RSK000495,SHP004809,17,287,2289,22-09-2025,Inventory,Inventory Mismatch,High,Shipment,44458,Open,Customs clearance delay,Emergency procurement completed,
RSK000496,SHP003502,8,249,226,17-06-2025,Inventory,Overstock,Low,Inventory,2167,Mitigated,Incorrect inventory records,Expedited shipment,26-06-2025
RSK000497,SHP012151,20,165,31,21-09-2025,Product Quality,Damaged Goods,Medium,Supplier,16839,Resolved,Warehouse power outage,Increased safety stock,29-09-2025
RSK000498,SHP003130,17,50,1258,23-10-2025,Logistics,Route Blockage,Low,Warehouse,1426,Mitigated,Supplier production delay,Increased safety stock,27-10-2025
RSK000499,SHP002641,3,242,4083,22-03-2025,Logistics,Lost Shipment,Medium,Customer,12248,Resolved,Packaging quality issue,Increased safety stock,23-03-2025
RSK000500,SHP012638,5,171,3023,30-11-2025,Supplier,Late Delivery,Low,Warehouse,2474,Open,Vehicle mechanical failure,Warehouse maintenance completed,
RSK000501,SHP005208,1,467,1813,20-01-2025,Product Quality,Damaged Goods,Medium,Customer,8900,Resolved,Vehicle mechanical failure,Assigned alternate supplier,01-02-2025
RSK000502,SHP003366,10,221,871,11-09-2025,Logistics,Wrong Delivery,Medium,Inventory,10061,Resolved,Packaging quality issue,Warehouse maintenance completed,21-09-2025
RSK000503,SHP003429,2,5,1031,27-10-2025,Inventory,Stockout,Low,Customer,4753,Resolved,Warehouse power outage,Insurance claim initiated,28-10-2025
RSK000504,SHP008903,16,64,4496,23-05-2025,Product Quality,Packaging Damage,High,Shipment,65723,Open,Supplier production delay,Warehouse maintenance completed,
RSK000505,SHP013125,5,24,3277,30-06-2025,Logistics,Route Blockage,Medium,Supplier,13119,Resolved,Heavy rainfall disrupted transport,Expedited shipment,08-07-2025
RSK000506,SHP014116,12,383,4474,11-05-2025,Inventory,Inventory Mismatch,Low,Shipment,798,Resolved,Supplier production delay,Assigned alternate supplier,12-05-2025
RSK000507,SHP006554,2,189,3762,20-12-2025,Inventory,Inventory Mismatch,Low,Customer,1515,Resolved,Poor demand forecasting,Expedited shipment,29-12-2025
RSK000508,SHP003988,16,127,4428,13-11-2025,Logistics,Shipment Delay,Low,Supplier,1774,Resolved,Vehicle mechanical failure,Insurance claim initiated,20-11-2025
RSK000509,SHP005367,15,368,2179,20-04-2025,Supplier,Late Delivery,Medium,Shipment,12715,Mitigated,Packaging quality issue,Additional quality inspection,29-04-2025
RSK000510,SHP000909,18,294,4481,01-12-2025,Logistics,Route Blockage,Low,Customer,1727,Mitigated,Heavy rainfall disrupted transport,Expedited shipment,07-12-2025
RSK000511,SHP005600,10,351,2116,16-02-2025,Inventory,Inventory Mismatch,Medium,Shipment,11557,Resolved,Incorrect inventory records,Route optimized,18-02-2025
RSK000512,SHP007908,10,418,4051,05-02-2025,Logistics,Route Blockage,Medium,Shipment,14029,Investigating,Packaging quality issue,Warehouse maintenance completed,
RSK000513,SHP005385,22,332,3533,17-07-2025,Logistics,Route Blockage,Medium,Customer,7866,Resolved,Warehouse power outage,Route optimized,27-07-2025
RSK000514,SHP002003,22,435,3089,07-09-2025,Warehouse,Power Failure,High,Inventory,94621,Resolved,Customs clearance delay,Warehouse maintenance completed,12-09-2025
RSK000515,SHP008863,13,430,3977,16-10-2025,Product Quality,Damaged Goods,High,Shipment,40550,Mitigated,Vehicle mechanical failure,Assigned alternate supplier,18-10-2025
RSK000516,SHP001838,19,370,2305,11-02-2025,Inventory,Inventory Mismatch,High,Supplier,92879,Mitigated,Poor demand forecasting,Route optimized,15-02-2025
RSK000517,SHP004783,6,435,4223,31-07-2025,Logistics,Wrong Delivery,Critical,Customer,393871,Investigating,Supplier production delay,Emergency procurement completed,
RSK000518,SHP008912,7,209,2111,09-04-2025,Logistics,Wrong Delivery,Low,Customer,3034,Resolved,Warehouse power outage,Insurance claim initiated,18-04-2025
RSK000519,SHP013457,21,494,2046,02-01-2025,Logistics,Shipment Delay,High,Warehouse,26847,Resolved,Supplier production delay,Assigned alternate supplier,05-01-2025
RSK000520,SHP013755,23,456,1708,24-03-2025,Logistics,Route Blockage,Low,Warehouse,1934,Investigating,Supplier production delay,Increased safety stock,
RSK000521,SHP002034,15,205,3338,23-06-2025,Product Quality,Packaging Damage,Low,Customer,4187,Investigating,Heavy rainfall disrupted transport,Assigned alternate supplier,
RSK000522,SHP009834,14,162,1996,13-08-2025,Inventory,Inventory Mismatch,High,Warehouse,51594,Investigating,Vehicle mechanical failure,Emergency procurement completed,
RSK000523,SHP013378,7,467,597,12-06-2025,Product Quality,Manufacturing Defect,Low,Customer,4305,Mitigated,Poor demand forecasting,Assigned alternate supplier,14-06-2025
RSK000524,SHP005755,20,23,1506,08-10-2025,Logistics,Shipment Delay,High,Customer,69624,Resolved,Heavy rainfall disrupted transport,Increased safety stock,21-10-2025
RSK000525,SHP004021,15,307,2662,04-04-2025,Warehouse,Storage Capacity Full,Low,Shipment,587,Resolved,Incorrect inventory records,Increased safety stock,14-04-2025
RSK000526,SHP002686,22,224,3821,19-07-2025,Logistics,Shipment Delay,Low,Supplier,1258,Mitigated,Customs clearance delay,Increased safety stock,02-08-2025
RSK000527,SHP013033,9,229,143,09-07-2025,Weather,Flood,Low,Supplier,4744,Resolved,Supplier production delay,Insurance claim initiated,13-07-2025
RSK000528,SHP012040,1,135,90,29-01-2025,Logistics,Shipment Delay,Medium,Warehouse,24814,Resolved,Vehicle mechanical failure,Additional quality inspection,11-02-2025
RSK000529,SHP007286,3,197,3236,30-01-2025,Logistics,Lost Shipment,Medium,Shipment,16201,Mitigated,Heavy rainfall disrupted transport,Additional quality inspection,04-02-2025
RSK000530,SHP008754,6,286,1156,26-04-2025,Weather,Flood,Low,Inventory,4441,Resolved,Packaging quality issue,Route optimized,10-05-2025
RSK000531,SHP013166,19,346,4274,12-09-2025,Inventory,Overstock,Low,Customer,2947,Investigating,Heavy rainfall disrupted transport,Increased safety stock,
RSK000532,SHP006330,7,167,1471,25-08-2025,Logistics,Route Blockage,Low,Inventory,1110,Mitigated,Poor demand forecasting,Insurance claim initiated,28-08-2025
RSK000533,SHP000755,8,35,3513,10-03-2025,Product Quality,Manufacturing Defect,Low,Supplier,723,Resolved,Packaging quality issue,Increased safety stock,11-03-2025
RSK000534,SHP008087,9,228,1919,18-03-2025,Logistics,Route Blockage,Medium,Customer,17175,Investigating,Customs clearance delay,Assigned alternate supplier,
RSK000535,SHP009614,9,347,3874,15-10-2025,Logistics,Lost Shipment,Low,Inventory,3043,Resolved,Heavy rainfall disrupted transport,Increased safety stock,29-10-2025
RSK000536,SHP000576,2,491,126,25-01-2025,Logistics,Route Blockage,Low,Warehouse,3900,Resolved,Vehicle mechanical failure,Insurance claim initiated,29-01-2025
RSK000537,SHP010787,8,427,722,05-05-2025,Supplier,Material Shortage,High,Inventory,56365,Resolved,Warehouse power outage,Insurance claim initiated,12-05-2025
RSK000538,SHP000992,13,277,3320,05-04-2025,Logistics,Lost Shipment,High,Warehouse,61714,Resolved,Warehouse power outage,Assigned alternate supplier,13-04-2025
RSK000539,SHP009301,22,26,1192,31-07-2025,Transportation,Vehicle Breakdown,Low,Supplier,1234,Resolved,Warehouse power outage,Emergency procurement completed,05-08-2025
RSK000540,SHP006164,20,339,3693,16-04-2025,Product Quality,Packaging Damage,High,Inventory,82744,Resolved,Supplier production delay,Emergency procurement completed,21-04-2025
RSK000541,SHP014410,12,462,3082,14-08-2025,Warehouse,Power Failure,Low,Warehouse,1287,Mitigated,Customs clearance delay,Emergency procurement completed,28-08-2025
RSK000542,SHP011756,18,219,1907,05-01-2025,Weather,Flood,Low,Customer,2379,Investigating,Poor demand forecasting,Emergency procurement completed,
RSK000543,SHP005652,12,246,3341,03-08-2025,Warehouse,Fire Alarm,Low,Customer,2759,Resolved,Supplier production delay,Additional quality inspection,04-08-2025
RSK000544,SHP014511,20,271,1841,17-01-2025,Inventory,Overstock,High,Inventory,30028,Resolved,Poor demand forecasting,Expedited shipment,31-01-2025
RSK000545,SHP005976,6,190,1599,31-07-2025,Warehouse,Fire Alarm,High,Warehouse,32300,Resolved,Packaging quality issue,Warehouse maintenance completed,14-08-2025
RSK000546,SHP004403,23,169,3906,07-12-2025,Warehouse,Power Failure,Medium,Customer,15625,Resolved,Poor demand forecasting,Emergency procurement completed,15-12-2025
RSK000547,SHP005877,20,372,308,02-05-2025,Logistics,Shipment Delay,Medium,Inventory,21841,Resolved,Packaging quality issue,Route optimized,03-05-2025
RSK000548,SHP006727,9,310,2420,16-06-2025,Weather,Heavy Rain,Low,Inventory,4380,Resolved,Customs clearance delay,Expedited shipment,24-06-2025
RSK000549,SHP012728,7,399,3992,13-12-2025,Inventory,Inventory Mismatch,Medium,Customer,7160,Mitigated,Poor demand forecasting,Assigned alternate supplier,19-12-2025
RSK000550,SHP008527,16,194,3543,10-03-2025,Weather,Flood,Low,Shipment,4915,Resolved,Packaging quality issue,Assigned alternate supplier,12-03-2025
RSK000551,SHP006889,6,391,1185,26-10-2025,Logistics,Route Blockage,Low,Customer,4155,Open,Poor demand forecasting,Route optimized,
RSK000552,SHP013202,9,139,3208,04-11-2025,Product Quality,Manufacturing Defect,Medium,Inventory,7023,Resolved,Warehouse power outage,Route optimized,09-11-2025
RSK000553,SHP010556,19,495,3436,16-12-2025,Supplier,Material Shortage,High,Warehouse,83332,Mitigated,Warehouse power outage,Route optimized,18-12-2025
RSK000554,SHP000759,18,86,4123,10-04-2025,Logistics,Shipment Delay,Low,Inventory,4852,Mitigated,Supplier production delay,Assigned alternate supplier,14-04-2025
RSK000555,SHP001478,4,221,1346,26-06-2025,Logistics,Shipment Delay,High,Warehouse,57855,Resolved,Packaging quality issue,Emergency procurement completed,02-07-2025
RSK000556,SHP001285,13,149,4784,29-08-2025,Supplier,Material Shortage,Medium,Shipment,18204,Resolved,Packaging quality issue,Insurance claim initiated,30-08-2025
RSK000557,SHP013858,5,416,1907,05-09-2025,Supplier,Material Shortage,Low,Shipment,1643,Resolved,Customs clearance delay,Expedited shipment,08-09-2025
RSK000558,SHP004804,5,353,3854,28-05-2025,Warehouse,Power Failure,Low,Shipment,1533,Investigating,Vehicle mechanical failure,Route optimized,
RSK000559,SHP008504,18,84,3527,07-04-2025,Financial,Cost Increase,High,Supplier,52583,Resolved,Customs clearance delay,Increased safety stock,17-04-2025
RSK000560,SHP006326,2,16,4565,16-10-2025,Product Quality,Damaged Goods,Critical,Shipment,137820,Mitigated,Poor demand forecasting,Emergency procurement completed,21-10-2025
RSK000561,SHP014344,6,109,288,10-08-2025,Supplier,Late Delivery,Low,Customer,1289,Mitigated,Incorrect inventory records,Increased safety stock,14-08-2025
RSK000562,SHP011686,2,392,298,18-09-2025,Supplier,Late Delivery,Medium,Customer,13556,Resolved,Customs clearance delay,Route optimized,27-09-2025
RSK000563,SHP006041,25,161,2809,24-08-2025,Inventory,Stockout,Low,Inventory,2068,Resolved,Packaging quality issue,Assigned alternate supplier,06-09-2025
RSK000564,SHP004940,14,71,1036,18-09-2025,Logistics,Lost Shipment,Low,Warehouse,716,Resolved,Supplier production delay,Emergency procurement completed,20-09-2025
RSK000565,SHP002984,24,472,55,26-10-2025,Logistics,Route Blockage,Low,Shipment,1282,Mitigated,Incorrect inventory records,Emergency procurement completed,09-11-2025
RSK000566,SHP006380,23,221,875,30-06-2025,Inventory,Inventory Mismatch,Low,Customer,3046,Mitigated,Packaging quality issue,Increased safety stock,14-07-2025
RSK000567,SHP011195,10,388,3658,25-08-2025,Logistics,Shipment Delay,Low,Inventory,2314,Resolved,Incorrect inventory records,Expedited shipment,07-09-2025
RSK000568,SHP008241,23,226,4313,15-02-2025,Logistics,Wrong Delivery,High,Shipment,58018,Resolved,Packaging quality issue,Expedited shipment,24-02-2025
RSK000569,SHP003351,17,471,167,02-06-2025,Logistics,Wrong Delivery,Medium,Shipment,8087,Resolved,Customs clearance delay,Emergency procurement completed,10-06-2025
RSK000570,SHP009909,7,251,1642,26-02-2025,Product Quality,Packaging Damage,High,Supplier,36402,Resolved,Heavy rainfall disrupted transport,Assigned alternate supplier,07-03-2025
RSK000571,SHP005043,12,382,858,15-09-2025,Supplier,Material Shortage,Medium,Customer,8275,Mitigated,Heavy rainfall disrupted transport,Expedited shipment,16-09-2025
RSK000572,SHP013386,1,384,2096,06-07-2025,Inventory,Overstock,Critical,Inventory,210460,Open,Heavy rainfall disrupted transport,Route optimized,
RSK000573,SHP013108,21,327,2882,05-06-2025,Inventory,Stockout,Medium,Customer,17737,Resolved,Warehouse power outage,Route optimized,12-06-2025
RSK000574,SHP009157,8,312,3972,25-12-2025,Logistics,Route Blockage,High,Customer,74101,Resolved,Supplier production delay,Warehouse maintenance completed,29-12-2025
RSK000575,SHP004133,3,96,361,23-07-2025,Product Quality,Manufacturing Defect,High,Warehouse,83097,Resolved,Supplier production delay,Expedited shipment,02-08-2025
RSK000576,SHP013894,21,271,2093,29-01-2025,Inventory,Inventory Mismatch,High,Customer,55129,Investigating,Heavy rainfall disrupted transport,Expedited shipment,
RSK000577,SHP007194,18,468,166,11-04-2025,Logistics,Route Blockage,Critical,Inventory,430304,Resolved,Packaging quality issue,Additional quality inspection,22-04-2025
RSK000578,SHP004263,18,57,1340,08-06-2025,Inventory,Inventory Mismatch,Medium,Customer,13963,Resolved,Supplier production delay,Additional quality inspection,18-06-2025
RSK000579,SHP004456,16,457,1787,30-06-2025,Supplier,Supplier Capacity Issue,Medium,Shipment,9430,Resolved,Customs clearance delay,Route optimized,14-07-2025
RSK000580,SHP006923,11,62,3495,09-07-2025,Weather,Cyclone,High,Supplier,36566,Mitigated,Warehouse power outage,Warehouse maintenance completed,10-07-2025
RSK000581,SHP004496,5,11,3773,05-05-2025,Logistics,Route Blockage,Low,Inventory,998,Mitigated,Warehouse power outage,Increased safety stock,15-05-2025
RSK000582,SHP011978,4,302,1142,25-03-2025,Warehouse,Fire Alarm,Medium,Customer,12546,Resolved,Customs clearance delay,Route optimized,30-03-2025
RSK000583,SHP010418,18,403,3188,16-11-2025,Inventory,Overstock,Low,Inventory,2262,Resolved,Packaging quality issue,Route optimized,21-11-2025
RSK000584,SHP002575,9,378,3352,03-10-2025,Logistics,Route Blockage,Low,Inventory,3492,Resolved,Customs clearance delay,Expedited shipment,07-10-2025
RSK000585,SHP000255,15,173,2204,03-09-2025,Logistics,Lost Shipment,Low,Shipment,3964,Resolved,Heavy rainfall disrupted transport,Additional quality inspection,16-09-2025
RSK000586,SHP008977,3,310,2040,09-07-2025,Logistics,Route Blockage,High,Warehouse,30145,Resolved,Incorrect inventory records,Insurance claim initiated,20-07-2025
RSK000587,SHP008148,23,334,4904,15-06-2025,Warehouse,Storage Capacity Full,Low,Customer,3453,Resolved,Customs clearance delay,Additional quality inspection,25-06-2025
RSK000588,SHP002513,25,321,108,04-06-2025,Product Quality,Packaging Damage,Low,Warehouse,3074,Investigating,Heavy rainfall disrupted transport,Emergency procurement completed,
RSK000589,SHP008159,1,474,1688,13-11-2025,Weather,Heavy Rain,Low,Warehouse,1795,Investigating,Vehicle mechanical failure,Warehouse maintenance completed,
RSK000590,SHP003139,10,460,2918,14-10-2025,Logistics,Wrong Delivery,High,Warehouse,88210,Resolved,Customs clearance delay,Emergency procurement completed,19-10-2025
RSK000591,SHP012136,7,338,2381,02-01-2025,Inventory,Stockout,Low,Supplier,1580,Mitigated,Warehouse power outage,Warehouse maintenance completed,13-01-2025
RSK000592,SHP009408,22,497,4106,17-04-2025,Logistics,Lost Shipment,Medium,Shipment,20322,Investigating,Packaging quality issue,Additional quality inspection,
RSK000593,SHP008981,19,292,3064,10-07-2025,Logistics,Route Blockage,Critical,Inventory,223084,Resolved,Vehicle mechanical failure,Assigned alternate supplier,13-07-2025
RSK000594,SHP009323,5,272,1180,28-06-2025,Supplier,Supplier Capacity Issue,Low,Warehouse,4566,Resolved,Incorrect inventory records,Expedited shipment,02-07-2025
RSK000595,SHP010648,25,417,560,25-04-2025,Logistics,Route Blockage,Medium,Customer,5656,Resolved,Vehicle mechanical failure,Increased safety stock,07-05-2025
RSK000596,SHP009945,12,165,124,07-08-2025,Supplier,Material Shortage,High,Supplier,55964,Mitigated,Supplier production delay,Assigned alternate supplier,16-08-2025
RSK000597,SHP013663,19,151,668,05-04-2025,Supplier,Late Delivery,Medium,Supplier,14571,Resolved,Poor demand forecasting,Insurance claim initiated,14-04-2025
RSK000598,SHP012405,16,489,3438,01-02-2025,Warehouse,Fire Alarm,Low,Supplier,3709,Resolved,Customs clearance delay,Additional quality inspection,08-02-2025
RSK000599,SHP009368,4,456,2037,02-09-2025,Product Quality,Manufacturing Defect,High,Shipment,66243,Resolved,Incorrect inventory records,Assigned alternate supplier,04-09-2025
RSK000600,SHP014863,9,480,4440,20-10-2025,Supplier,Material Shortage,High,Shipment,28841,Investigating,Poor demand forecasting,Insurance claim initiated,
RSK000601,SHP001129,15,412,2606,03-07-2025,Supplier,Late Delivery,Low,Supplier,2739,Resolved,Supplier production delay,Additional quality inspection,15-07-2025
RSK000602,SHP005163,18,121,1272,19-05-2025,Product Quality,Manufacturing Defect,Medium,Customer,6297,Resolved,Heavy rainfall disrupted transport,Warehouse maintenance completed,23-05-2025
RSK000603,SHP007288,9,346,2061,27-03-2025,Logistics,Lost Shipment,Critical,Customer,492628,Resolved,Customs clearance delay,Insurance claim initiated,08-04-2025
RSK000604,SHP013070,15,298,3270,03-11-2025,Product Quality,Packaging Damage,Medium,Shipment,7628,Investigating,Warehouse power outage,Emergency procurement completed,
RSK000605,SHP013468,22,185,377,11-07-2025,Supplier,Supplier Capacity Issue,Low,Customer,2685,Resolved,Packaging quality issue,Additional quality inspection,19-07-2025
RSK000606,SHP002501,2,430,3379,29-10-2025,Supplier,Material Shortage,Medium,Shipment,14129,Resolved,Poor demand forecasting,Assigned alternate supplier,07-11-2025
RSK000607,SHP002301,20,108,4680,05-02-2025,Inventory,Overstock,High,Warehouse,46351,Resolved,Packaging quality issue,Warehouse maintenance completed,11-02-2025
RSK000608,SHP000213,2,52,4116,30-12-2025,Product Quality,Manufacturing Defect,Low,Warehouse,4748,Investigating,Heavy rainfall disrupted transport,Emergency procurement completed,
RSK000609,SHP001286,1,302,4334,04-06-2025,Supplier,Material Shortage,Low,Supplier,4538,Mitigated,Heavy rainfall disrupted transport,Expedited shipment,16-06-2025
RSK000610,SHP002504,3,402,1445,05-03-2025,Warehouse,Storage Capacity Full,Low,Customer,2345,Resolved,Warehouse power outage,Expedited shipment,11-03-2025
RSK000611,SHP002376,16,11,2093,19-03-2025,Inventory,Stockout,Low,Shipment,906,Resolved,Customs clearance delay,Increased safety stock,21-03-2025
RSK000612,SHP013019,20,278,3953,08-09-2025,Logistics,Lost Shipment,High,Warehouse,69795,Resolved,Packaging quality issue,Expedited shipment,15-09-2025
RSK000613,SHP011088,25,33,3418,10-07-2025,Inventory,Inventory Mismatch,Medium,Customer,17243,Resolved,Vehicle mechanical failure,Assigned alternate supplier,15-07-2025
RSK000614,SHP010074,5,173,3669,23-02-2025,Inventory,Overstock,High,Shipment,69327,Investigating,Poor demand forecasting,Increased safety stock,
RSK000615,SHP003587,19,165,1522,09-07-2025,Supplier,Material Shortage,High,Shipment,31214,Open,Heavy rainfall disrupted transport,Additional quality inspection,
RSK000616,SHP014349,8,403,3450,11-06-2025,Transportation,Vehicle Breakdown,Low,Shipment,4573,Resolved,Supplier production delay,Assigned alternate supplier,16-06-2025
RSK000617,SHP001391,14,238,2405,18-10-2025,Weather,Heavy Rain,Low,Shipment,3511,Resolved,Incorrect inventory records,Assigned alternate supplier,30-10-2025
RSK000618,SHP001768,21,422,3530,10-11-2025,Logistics,Lost Shipment,Low,Customer,2304,Mitigated,Heavy rainfall disrupted transport,Assigned alternate supplier,24-11-2025
RSK000619,SHP006293,25,139,2803,29-03-2025,Warehouse,Fire Alarm,Medium,Customer,16769,Mitigated,Supplier production delay,Warehouse maintenance completed,08-04-2025
RSK000620,SHP004791,19,462,2887,28-05-2025,Warehouse,Equipment Failure,Medium,Shipment,22942,Investigating,Warehouse power outage,Expedited shipment,
RSK000621,SHP004879,10,377,307,06-10-2025,Supplier,Supplier Capacity Issue,High,Supplier,89067,Resolved,Packaging quality issue,Route optimized,16-10-2025
RSK000622,SHP002511,20,291,2737,09-01-2025,Warehouse,Equipment Failure,Low,Shipment,3157,Resolved,Incorrect inventory records,Additional quality inspection,16-01-2025
RSK000623,SHP006579,1,162,305,13-08-2025,Logistics,Shipment Delay,High,Supplier,76593,Mitigated,Poor demand forecasting,Expedited shipment,14-08-2025
RSK000624,SHP003355,22,490,3197,05-08-2025,Product Quality,Manufacturing Defect,Medium,Customer,20691,Mitigated,Warehouse power outage,Warehouse maintenance completed,17-08-2025
RSK000625,SHP011232,5,482,4319,31-07-2025,Warehouse,Fire Alarm,Low,Customer,3741,Investigating,Incorrect inventory records,Increased safety stock,
RSK000626,SHP006264,22,25,1233,14-04-2025,Logistics,Wrong Delivery,Low,Warehouse,1936,Resolved,Customs clearance delay,Route optimized,19-04-2025
RSK000627,SHP013217,3,355,1787,07-10-2025,Product Quality,Manufacturing Defect,Medium,Shipment,10637,Investigating,Customs clearance delay,Route optimized,
RSK000628,SHP009899,18,308,1927,18-01-2025,Warehouse,Storage Capacity Full,Medium,Customer,10705,Resolved,Vehicle mechanical failure,Expedited shipment,23-01-2025
RSK000629,SHP010925,10,452,3483,12-01-2025,Supplier,Late Delivery,High,Warehouse,76217,Investigating,Poor demand forecasting,Expedited shipment,
RSK000630,SHP013100,9,163,4018,21-04-2025,Weather,Flood,Low,Inventory,959,Resolved,Packaging quality issue,Route optimized,30-04-2025
RSK000631,SHP002607,14,439,3566,24-10-2025,Logistics,Shipment Delay,High,Shipment,27462,Investigating,Warehouse power outage,Insurance claim initiated,
RSK000632,SHP012671,20,334,4330,24-09-2025,Inventory,Stockout,High,Inventory,45465,Mitigated,Supplier production delay,Increased safety stock,04-10-2025
RSK000633,SHP002814,20,344,2464,23-04-2025,Logistics,Lost Shipment,Low,Shipment,2321,Mitigated,Customs clearance delay,Insurance claim initiated,06-05-2025
RSK000634,SHP011624,11,379,2239,20-08-2025,Transportation,Fuel Shortage,High,Customer,71880,Resolved,Customs clearance delay,Increased safety stock,25-08-2025
RSK000635,SHP005876,11,281,663,06-12-2025,Inventory,Inventory Mismatch,High,Inventory,43520,Resolved,Customs clearance delay,Additional quality inspection,13-12-2025
RSK000636,SHP013305,3,423,1411,07-07-2025,Transportation,Fuel Shortage,Medium,Inventory,21086,Resolved,Incorrect inventory records,Insurance claim initiated,19-07-2025
RSK000637,SHP003410,2,24,7,28-05-2025,Weather,Cyclone,High,Supplier,62972,Resolved,Supplier production delay,Additional quality inspection,09-06-2025
RSK000638,SHP012728,21,271,2546,30-12-2025,Inventory,Overstock,Critical,Warehouse,368503,Investigating,Poor demand forecasting,Insurance claim initiated,
RSK000639,SHP003780,18,151,2826,20-06-2025,Warehouse,Power Failure,Low,Supplier,1670,Mitigated,Customs clearance delay,Warehouse maintenance completed,30-06-2025
RSK000640,SHP007477,7,344,2895,23-09-2025,Supplier,Material Shortage,High,Warehouse,80092,Resolved,Vehicle mechanical failure,Expedited shipment,03-10-2025
RSK000641,SHP007688,14,116,2060,16-07-2025,Inventory,Stockout,Low,Customer,2461,Investigating,Supplier production delay,Additional quality inspection,
RSK000642,SHP010560,10,68,4895,24-01-2025,Transportation,Vehicle Breakdown,Medium,Supplier,9975,Resolved,Poor demand forecasting,Expedited shipment,25-01-2025
RSK000643,SHP002087,8,308,2800,14-12-2025,Supplier,Supplier Capacity Issue,Low,Shipment,4201,Investigating,Incorrect inventory records,Insurance claim initiated,
RSK000644,SHP006477,17,122,2106,21-07-2025,Product Quality,Damaged Goods,Medium,Supplier,20329,Open,Heavy rainfall disrupted transport,Expedited shipment,
RSK000645,SHP012417,11,33,4258,15-02-2025,Logistics,Shipment Delay,High,Inventory,96352,Investigating,Supplier production delay,Additional quality inspection,
RSK000646,SHP010536,8,21,1032,07-04-2025,Weather,Cyclone,Medium,Warehouse,14350,Mitigated,Heavy rainfall disrupted transport,Insurance claim initiated,19-04-2025
RSK000647,SHP014158,21,374,4209,23-02-2025,Supplier,Material Shortage,High,Shipment,72386,Resolved,Incorrect inventory records,Expedited shipment,03-03-2025
RSK000648,SHP006735,2,23,2160,07-01-2025,Logistics,Wrong Delivery,High,Warehouse,50037,Investigating,Heavy rainfall disrupted transport,Assigned alternate supplier,
RSK000649,SHP003624,14,50,2783,18-12-2025,Warehouse,Power Failure,Low,Warehouse,3257,Resolved,Warehouse power outage,Increased safety stock,23-12-2025
RSK000650,SHP013087,12,71,3752,06-11-2025,Warehouse,Power Failure,High,Customer,58341,Resolved,Packaging quality issue,Assigned alternate supplier,12-11-2025
RSK000651,SHP003004,5,192,3247,18-08-2025,Product Quality,Damaged Goods,Low,Supplier,4063,Resolved,Supplier production delay,Warehouse maintenance completed,01-09-2025
RSK000652,SHP013002,18,154,563,10-01-2025,Logistics,Wrong Delivery,Medium,Customer,13303,Resolved,Supplier production delay,Warehouse maintenance completed,22-01-2025
RSK000653,SHP003424,24,197,2779,31-03-2025,Logistics,Lost Shipment,Low,Inventory,4713,Resolved,Heavy rainfall disrupted transport,Increased safety stock,14-04-2025
RSK000654,SHP000582,14,376,2489,26-04-2025,Logistics,Wrong Delivery,Low,Shipment,4530,Mitigated,Customs clearance delay,Insurance claim initiated,29-04-2025
RSK000655,SHP009174,15,12,4493,05-03-2025,Inventory,Stockout,Medium,Supplier,18001,Resolved,Incorrect inventory records,Route optimized,16-03-2025
RSK000656,SHP001186,7,363,3639,01-05-2025,Product Quality,Packaging Damage,Medium,Warehouse,19129,Resolved,Warehouse power outage,Emergency procurement completed,14-05-2025
RSK000657,SHP005385,1,46,1624,06-07-2025,Logistics,Route Blockage,Medium,Inventory,7570,Resolved,Warehouse power outage,Increased safety stock,08-07-2025
RSK000658,SHP013884,1,388,1850,06-01-2025,Logistics,Shipment Delay,Low,Shipment,2899,Investigating,Packaging quality issue,Additional quality inspection,
RSK000659,SHP004113,5,47,4736,10-03-2025,Supplier,Material Shortage,Medium,Inventory,17788,Open,Poor demand forecasting,Route optimized,
RSK000660,SHP012035,17,325,2381,28-10-2025,Supplier,Material Shortage,Medium,Inventory,5250,Mitigated,Incorrect inventory records,Increased safety stock,29-10-2025
RSK000661,SHP008541,3,292,1409,12-11-2025,Logistics,Route Blockage,Critical,Customer,318949,Resolved,Heavy rainfall disrupted transport,Insurance claim initiated,15-11-2025
RSK000662,SHP014769,18,297,3492,26-07-2025,Warehouse,Equipment Failure,Low,Shipment,1609,Mitigated,Poor demand forecasting,Emergency procurement completed,27-07-2025
RSK000663,SHP005529,9,152,789,18-10-2025,Logistics,Lost Shipment,Low,Inventory,2548,Resolved,Customs clearance delay,Assigned alternate supplier,23-10-2025
RSK000664,SHP006111,17,292,1731,13-02-2025,Logistics,Shipment Delay,Medium,Supplier,22037,Mitigated,Packaging quality issue,Increased safety stock,26-02-2025
RSK000665,SHP012291,11,437,4152,28-02-2025,Warehouse,Storage Capacity Full,Low,Shipment,3856,Mitigated,Supplier production delay,Additional quality inspection,09-03-2025
RSK000666,SHP011829,20,428,2503,13-11-2025,Inventory,Overstock,Low,Customer,3280,Mitigated,Incorrect inventory records,Assigned alternate supplier,18-11-2025
RSK000667,SHP011946,4,486,528,11-07-2025,Logistics,Route Blockage,Low,Shipment,878,Resolved,Packaging quality issue,Assigned alternate supplier,21-07-2025
RSK000668,SHP001514,14,496,713,11-03-2025,Logistics,Wrong Delivery,Medium,Supplier,14488,Mitigated,Heavy rainfall disrupted transport,Insurance claim initiated,19-03-2025
RSK000669,SHP007094,7,194,1200,29-12-2025,Logistics,Lost Shipment,Medium,Customer,12501,Resolved,Vehicle mechanical failure,Emergency procurement completed,11-01-2026
RSK000670,SHP008459,6,177,450,17-05-2025,Product Quality,Damaged Goods,Low,Shipment,3915,Resolved,Supplier production delay,Route optimized,21-05-2025
RSK000671,SHP012707,23,14,1903,21-03-2025,Logistics,Shipment Delay,Low,Warehouse,4345,Mitigated,Vehicle mechanical failure,Expedited shipment,29-03-2025
RSK000672,SHP003825,20,461,1383,01-12-2025,Logistics,Lost Shipment,Low,Shipment,1695,Resolved,Customs clearance delay,Route optimized,08-12-2025
RSK000673,SHP001405,9,470,91,22-12-2025,Logistics,Wrong Delivery,Medium,Inventory,13521,Resolved,Supplier production delay,Warehouse maintenance completed,05-01-2026
RSK000674,SHP006670,8,75,3516,13-03-2025,Logistics,Wrong Delivery,Low,Warehouse,4074,Resolved,Warehouse power outage,Warehouse maintenance completed,19-03-2025
RSK000675,SHP006370,13,60,2265,22-04-2025,Supplier,Material Shortage,Medium,Customer,24920,Resolved,Poor demand forecasting,Insurance claim initiated,06-05-2025
RSK000676,SHP003253,6,334,3885,27-05-2025,Warehouse,Storage Capacity Full,Low,Supplier,4927,Open,Vehicle mechanical failure,Route optimized,
RSK000677,SHP010009,13,245,1132,22-10-2025,Warehouse,Storage Capacity Full,Medium,Inventory,8174,Resolved,Poor demand forecasting,Emergency procurement completed,23-10-2025
RSK000678,SHP004490,12,448,2013,02-06-2025,Logistics,Shipment Delay,Critical,Shipment,490872,Resolved,Vehicle mechanical failure,Assigned alternate supplier,09-06-2025
RSK000679,SHP004375,8,430,3299,02-07-2025,Warehouse,Equipment Failure,High,Customer,77411,Resolved,Incorrect inventory records,Route optimized,12-07-2025
RSK000680,SHP002937,4,415,4139,28-12-2025,Transportation,Vehicle Breakdown,Medium,Supplier,19522,Resolved,Heavy rainfall disrupted transport,Additional quality inspection,29-12-2025
RSK000681,SHP000584,4,369,442,15-12-2025,Logistics,Wrong Delivery,High,Supplier,43978,Resolved,Heavy rainfall disrupted transport,Emergency procurement completed,23-12-2025
RSK000682,SHP000985,14,58,3372,01-05-2025,Logistics,Lost Shipment,High,Warehouse,46050,Resolved,Customs clearance delay,Emergency procurement completed,14-05-2025
RSK000683,SHP003763,1,418,1924,01-01-2025,Logistics,Wrong Delivery,Low,Warehouse,1025,Investigating,Incorrect inventory records,Insurance claim initiated,
RSK000684,SHP014662,16,12,3849,28-11-2025,Inventory,Inventory Mismatch,Low,Supplier,974,Resolved,Heavy rainfall disrupted transport,Route optimized,07-12-2025
RSK000685,SHP002659,9,289,3637,30-01-2025,Supplier,Supplier Capacity Issue,High,Warehouse,39089,Resolved,Heavy rainfall disrupted transport,Increased safety stock,31-01-2025
RSK000686,SHP000481,23,271,1703,17-04-2025,Logistics,Route Blockage,Medium,Supplier,11147,Investigating,Poor demand forecasting,Warehouse maintenance completed,
RSK000687,SHP013109,12,83,2941,11-07-2025,Logistics,Route Blockage,Low,Warehouse,2609,Mitigated,Vehicle mechanical failure,Assigned alternate supplier,22-07-2025
RSK000688,SHP007867,3,170,1544,18-09-2025,Logistics,Wrong Delivery,High,Inventory,39759,Resolved,Customs clearance delay,Assigned alternate supplier,28-09-2025
RSK000689,SHP003959,12,86,76,16-03-2025,Warehouse,Fire Alarm,Medium,Warehouse,15516,Resolved,Incorrect inventory records,Assigned alternate supplier,28-03-2025
RSK000690,SHP007224,2,184,399,05-06-2025,Warehouse,Equipment Failure,Low,Inventory,3705,Resolved,Warehouse power outage,Emergency procurement completed,12-06-2025
RSK000691,SHP002605,15,380,2173,17-08-2025,Logistics,Shipment Delay,Low,Warehouse,2425,Resolved,Poor demand forecasting,Route optimized,29-08-2025
RSK000692,SHP007310,18,94,3137,25-12-2025,Warehouse,Power Failure,High,Inventory,44009,Resolved,Incorrect inventory records,Increased safety stock,28-12-2025
RSK000693,SHP008270,6,480,4895,04-08-2025,Warehouse,Power Failure,Medium,Shipment,11324,Investigating,Vehicle mechanical failure,Insurance claim initiated,
RSK000694,SHP014534,5,229,3058,11-08-2025,Logistics,Wrong Delivery,Medium,Inventory,5796,Resolved,Vehicle mechanical failure,Expedited shipment,19-08-2025
RSK000695,SHP006440,19,11,69,30-07-2025,Inventory,Overstock,Critical,Shipment,277373,Resolved,Heavy rainfall disrupted transport,Expedited shipment,09-08-2025
RSK000696,SHP002079,3,59,4340,02-10-2025,Logistics,Wrong Delivery,Low,Customer,3908,Resolved,Vehicle mechanical failure,Warehouse maintenance completed,12-10-2025
RSK000697,SHP010012,20,401,2301,20-07-2025,Inventory,Stockout,Medium,Warehouse,19385,Resolved,Heavy rainfall disrupted transport,Expedited shipment,22-07-2025
RSK000698,SHP010626,1,122,3718,09-02-2025,Logistics,Lost Shipment,Low,Inventory,1437,Resolved,Packaging quality issue,Emergency procurement completed,21-02-2025
RSK000699,SHP010494,16,43,207,22-02-2025,Inventory,Overstock,High,Customer,51141,Resolved,Vehicle mechanical failure,Insurance claim initiated,02-03-2025
RSK000700,SHP003521,17,93,1540,24-04-2025,Warehouse,Storage Capacity Full,High,Shipment,82869,Resolved,Poor demand forecasting,Expedited shipment,26-04-2025
RSK000701,SHP014160,14,336,3284,23-06-2025,Logistics,Lost Shipment,Medium,Customer,13780,Resolved,Vehicle mechanical failure,Emergency procurement completed,04-07-2025
RSK000702,SHP000999,15,321,3138,15-12-2025,Supplier,Late Delivery,Medium,Shipment,11633,Resolved,Supplier production delay,Insurance claim initiated,22-12-2025
RSK000703,SHP002713,17,194,3553,09-06-2025,Product Quality,Damaged Goods,Low,Supplier,3647,Resolved,Packaging quality issue,Warehouse maintenance completed,12-06-2025
RSK000704,SHP000456,25,282,4784,06-12-2025,Supplier,Material Shortage,Low,Warehouse,715,Resolved,Heavy rainfall disrupted transport,Expedited shipment,12-12-2025
RSK000705,SHP005796,9,400,3489,15-03-2025,Logistics,Lost Shipment,Medium,Shipment,5042,Open,Vehicle mechanical failure,Route optimized,
RSK000706,SHP007062,17,173,1939,20-07-2025,Inventory,Overstock,Medium,Inventory,12791,Mitigated,Supplier production delay,Expedited shipment,02-08-2025
RSK000707,SHP007045,22,203,3729,25-01-2025,Financial,Currency Fluctuation,High,Shipment,60534,Mitigated,Heavy rainfall disrupted transport,Expedited shipment,08-02-2025
RSK000708,SHP009333,1,180,1091,14-11-2025,Supplier,Late Delivery,Medium,Inventory,19420,Resolved,Warehouse power outage,Emergency procurement completed,24-11-2025
RSK000709,SHP014569,22,129,4785,05-05-2025,Inventory,Stockout,Low,Supplier,4949,Open,Incorrect inventory records,Emergency procurement completed,
RSK000710,SHP010501,17,491,4634,07-08-2025,Inventory,Stockout,High,Warehouse,33057,Resolved,Supplier production delay,Assigned alternate supplier,18-08-2025
RSK000711,SHP000756,22,35,648,11-04-2025,Supplier,Supplier Capacity Issue,Low,Shipment,4650,Investigating,Supplier production delay,Emergency procurement completed,
RSK000712,SHP012799,5,341,1800,07-07-2025,Supplier,Supplier Capacity Issue,Medium,Warehouse,19635,Mitigated,Vehicle mechanical failure,Assigned alternate supplier,19-07-2025
RSK000713,SHP008898,22,422,571,10-08-2025,Warehouse,Fire Alarm,Medium,Supplier,6152,Mitigated,Customs clearance delay,Emergency procurement completed,18-08-2025
RSK000714,SHP003230,1,88,2400,07-12-2025,Supplier,Material Shortage,Medium,Supplier,15257,Investigating,Warehouse power outage,Route optimized,
RSK000715,SHP009809,1,211,3247,03-01-2025,Warehouse,Fire Alarm,Low,Inventory,1438,Investigating,Warehouse power outage,Expedited shipment,
RSK000716,SHP009067,18,12,4561,29-05-2025,Weather,Cyclone,Critical,Inventory,292711,Mitigated,Heavy rainfall disrupted transport,Assigned alternate supplier,02-06-2025
RSK000717,SHP014117,13,91,2557,12-12-2025,Supplier,Supplier Capacity Issue,High,Supplier,89673,Resolved,Supplier production delay,Warehouse maintenance completed,16-12-2025
RSK000718,SHP007215,12,263,3214,09-01-2025,Logistics,Route Blockage,High,Shipment,61296,Investigating,Packaging quality issue,Route optimized,
RSK000719,SHP010728,24,77,2511,29-01-2025,Logistics,Route Blockage,Medium,Supplier,16417,Resolved,Warehouse power outage,Route optimized,12-02-2025
RSK000720,SHP008476,16,449,4988,17-10-2025,Warehouse,Equipment Failure,High,Warehouse,59835,Resolved,Supplier production delay,Route optimized,27-10-2025
RSK000721,SHP008671,19,32,1493,14-04-2025,Product Quality,Packaging Damage,High,Supplier,73906,Resolved,Vehicle mechanical failure,Warehouse maintenance completed,20-04-2025
RSK000722,SHP013268,11,305,1051,04-10-2025,Transportation,Fuel Shortage,High,Inventory,72508,Resolved,Warehouse power outage,Assigned alternate supplier,08-10-2025
RSK000723,SHP001910,18,358,2659,02-01-2025,Warehouse,Fire Alarm,Medium,Inventory,20206,Resolved,Packaging quality issue,Increased safety stock,12-01-2025
RSK000724,SHP001902,21,328,3862,27-07-2025,Supplier,Late Delivery,Medium,Shipment,20254,Mitigated,Incorrect inventory records,Emergency procurement completed,29-07-2025
RSK000725,SHP001306,4,484,3376,24-07-2025,Logistics,Wrong Delivery,Low,Warehouse,3974,Resolved,Poor demand forecasting,Insurance claim initiated,28-07-2025
RSK000726,SHP008492,3,152,1368,18-04-2025,Inventory,Overstock,Medium,Shipment,14298,Mitigated,Packaging quality issue,Additional quality inspection,21-04-2025
RSK000727,SHP009313,2,375,2813,14-02-2025,Logistics,Lost Shipment,High,Shipment,99019,Resolved,Warehouse power outage,Insurance claim initiated,27-02-2025
RSK000728,SHP007217,17,172,1429,11-11-2025,Product Quality,Damaged Goods,Low,Inventory,751,Investigating,Incorrect inventory records,Increased safety stock,
RSK000729,SHP010753,5,3,3544,22-04-2025,Warehouse,Storage Capacity Full,Low,Customer,4668,Resolved,Poor demand forecasting,Emergency procurement completed,01-05-2025
RSK000730,SHP007411,7,142,85,07-11-2025,Transportation,Vehicle Breakdown,Low,Supplier,1411,Resolved,Heavy rainfall disrupted transport,Insurance claim initiated,15-11-2025
RSK000731,SHP007764,8,198,618,01-12-2025,Warehouse,Fire Alarm,Low,Supplier,3187,Resolved,Packaging quality issue,Increased safety stock,05-12-2025
RSK000732,SHP009897,16,376,526,19-11-2025,Product Quality,Damaged Goods,Low,Warehouse,2481,Resolved,Vehicle mechanical failure,Insurance claim initiated,02-12-2025
RSK000733,SHP003597,14,44,1563,01-12-2025,Logistics,Lost Shipment,Critical,Shipment,444506,Investigating,Heavy rainfall disrupted transport,Insurance claim initiated,
RSK000734,SHP012230,24,287,2356,14-05-2025,Logistics,Lost Shipment,Medium,Inventory,17596,Resolved,Warehouse power outage,Expedited shipment,19-05-2025
RSK000735,SHP000693,16,440,3644,28-06-2025,Warehouse,Fire Alarm,High,Warehouse,75604,Investigating,Poor demand forecasting,Assigned alternate supplier,
RSK000736,SHP007606,3,15,4543,05-02-2025,Warehouse,Storage Capacity Full,Medium,Customer,6125,Resolved,Customs clearance delay,Expedited shipment,16-02-2025
RSK000737,SHP010777,22,331,1154,24-12-2025,Warehouse,Storage Capacity Full,Low,Inventory,2021,Resolved,Customs clearance delay,Emergency procurement completed,02-01-2026
RSK000738,SHP006493,23,495,2685,18-09-2025,Supplier,Material Shortage,Low,Inventory,1494,Investigating,Poor demand forecasting,Warehouse maintenance completed,
RSK000739,SHP000597,16,88,4084,24-01-2025,Product Quality,Damaged Goods,Low,Warehouse,872,Resolved,Incorrect inventory records,Expedited shipment,26-01-2025
RSK000740,SHP010454,25,298,4100,15-12-2025,Logistics,Shipment Delay,Medium,Inventory,16725,Resolved,Warehouse power outage,Insurance claim initiated,24-12-2025
RSK000741,SHP000704,19,223,783,11-07-2025,Logistics,Lost Shipment,High,Inventory,56062,Mitigated,Poor demand forecasting,Increased safety stock,21-07-2025
RSK000742,SHP012300,23,243,2691,12-08-2025,Transportation,Vehicle Breakdown,Low,Shipment,1732,Resolved,Incorrect inventory records,Insurance claim initiated,14-08-2025
RSK000743,SHP010231,5,383,3220,11-09-2025,Supplier,Material Shortage,Low,Customer,787,Resolved,Vehicle mechanical failure,Route optimized,19-09-2025
RSK000744,SHP001025,24,116,1797,28-02-2025,Inventory,Inventory Mismatch,Low,Supplier,2861,Investigating,Warehouse power outage,Insurance claim initiated,
RSK000745,SHP002406,11,236,4700,12-12-2025,Logistics,Route Blockage,Medium,Inventory,15160,Resolved,Vehicle mechanical failure,Route optimized,14-12-2025
RSK000746,SHP010747,18,140,2025,19-01-2025,Logistics,Shipment Delay,Low,Supplier,1296,Investigating,Supplier production delay,Increased safety stock,
RSK000747,SHP014835,18,316,1737,20-07-2025,Inventory,Inventory Mismatch,Low,Inventory,1873,Resolved,Supplier production delay,Warehouse maintenance completed,23-07-2025
RSK000748,SHP001193,3,106,1460,11-04-2025,Weather,Heavy Rain,Low,Inventory,3078,Resolved,Heavy rainfall disrupted transport,Emergency procurement completed,13-04-2025
RSK000749,SHP014225,14,428,2538,01-01-2025,Logistics,Shipment Delay,Low,Customer,4755,Resolved,Vehicle mechanical failure,Increased safety stock,12-01-2025
RSK000750,SHP014428,22,123,2746,22-08-2025,Financial,Cost Increase,Medium,Shipment,11089,Resolved,Incorrect inventory records,Additional quality inspection,24-08-2025
RSK000751,SHP000514,18,119,25,16-09-2025,Supplier,Material Shortage,Medium,Shipment,17824,Resolved,Poor demand forecasting,Insurance claim initiated,28-09-2025
RSK000752,SHP000390,5,377,4080,10-10-2025,Product Quality,Damaged Goods,Low,Supplier,1741,Resolved,Poor demand forecasting,Assigned alternate supplier,20-10-2025
RSK000753,SHP009625,5,73,4462,25-11-2025,Product Quality,Damaged Goods,Medium,Warehouse,16823,Resolved,Heavy rainfall disrupted transport,Increased safety stock,28-11-2025
RSK000754,SHP009109,15,198,4511,29-05-2025,Logistics,Route Blockage,High,Supplier,99808,Resolved,Supplier production delay,Route optimized,12-06-2025
RSK000755,SHP009352,10,412,3859,16-07-2025,Logistics,Shipment Delay,High,Supplier,93693,Mitigated,Incorrect inventory records,Expedited shipment,20-07-2025
RSK000756,SHP001530,16,285,2893,16-09-2025,Warehouse,Power Failure,Low,Supplier,1884,Resolved,Packaging quality issue,Additional quality inspection,19-09-2025
RSK000757,SHP013456,1,183,2815,25-10-2025,Logistics,Lost Shipment,High,Inventory,59498,Investigating,Heavy rainfall disrupted transport,Additional quality inspection,
RSK000758,SHP004188,6,299,2476,21-12-2025,Inventory,Overstock,Low,Customer,1612,Resolved,Warehouse power outage,Increased safety stock,30-12-2025
RSK000759,SHP014284,20,243,4078,30-11-2025,Inventory,Inventory Mismatch,Medium,Warehouse,21905,Mitigated,Incorrect inventory records,Increased safety stock,02-12-2025
RSK000760,SHP007843,1,426,4568,29-08-2025,Warehouse,Equipment Failure,Medium,Customer,19476,Resolved,Incorrect inventory records,Additional quality inspection,05-09-2025
RSK000761,SHP002321,17,362,4274,15-04-2025,Supplier,Material Shortage,Low,Warehouse,1014,Investigating,Packaging quality issue,Warehouse maintenance completed,
RSK000762,SHP002092,8,101,1195,30-05-2025,Inventory,Inventory Mismatch,Low,Shipment,4765,Investigating,Heavy rainfall disrupted transport,Expedited shipment,
RSK000763,SHP014072,24,384,3922,26-12-2025,Supplier,Supplier Capacity Issue,High,Supplier,91649,Mitigated,Customs clearance delay,Additional quality inspection,02-01-2026
RSK000764,SHP003556,15,392,3417,10-04-2025,Supplier,Late Delivery,Low,Shipment,627,Mitigated,Supplier production delay,Insurance claim initiated,20-04-2025
RSK000765,SHP004648,6,381,4021,07-06-2025,Supplier,Late Delivery,Medium,Warehouse,16532,Mitigated,Warehouse power outage,Expedited shipment,09-06-2025
RSK000766,SHP004496,15,477,3378,06-12-2025,Transportation,Fuel Shortage,Low,Inventory,697,Resolved,Customs clearance delay,Warehouse maintenance completed,18-12-2025
RSK000767,SHP001764,1,28,3631,25-07-2025,Logistics,Lost Shipment,Medium,Supplier,6795,Investigating,Customs clearance delay,Expedited shipment,
RSK000768,SHP005343,24,476,579,30-10-2025,Inventory,Inventory Mismatch,Medium,Warehouse,5547,Resolved,Heavy rainfall disrupted transport,Expedited shipment,11-11-2025
RSK000769,SHP000880,9,343,3248,04-07-2025,Inventory,Overstock,Medium,Inventory,5061,Resolved,Packaging quality issue,Warehouse maintenance completed,16-07-2025
RSK000770,SHP013679,8,57,4519,11-08-2025,Supplier,Material Shortage,Medium,Customer,17030,Resolved,Poor demand forecasting,Route optimized,15-08-2025
RSK000771,SHP013299,19,267,2432,07-04-2025,Logistics,Lost Shipment,Low,Warehouse,3736,Resolved,Packaging quality issue,Emergency procurement completed,15-04-2025
RSK000772,SHP014278,23,11,1923,27-12-2025,Logistics,Shipment Delay,Medium,Warehouse,8292,Investigating,Packaging quality issue,Insurance claim initiated,
RSK000773,SHP004994,12,313,751,18-10-2025,Warehouse,Power Failure,Medium,Shipment,5485,Mitigated,Supplier production delay,Additional quality inspection,22-10-2025
RSK000774,SHP013167,3,249,2215,20-07-2025,Supplier,Supplier Capacity Issue,Low,Supplier,4876,Resolved,Vehicle mechanical failure,Warehouse maintenance completed,23-07-2025
RSK000775,SHP004355,21,391,4960,06-09-2025,Inventory,Overstock,Low,Warehouse,4106,Mitigated,Customs clearance delay,Route optimized,20-09-2025
RSK000776,SHP003596,14,493,1393,28-06-2025,Weather,Flood,Low,Customer,4337,Resolved,Vehicle mechanical failure,Insurance claim initiated,06-07-2025
RSK000777,SHP010981,15,310,712,08-05-2025,Logistics,Wrong Delivery,Medium,Shipment,13040,Resolved,Vehicle mechanical failure,Insurance claim initiated,09-05-2025
RSK000778,SHP005409,4,218,4081,25-12-2025,Inventory,Stockout,Medium,Inventory,19293,Resolved,Customs clearance delay,Insurance claim initiated,05-01-2026
RSK000779,SHP003229,11,272,527,07-12-2025,Product Quality,Packaging Damage,Medium,Customer,8810,Resolved,Incorrect inventory records,Route optimized,09-12-2025
RSK000780,SHP006192,24,470,910,08-06-2025,Product Quality,Damaged Goods,Critical,Supplier,114035,Resolved,Warehouse power outage,Emergency procurement completed,16-06-2025
RSK000781,SHP006130,20,61,2795,06-12-2025,Warehouse,Equipment Failure,High,Customer,82229,Investigating,Heavy rainfall disrupted transport,Warehouse maintenance completed,
RSK000782,SHP012764,9,100,1755,18-05-2025,Supplier,Supplier Capacity Issue,Low,Supplier,2732,Resolved,Poor demand forecasting,Assigned alternate supplier,01-06-2025
RSK000783,SHP006408,17,216,2529,29-07-2025,Weather,Flood,Critical,Inventory,103887,Resolved,Vehicle mechanical failure,Assigned alternate supplier,09-08-2025
RSK000784,SHP008275,16,284,3326,08-04-2025,Logistics,Shipment Delay,Low,Supplier,4891,Resolved,Poor demand forecasting,Additional quality inspection,10-04-2025
RSK000785,SHP003148,18,35,3239,15-06-2025,Product Quality,Manufacturing Defect,Medium,Inventory,10280,Resolved,Packaging quality issue,Increased safety stock,19-06-2025
RSK000786,SHP005072,12,320,3762,08-12-2025,Warehouse,Fire Alarm,Low,Warehouse,2911,Resolved,Heavy rainfall disrupted transport,Additional quality inspection,13-12-2025
RSK000787,SHP009375,16,60,4307,26-08-2025,Supplier,Supplier Capacity Issue,Low,Warehouse,2851,Resolved,Incorrect inventory records,Route optimized,31-08-2025
RSK000788,SHP014182,8,470,2700,18-04-2025,Logistics,Shipment Delay,High,Supplier,99295,Resolved,Vehicle mechanical failure,Additional quality inspection,29-04-2025
RSK000789,SHP012183,9,81,3033,20-12-2025,Inventory,Stockout,Medium,Customer,23812,Investigating,Warehouse power outage,Assigned alternate supplier,
RSK000790,SHP012529,7,104,3601,13-03-2025,Warehouse,Storage Capacity Full,Medium,Supplier,8050,Mitigated,Customs clearance delay,Emergency procurement completed,26-03-2025
RSK000791,SHP002089,5,443,3483,12-10-2025,Warehouse,Equipment Failure,Low,Supplier,1663,Resolved,Incorrect inventory records,Increased safety stock,16-10-2025
RSK000792,SHP014303,25,5,2276,18-06-2025,Transportation,Traffic Congestion,Low,Inventory,2229,Mitigated,Vehicle mechanical failure,Insurance claim initiated,01-07-2025
RSK000793,SHP006081,25,219,788,18-10-2025,Product Quality,Manufacturing Defect,Low,Customer,1857,Resolved,Vehicle mechanical failure,Warehouse maintenance completed,26-10-2025
RSK000794,SHP000371,18,28,1840,02-06-2025,Inventory,Inventory Mismatch,Medium,Supplier,22186,Resolved,Poor demand forecasting,Increased safety stock,07-06-2025
RSK000795,SHP010040,4,134,4298,09-11-2025,Weather,Flood,Medium,Supplier,8362,Resolved,Supplier production delay,Route optimized,19-11-2025
RSK000796,SHP003410,21,337,2131,27-01-2025,Logistics,Shipment Delay,High,Customer,65785,Mitigated,Supplier production delay,Expedited shipment,03-02-2025
RSK000797,SHP005521,16,449,1647,31-08-2025,Inventory,Overstock,High,Customer,84326,Resolved,Customs clearance delay,Assigned alternate supplier,05-09-2025
RSK000798,SHP013308,15,216,2668,07-07-2025,Warehouse,Power Failure,Medium,Inventory,23091,Resolved,Warehouse power outage,Expedited shipment,11-07-2025
RSK000799,SHP001506,10,28,590,13-10-2025,Inventory,Inventory Mismatch,Medium,Customer,9201,Resolved,Heavy rainfall disrupted transport,Route optimized,24-10-2025
RSK000800,SHP013959,22,112,2376,03-11-2025,Logistics,Route Blockage,Medium,Customer,7600,Investigating,Supplier production delay,Route optimized,
RSK000801,SHP008262,2,276,240,31-07-2025,Supplier,Material Shortage,Medium,Shipment,18423,Mitigated,Customs clearance delay,Emergency procurement completed,07-08-2025
RSK000802,SHP006458,15,189,4588,16-08-2025,Warehouse,Storage Capacity Full,Low,Warehouse,3245,Resolved,Packaging quality issue,Assigned alternate supplier,29-08-2025
RSK000803,SHP009886,22,59,4410,15-01-2025,Inventory,Inventory Mismatch,Medium,Inventory,10130,Resolved,Poor demand forecasting,Assigned alternate supplier,21-01-2025
RSK000804,SHP011597,15,388,3167,25-10-2025,Supplier,Supplier Capacity Issue,Low,Customer,1196,Investigating,Supplier production delay,Assigned alternate supplier,
RSK000805,SHP010624,12,291,1118,23-05-2025,Warehouse,Equipment Failure,High,Supplier,93217,Resolved,Supplier production delay,Route optimized,04-06-2025
RSK000806,SHP002534,5,12,4049,08-06-2025,Warehouse,Storage Capacity Full,Medium,Supplier,21021,Resolved,Heavy rainfall disrupted transport,Emergency procurement completed,11-06-2025
RSK000807,SHP009390,23,409,1590,05-09-2025,Product Quality,Manufacturing Defect,Low,Customer,1113,Mitigated,Incorrect inventory records,Emergency procurement completed,15-09-2025
RSK000808,SHP011219,11,27,4662,26-10-2025,Supplier,Late Delivery,Low,Customer,2946,Investigating,Warehouse power outage,Expedited shipment,
RSK000809,SHP012571,21,356,3777,28-03-2025,Warehouse,Power Failure,Medium,Inventory,13953,Resolved,Incorrect inventory records,Assigned alternate supplier,02-04-2025
RSK000810,SHP008375,11,461,4442,22-05-2025,Inventory,Overstock,Critical,Customer,214961,Mitigated,Incorrect inventory records,Insurance claim initiated,30-05-2025
RSK000811,SHP004815,18,379,4865,07-07-2025,Inventory,Overstock,Medium,Customer,19943,Resolved,Packaging quality issue,Assigned alternate supplier,19-07-2025
RSK000812,SHP006348,9,84,1733,18-08-2025,Warehouse,Storage Capacity Full,Low,Inventory,4566,Resolved,Customs clearance delay,Emergency procurement completed,01-09-2025
RSK000813,SHP005583,21,205,3649,19-09-2025,Logistics,Wrong Delivery,High,Inventory,25854,Resolved,Incorrect inventory records,Assigned alternate supplier,02-10-2025
RSK000814,SHP009053,25,496,1944,16-03-2025,Warehouse,Fire Alarm,Low,Supplier,4857,Resolved,Heavy rainfall disrupted transport,Warehouse maintenance completed,25-03-2025
RSK000815,SHP004168,3,466,801,21-11-2025,Logistics,Shipment Delay,Low,Shipment,567,Resolved,Packaging quality issue,Emergency procurement completed,05-12-2025
RSK000816,SHP011319,9,391,68,24-02-2025,Logistics,Lost Shipment,High,Customer,83753,Resolved,Poor demand forecasting,Insurance claim initiated,01-03-2025
RSK000817,SHP002313,5,410,1752,11-11-2025,Logistics,Shipment Delay,Medium,Customer,6609,Resolved,Warehouse power outage,Insurance claim initiated,15-11-2025
RSK000818,SHP007531,14,146,130,18-06-2025,Inventory,Overstock,High,Customer,55952,Resolved,Supplier production delay,Route optimized,25-06-2025
RSK000819,SHP014208,7,446,495,13-03-2025,Product Quality,Manufacturing Defect,Critical,Supplier,193184,Resolved,Supplier production delay,Increased safety stock,19-03-2025
RSK000820,SHP005611,4,27,93,26-05-2025,Inventory,Stockout,Medium,Supplier,11848,Open,Supplier production delay,Increased safety stock,
RSK000821,SHP009226,25,25,790,19-11-2025,Supplier,Late Delivery,Low,Shipment,4916,Resolved,Poor demand forecasting,Insurance claim initiated,23-11-2025
RSK000822,SHP002797,13,306,2392,01-04-2025,Weather,Flood,Medium,Supplier,24639,Resolved,Heavy rainfall disrupted transport,Assigned alternate supplier,03-04-2025
RSK000823,SHP002567,17,112,2428,25-01-2025,Supplier,Material Shortage,Critical,Inventory,251745,Mitigated,Poor demand forecasting,Increased safety stock,04-02-2025
RSK000824,SHP003309,18,109,1272,06-01-2025,Transportation,Vehicle Breakdown,Medium,Supplier,11568,Investigating,Vehicle mechanical failure,Increased safety stock,
RSK000825,SHP008759,11,432,4943,16-07-2025,Logistics,Shipment Delay,Low,Shipment,2856,Resolved,Heavy rainfall disrupted transport,Emergency procurement completed,17-07-2025
RSK000826,SHP010365,13,295,2800,20-05-2025,Inventory,Stockout,Medium,Inventory,20365,Mitigated,Poor demand forecasting,Insurance claim initiated,22-05-2025
RSK000827,SHP002243,3,481,4516,17-11-2025,Product Quality,Damaged Goods,Low,Customer,2816,Resolved,Supplier production delay,Expedited shipment,25-11-2025
RSK000828,SHP007049,1,124,520,10-07-2025,Inventory,Inventory Mismatch,High,Warehouse,93387,Resolved,Poor demand forecasting,Emergency procurement completed,19-07-2025
RSK000829,SHP005331,24,231,3839,27-05-2025,Supplier,Material Shortage,Medium,Shipment,23582,Resolved,Customs clearance delay,Warehouse maintenance completed,30-05-2025
RSK000830,SHP004338,12,474,2575,03-09-2025,Supplier,Material Shortage,High,Warehouse,64199,Mitigated,Poor demand forecasting,Assigned alternate supplier,14-09-2025
RSK000831,SHP006952,3,498,1269,24-05-2025,Logistics,Lost Shipment,Low,Warehouse,3006,Resolved,Customs clearance delay,Assigned alternate supplier,03-06-2025
RSK000832,SHP012887,10,105,4762,04-09-2025,Logistics,Shipment Delay,High,Shipment,86996,Resolved,Supplier production delay,Emergency procurement completed,13-09-2025
RSK000833,SHP004693,23,285,4016,01-05-2025,Supplier,Supplier Capacity Issue,Medium,Customer,11736,Investigating,Packaging quality issue,Increased safety stock,
RSK000834,SHP010304,18,227,4375,10-11-2025,Logistics,Lost Shipment,Low,Warehouse,896,Resolved,Packaging quality issue,Additional quality inspection,20-11-2025
RSK000835,SHP002694,5,322,30,24-09-2025,Supplier,Supplier Capacity Issue,Medium,Shipment,18113,Resolved,Poor demand forecasting,Expedited shipment,08-10-2025
RSK000836,SHP006610,1,285,2905,22-07-2025,Weather,Cyclone,Medium,Warehouse,13095,Mitigated,Customs clearance delay,Expedited shipment,30-07-2025
RSK000837,SHP005828,10,169,4231,27-04-2025,Warehouse,Fire Alarm,Medium,Supplier,12502,Resolved,Warehouse power outage,Additional quality inspection,11-05-2025
RSK000838,SHP008731,16,335,2805,12-04-2025,Warehouse,Storage Capacity Full,Low,Supplier,3536,Resolved,Poor demand forecasting,Assigned alternate supplier,18-04-2025
RSK000839,SHP001752,3,47,1169,15-03-2025,Logistics,Shipment Delay,Low,Supplier,2655,Resolved,Poor demand forecasting,Assigned alternate supplier,26-03-2025
RSK000840,SHP013040,8,313,1130,21-03-2025,Warehouse,Power Failure,Low,Inventory,1983,Resolved,Warehouse power outage,Increased safety stock,04-04-2025
RSK000841,SHP004812,19,374,3637,11-01-2025,Weather,Cyclone,Low,Warehouse,855,Mitigated,Poor demand forecasting,Route optimized,16-01-2025
RSK000842,SHP000320,11,9,4013,24-04-2025,Inventory,Stockout,High,Customer,57140,Open,Customs clearance delay,Insurance claim initiated,
RSK000843,SHP012880,3,461,2056,17-11-2025,Warehouse,Equipment Failure,High,Inventory,74014,Resolved,Heavy rainfall disrupted transport,Warehouse maintenance completed,22-11-2025
RSK000844,SHP009068,5,474,4893,06-07-2025,Warehouse,Storage Capacity Full,Low,Inventory,4486,Resolved,Packaging quality issue,Insurance claim initiated,20-07-2025
RSK000845,SHP014128,14,99,4799,25-03-2025,Supplier,Late Delivery,Low,Customer,4796,Resolved,Packaging quality issue,Expedited shipment,27-03-2025
RSK000846,SHP008772,16,111,1990,31-07-2025,Financial,Cost Increase,Medium,Supplier,19061,Resolved,Customs clearance delay,Route optimized,14-08-2025
RSK000847,SHP001500,18,61,4667,20-02-2025,Inventory,Inventory Mismatch,Low,Supplier,1258,Investigating,Heavy rainfall disrupted transport,Increased safety stock,
RSK000848,SHP006393,16,117,1316,01-04-2025,Logistics,Shipment Delay,Medium,Warehouse,19775,Resolved,Vehicle mechanical failure,Additional quality inspection,04-04-2025
RSK000849,SHP005274,8,398,2236,02-12-2025,Supplier,Material Shortage,Medium,Shipment,20015,Resolved,Poor demand forecasting,Emergency procurement completed,10-12-2025
RSK000850,SHP000535,7,136,2618,29-04-2025,Supplier,Supplier Capacity Issue,High,Supplier,44508,Investigating,Poor demand forecasting,Route optimized,
RSK000851,SHP007783,8,204,2384,06-12-2025,Inventory,Inventory Mismatch,Critical,Supplier,331513,Resolved,Poor demand forecasting,Warehouse maintenance completed,17-12-2025
RSK000852,SHP011777,9,479,3175,04-05-2025,Transportation,Fuel Shortage,Low,Supplier,1985,Mitigated,Packaging quality issue,Warehouse maintenance completed,15-05-2025
RSK000853,SHP001488,12,203,2837,03-09-2025,Warehouse,Power Failure,Medium,Inventory,13432,Investigating,Poor demand forecasting,Expedited shipment,
RSK000854,SHP014050,9,77,4420,06-05-2025,Transportation,Traffic Congestion,Low,Shipment,3634,Resolved,Customs clearance delay,Additional quality inspection,08-05-2025
RSK000855,SHP013134,22,370,13,27-01-2025,Logistics,Route Blockage,Medium,Supplier,10586,Investigating,Supplier production delay,Expedited shipment,
RSK000856,SHP014274,25,106,1024,20-03-2025,Warehouse,Equipment Failure,Medium,Shipment,7364,Resolved,Packaging quality issue,Route optimized,27-03-2025
RSK000857,SHP009878,22,376,4733,02-11-2025,Logistics,Wrong Delivery,Low,Inventory,3004,Open,Warehouse power outage,Expedited shipment,
RSK000858,SHP008225,7,475,4623,24-10-2025,Transportation,Vehicle Breakdown,Low,Supplier,1601,Mitigated,Supplier production delay,Emergency procurement completed,28-10-2025
RSK000859,SHP008402,10,122,65,25-02-2025,Supplier,Supplier Capacity Issue,Low,Inventory,2132,Resolved,Vehicle mechanical failure,Additional quality inspection,06-03-2025
RSK000860,SHP009079,21,444,2202,12-10-2025,Warehouse,Power Failure,High,Inventory,74646,Mitigated,Vehicle mechanical failure,Expedited shipment,17-10-2025
RSK000861,SHP010592,8,113,2472,09-10-2025,Financial,Currency Fluctuation,High,Inventory,99157,Resolved,Heavy rainfall disrupted transport,Expedited shipment,15-10-2025
RSK000862,SHP012285,9,202,4121,13-01-2025,Warehouse,Power Failure,High,Shipment,96094,Mitigated,Vehicle mechanical failure,Warehouse maintenance completed,23-01-2025
RSK000863,SHP006872,17,329,2734,12-05-2025,Logistics,Shipment Delay,Low,Customer,865,Mitigated,Packaging quality issue,Emergency procurement completed,24-05-2025
RSK000864,SHP001671,2,437,3212,30-01-2025,Supplier,Late Delivery,Low,Warehouse,2126,Resolved,Heavy rainfall disrupted transport,Insurance claim initiated,31-01-2025
RSK000865,SHP013161,8,464,2539,08-12-2025,Warehouse,Storage Capacity Full,Medium,Inventory,18914,Investigating,Customs clearance delay,Expedited shipment,
RSK000866,SHP010361,21,181,1967,22-02-2025,Supplier,Late Delivery,High,Supplier,75306,Resolved,Heavy rainfall disrupted transport,Additional quality inspection,07-03-2025
RSK000867,SHP012144,4,26,3612,22-12-2025,Inventory,Overstock,Medium,Customer,14127,Open,Warehouse power outage,Additional quality inspection,
RSK000868,SHP011086,17,120,709,15-02-2025,Product Quality,Packaging Damage,Medium,Shipment,22909,Mitigated,Poor demand forecasting,Insurance claim initiated,24-02-2025
RSK000869,SHP011553,2,32,844,14-04-2025,Supplier,Late Delivery,Low,Warehouse,1977,Resolved,Poor demand forecasting,Additional quality inspection,24-04-2025
RSK000870,SHP002895,24,149,3523,11-09-2025,Warehouse,Equipment Failure,Low,Inventory,3616,Resolved,Warehouse power outage,Warehouse maintenance completed,17-09-2025
RSK000871,SHP006440,20,119,430,20-03-2025,Warehouse,Storage Capacity Full,Low,Supplier,3140,Open,Warehouse power outage,Expedited shipment,
RSK000872,SHP007667,15,219,693,25-01-2025,Inventory,Inventory Mismatch,Low,Inventory,2370,Investigating,Customs clearance delay,Route optimized,
RSK000873,SHP001672,5,28,3123,25-11-2025,Inventory,Stockout,Low,Shipment,2687,Resolved,Heavy rainfall disrupted transport,Route optimized,07-12-2025
RSK000874,SHP003033,3,193,3973,20-01-2025,Warehouse,Fire Alarm,Medium,Supplier,17655,Resolved,Poor demand forecasting,Route optimized,29-01-2025
RSK000875,SHP011221,15,393,748,24-12-2025,Logistics,Wrong Delivery,Low,Supplier,4598,Resolved,Packaging quality issue,Additional quality inspection,03-01-2026
RSK000876,SHP005919,4,422,3267,28-04-2025,Warehouse,Equipment Failure,Medium,Supplier,13755,Investigating,Vehicle mechanical failure,Insurance claim initiated,
RSK000877,SHP012519,6,447,243,16-08-2025,Supplier,Late Delivery,Low,Customer,4744,Resolved,Incorrect inventory records,Assigned alternate supplier,23-08-2025
RSK000878,SHP001350,22,281,3531,29-05-2025,Supplier,Late Delivery,Medium,Supplier,20460,Resolved,Packaging quality issue,Expedited shipment,01-06-2025
RSK000879,SHP008819,13,339,2755,16-12-2025,Inventory,Inventory Mismatch,Low,Shipment,4401,Resolved,Supplier production delay,Route optimized,20-12-2025
RSK000880,SHP014147,9,235,4250,17-03-2025,Inventory,Inventory Mismatch,Low,Inventory,1027,Resolved,Poor demand forecasting,Route optimized,21-03-2025
RSK000881,SHP005013,16,229,2985,20-07-2025,Logistics,Shipment Delay,Low,Shipment,4366,Open,Vehicle mechanical failure,Increased safety stock,
RSK000882,SHP013391,25,60,1606,22-11-2025,Financial,Cost Increase,Low,Shipment,3982,Resolved,Warehouse power outage,Increased safety stock,29-11-2025
RSK000883,SHP004688,18,413,4889,11-07-2025,Inventory,Inventory Mismatch,Low,Warehouse,3140,Resolved,Supplier production delay,Emergency procurement completed,25-07-2025
RSK000884,SHP002129,16,252,1916,11-05-2025,Warehouse,Storage Capacity Full,Medium,Shipment,9602,Investigating,Vehicle mechanical failure,Expedited shipment,
RSK000885,SHP011697,14,241,2874,19-02-2025,Supplier,Material Shortage,Low,Customer,4890,Resolved,Vehicle mechanical failure,Insurance claim initiated,21-02-2025
RSK000886,SHP013591,19,218,858,29-07-2025,Warehouse,Equipment Failure,Medium,Customer,5341,Resolved,Poor demand forecasting,Expedited shipment,31-07-2025
RSK000887,SHP005260,12,46,1383,14-02-2025,Inventory,Inventory Mismatch,Low,Warehouse,1296,Resolved,Warehouse power outage,Additional quality inspection,28-02-2025
RSK000888,SHP006409,16,452,515,01-11-2025,Inventory,Inventory Mismatch,Low,Warehouse,4614,Resolved,Incorrect inventory records,Assigned alternate supplier,15-11-2025
RSK000889,SHP011324,18,277,3754,31-03-2025,Transportation,Traffic Congestion,Low,Customer,2546,Resolved,Heavy rainfall disrupted transport,Assigned alternate supplier,06-04-2025
RSK000890,SHP009879,25,408,3331,15-07-2025,Supplier,Supplier Capacity Issue,Low,Shipment,3466,Open,Vehicle mechanical failure,Increased safety stock,
RSK000891,SHP013252,22,178,4442,27-03-2025,Warehouse,Storage Capacity Full,Medium,Inventory,12384,Investigating,Warehouse power outage,Expedited shipment,
RSK000892,SHP010642,17,303,1219,09-12-2025,Inventory,Overstock,Low,Shipment,3076,Resolved,Warehouse power outage,Assigned alternate supplier,22-12-2025
RSK000893,SHP007605,19,195,1918,25-03-2025,Logistics,Wrong Delivery,Medium,Shipment,14938,Resolved,Warehouse power outage,Increased safety stock,07-04-2025
RSK000894,SHP002368,21,336,467,23-09-2025,Inventory,Inventory Mismatch,High,Shipment,61629,Investigating,Warehouse power outage,Insurance claim initiated,
RSK000895,SHP011936,11,187,3773,05-12-2025,Warehouse,Storage Capacity Full,High,Shipment,95832,Mitigated,Supplier production delay,Assigned alternate supplier,06-12-2025
RSK000896,SHP002976,20,207,1334,28-09-2025,Logistics,Wrong Delivery,Medium,Inventory,17628,Resolved,Warehouse power outage,Assigned alternate supplier,03-10-2025
RSK000897,SHP013188,20,437,2362,26-04-2025,Inventory,Overstock,Critical,Shipment,394660,Mitigated,Heavy rainfall disrupted transport,Increased safety stock,03-05-2025
RSK000898,SHP009443,4,291,1518,14-04-2025,Supplier,Late Delivery,Low,Shipment,798,Resolved,Warehouse power outage,Expedited shipment,25-04-2025
RSK000899,SHP010551,8,475,1597,12-02-2025,Logistics,Wrong Delivery,Critical,Warehouse,390902,Resolved,Incorrect inventory records,Emergency procurement completed,20-02-2025
RSK000900,SHP013860,20,327,2698,08-01-2025,Supplier,Supplier Capacity Issue,Medium,Customer,9418,Resolved,Vehicle mechanical failure,Expedited shipment,16-01-2025
RSK000901,SHP010687,10,214,4341,30-04-2025,Supplier,Material Shortage,Low,Warehouse,1672,Resolved,Supplier production delay,Insurance claim initiated,13-05-2025
RSK000902,SHP006020,6,348,3530,11-09-2025,Inventory,Inventory Mismatch,High,Warehouse,43181,Resolved,Incorrect inventory records,Assigned alternate supplier,22-09-2025
RSK000903,SHP009088,5,4,3877,20-06-2025,Logistics,Route Blockage,High,Warehouse,76397,Resolved,Customs clearance delay,Insurance claim initiated,29-06-2025
RSK000904,SHP010773,1,213,740,04-04-2025,Logistics,Lost Shipment,Low,Shipment,1048,Resolved,Packaging quality issue,Warehouse maintenance completed,11-04-2025
RSK000905,SHP003273,16,31,920,04-04-2025,Warehouse,Fire Alarm,Medium,Inventory,15355,Resolved,Incorrect inventory records,Warehouse maintenance completed,14-04-2025
RSK000906,SHP009924,1,72,1440,26-01-2025,Logistics,Lost Shipment,Low,Inventory,4801,Investigating,Incorrect inventory records,Warehouse maintenance completed,
RSK000907,SHP013455,15,298,4894,06-07-2025,Logistics,Shipment Delay,Low,Warehouse,3442,Resolved,Poor demand forecasting,Assigned alternate supplier,08-07-2025
RSK000908,SHP001980,15,333,367,16-05-2025,Supplier,Supplier Capacity Issue,Low,Inventory,1859,Resolved,Customs clearance delay,Additional quality inspection,29-05-2025
RSK000909,SHP000779,14,289,3708,18-09-2025,Inventory,Stockout,Low,Shipment,1951,Resolved,Incorrect inventory records,Assigned alternate supplier,02-10-2025
RSK000910,SHP004003,23,165,4733,06-08-2025,Supplier,Late Delivery,Medium,Shipment,14216,Mitigated,Poor demand forecasting,Expedited shipment,09-08-2025
RSK000911,SHP013859,18,81,2223,05-09-2025,Logistics,Shipment Delay,High,Warehouse,63420,Resolved,Supplier production delay,Expedited shipment,13-09-2025
RSK000912,SHP012435,18,24,3504,08-11-2025,Warehouse,Fire Alarm,Medium,Customer,24689,Resolved,Warehouse power outage,Insurance claim initiated,21-11-2025
RSK000913,SHP013615,16,420,4803,12-07-2025,Supplier,Late Delivery,Low,Inventory,3260,Mitigated,Heavy rainfall disrupted transport,Increased safety stock,25-07-2025
RSK000914,SHP006450,15,93,4933,17-08-2025,Supplier,Material Shortage,Low,Supplier,553,Mitigated,Heavy rainfall disrupted transport,Route optimized,23-08-2025
RSK000915,SHP013037,8,320,2701,02-04-2025,Product Quality,Packaging Damage,Critical,Customer,436723,Resolved,Supplier production delay,Insurance claim initiated,12-04-2025
RSK000916,SHP010628,22,395,190,01-10-2025,Inventory,Overstock,Medium,Shipment,21810,Investigating,Vehicle mechanical failure,Emergency procurement completed,
RSK000917,SHP011759,21,60,1228,06-04-2025,Logistics,Shipment Delay,Medium,Supplier,12999,Investigating,Customs clearance delay,Additional quality inspection,
RSK000918,SHP011518,20,481,2643,09-11-2025,Inventory,Overstock,Low,Inventory,2424,Investigating,Vehicle mechanical failure,Increased safety stock,
RSK000919,SHP002040,11,255,3809,06-10-2025,Inventory,Stockout,Low,Shipment,2007,Resolved,Poor demand forecasting,Route optimized,11-10-2025
RSK000920,SHP009328,11,161,3973,05-11-2025,Logistics,Shipment Delay,Low,Supplier,1277,Resolved,Warehouse power outage,Warehouse maintenance completed,17-11-2025
RSK000921,SHP001263,13,430,343,17-10-2025,Product Quality,Damaged Goods,Low,Warehouse,1104,Resolved,Warehouse power outage,Assigned alternate supplier,30-10-2025
RSK000922,SHP002427,1,454,1357,24-01-2025,Inventory,Stockout,Low,Customer,1670,Mitigated,Warehouse power outage,Additional quality inspection,30-01-2025
RSK000923,SHP008343,2,157,4736,21-08-2025,Warehouse,Fire Alarm,High,Shipment,58109,Resolved,Supplier production delay,Route optimized,24-08-2025
RSK000924,SHP001103,8,198,4034,02-02-2025,Supplier,Supplier Capacity Issue,Medium,Warehouse,8267,Resolved,Vehicle mechanical failure,Emergency procurement completed,11-02-2025
RSK000925,SHP000461,11,212,517,04-02-2025,Logistics,Shipment Delay,Critical,Inventory,157499,Resolved,Vehicle mechanical failure,Increased safety stock,11-02-2025
RSK000926,SHP010973,21,379,4357,20-10-2025,Logistics,Lost Shipment,High,Customer,55150,Resolved,Vehicle mechanical failure,Additional quality inspection,22-10-2025
RSK000927,SHP008950,25,17,3221,17-05-2025,Logistics,Lost Shipment,Low,Customer,927,Investigating,Warehouse power outage,Warehouse maintenance completed,
RSK000928,SHP002731,2,237,918,02-07-2025,Logistics,Wrong Delivery,High,Warehouse,86439,Resolved,Incorrect inventory records,Warehouse maintenance completed,12-07-2025
RSK000929,SHP007475,14,348,4414,14-09-2025,Logistics,Wrong Delivery,High,Inventory,60187,Resolved,Supplier production delay,Route optimized,28-09-2025
RSK000930,SHP001450,13,427,1533,26-11-2025,Supplier,Material Shortage,Low,Inventory,971,Investigating,Customs clearance delay,Route optimized,
RSK000931,SHP011598,24,390,4365,09-01-2025,Logistics,Route Blockage,Low,Customer,2972,Investigating,Poor demand forecasting,Warehouse maintenance completed,
RSK000932,SHP013219,5,33,2907,23-10-2025,Inventory,Overstock,Medium,Shipment,6770,Open,Heavy rainfall disrupted transport,Warehouse maintenance completed,
RSK000933,SHP001945,11,448,3190,20-03-2025,Logistics,Route Blockage,Critical,Customer,159007,Investigating,Customs clearance delay,Insurance claim initiated,
RSK000934,SHP007118,1,11,2667,26-12-2025,Product Quality,Manufacturing Defect,High,Inventory,57665,Mitigated,Customs clearance delay,Increased safety stock,01-01-2026
RSK000935,SHP001732,3,13,2974,15-09-2025,Logistics,Shipment Delay,Low,Warehouse,4246,Investigating,Warehouse power outage,Insurance claim initiated,
RSK000936,SHP004773,18,113,4646,11-02-2025,Supplier,Late Delivery,Critical,Shipment,265499,Mitigated,Poor demand forecasting,Expedited shipment,18-02-2025
RSK000937,SHP012082,6,477,3307,28-10-2025,Logistics,Route Blockage,High,Warehouse,49339,Mitigated,Warehouse power outage,Route optimized,29-10-2025
RSK000938,SHP003130,11,61,2977,13-07-2025,Product Quality,Damaged Goods,High,Supplier,90908,Investigating,Supplier production delay,Assigned alternate supplier,
RSK000939,SHP010239,4,72,4216,17-03-2025,Supplier,Material Shortage,Critical,Customer,469718,Open,Packaging quality issue,Assigned alternate supplier,
RSK000940,SHP014540,18,122,4748,19-01-2025,Logistics,Wrong Delivery,Low,Warehouse,1956,Resolved,Vehicle mechanical failure,Assigned alternate supplier,22-01-2025
RSK000941,SHP000136,9,149,1212,20-11-2025,Financial,Cost Increase,Low,Warehouse,3317,Resolved,Poor demand forecasting,Assigned alternate supplier,25-11-2025
RSK000942,SHP004268,21,190,2338,29-09-2025,Product Quality,Manufacturing Defect,High,Warehouse,93421,Resolved,Vehicle mechanical failure,Expedited shipment,08-10-2025
RSK000943,SHP005731,21,378,589,07-04-2025,Inventory,Inventory Mismatch,Low,Warehouse,2344,Resolved,Incorrect inventory records,Emergency procurement completed,16-04-2025
RSK000944,SHP000672,18,410,2624,02-09-2025,Product Quality,Packaging Damage,Low,Shipment,2130,Resolved,Packaging quality issue,Insurance claim initiated,05-09-2025
RSK000945,SHP013464,14,253,312,09-01-2025,Warehouse,Fire Alarm,Low,Warehouse,4542,Resolved,Vehicle mechanical failure,Assigned alternate supplier,14-01-2025
RSK000946,SHP001502,25,24,4243,22-11-2025,Inventory,Overstock,Medium,Inventory,16759,Mitigated,Heavy rainfall disrupted transport,Expedited shipment,24-11-2025
RSK000947,SHP005013,3,81,3261,21-10-2025,Product Quality,Packaging Damage,Low,Supplier,964,Mitigated,Packaging quality issue,Insurance claim initiated,30-10-2025
RSK000948,SHP009263,17,313,924,30-06-2025,Supplier,Late Delivery,High,Supplier,32488,Mitigated,Customs clearance delay,Insurance claim initiated,04-07-2025
RSK000949,SHP003766,21,208,1140,06-06-2025,Warehouse,Fire Alarm,Low,Warehouse,2292,Mitigated,Packaging quality issue,Insurance claim initiated,12-06-2025
RSK000950,SHP013700,21,32,885,30-10-2025,Product Quality,Packaging Damage,Low,Supplier,1002,Open,Supplier production delay,Route optimized,
RSK000951,SHP004490,17,60,2574,29-10-2025,Logistics,Shipment Delay,Critical,Shipment,492004,Mitigated,Incorrect inventory records,Assigned alternate supplier,31-10-2025
RSK000952,SHP006739,2,488,2711,25-04-2025,Transportation,Traffic Congestion,High,Supplier,98524,Resolved,Warehouse power outage,Assigned alternate supplier,30-04-2025
RSK000953,SHP011081,19,214,4528,20-02-2025,Weather,Cyclone,High,Customer,45760,Resolved,Poor demand forecasting,Warehouse maintenance completed,03-03-2025
RSK000954,SHP006909,23,212,740,12-04-2025,Inventory,Overstock,Medium,Inventory,9627,Mitigated,Heavy rainfall disrupted transport,Increased safety stock,25-04-2025
RSK000955,SHP003725,24,86,3707,21-12-2025,Inventory,Stockout,Medium,Warehouse,8830,Investigating,Packaging quality issue,Increased safety stock,
RSK000956,SHP009713,9,286,2796,06-07-2025,Logistics,Wrong Delivery,Medium,Warehouse,21426,Resolved,Supplier production delay,Assigned alternate supplier,11-07-2025
RSK000957,SHP003150,22,447,1108,29-08-2025,Logistics,Route Blockage,High,Supplier,86392,Resolved,Supplier production delay,Warehouse maintenance completed,09-09-2025
RSK000958,SHP013106,19,394,3493,16-01-2025,Logistics,Wrong Delivery,High,Inventory,37851,Resolved,Vehicle mechanical failure,Assigned alternate supplier,22-01-2025
RSK000959,SHP007569,2,91,364,30-09-2025,Supplier,Material Shortage,Low,Customer,574,Resolved,Poor demand forecasting,Assigned alternate supplier,02-10-2025
RSK000960,SHP007510,7,409,1689,15-05-2025,Warehouse,Power Failure,Low,Warehouse,3473,Resolved,Packaging quality issue,Route optimized,16-05-2025
RSK000961,SHP006017,20,345,1724,08-01-2025,Warehouse,Fire Alarm,High,Supplier,61661,Resolved,Customs clearance delay,Increased safety stock,11-01-2025
RSK000962,SHP000997,17,107,1678,21-07-2025,Logistics,Shipment Delay,Medium,Shipment,11214,Mitigated,Poor demand forecasting,Assigned alternate supplier,27-07-2025
RSK000963,SHP014470,22,3,1456,26-11-2025,Inventory,Overstock,Medium,Customer,13473,Resolved,Heavy rainfall disrupted transport,Expedited shipment,09-12-2025
RSK000964,SHP008762,10,30,1941,05-09-2025,Product Quality,Damaged Goods,High,Warehouse,28297,Resolved,Heavy rainfall disrupted transport,Increased safety stock,15-09-2025
RSK000965,SHP012343,5,44,967,11-01-2025,Supplier,Late Delivery,Low,Warehouse,1902,Investigating,Vehicle mechanical failure,Insurance claim initiated,
RSK000966,SHP012977,12,498,837,08-02-2025,Supplier,Supplier Capacity Issue,Medium,Warehouse,18115,Resolved,Packaging quality issue,Insurance claim initiated,09-02-2025
RSK000967,SHP009165,9,37,399,22-01-2025,Transportation,Vehicle Breakdown,High,Shipment,34681,Resolved,Heavy rainfall disrupted transport,Expedited shipment,02-02-2025
RSK000968,SHP007160,4,148,978,14-02-2025,Inventory,Inventory Mismatch,High,Inventory,70799,Resolved,Heavy rainfall disrupted transport,Increased safety stock,24-02-2025
RSK000969,SHP007928,16,123,3514,31-12-2025,Inventory,Stockout,Low,Warehouse,1517,Resolved,Warehouse power outage,Expedited shipment,06-01-2026
RSK000970,SHP000922,8,314,2490,17-01-2025,Logistics,Route Blockage,Low,Supplier,1098,Mitigated,Vehicle mechanical failure,Assigned alternate supplier,18-01-2025
RSK000971,SHP003604,5,104,3899,18-02-2025,Weather,Heavy Rain,Medium,Supplier,19572,Resolved,Customs clearance delay,Expedited shipment,26-02-2025
RSK000972,SHP002483,21,451,1031,26-11-2025,Supplier,Late Delivery,Low,Warehouse,3744,Investigating,Packaging quality issue,Expedited shipment,
RSK000973,SHP007420,4,186,810,26-06-2025,Warehouse,Fire Alarm,Low,Supplier,2891,Investigating,Heavy rainfall disrupted transport,Increased safety stock,
RSK000974,SHP004591,6,294,3136,27-06-2025,Supplier,Supplier Capacity Issue,Low,Shipment,1849,Investigating,Packaging quality issue,Increased safety stock,
RSK000975,SHP011357,6,125,2452,01-11-2025,Financial,Currency Fluctuation,Critical,Customer,425447,Resolved,Supplier production delay,Expedited shipment,14-11-2025
RSK000976,SHP009359,14,44,4168,15-01-2025,Financial,Cost Increase,High,Warehouse,26023,Resolved,Packaging quality issue,Warehouse maintenance completed,27-01-2025
RSK000977,SHP010612,24,335,3105,05-12-2025,Transportation,Traffic Congestion,Low,Inventory,3024,Resolved,Customs clearance delay,Insurance claim initiated,13-12-2025
RSK000978,SHP008614,21,345,3202,19-06-2025,Transportation,Fuel Shortage,High,Inventory,61619,Open,Customs clearance delay,Assigned alternate supplier,
RSK000979,SHP012592,15,389,243,03-09-2025,Warehouse,Equipment Failure,Low,Customer,3889,Investigating,Packaging quality issue,Emergency procurement completed,
RSK000980,SHP003368,17,5,4991,06-08-2025,Logistics,Wrong Delivery,Medium,Warehouse,17493,Mitigated,Vehicle mechanical failure,Insurance claim initiated,12-08-2025
RSK000981,SHP009851,25,374,28,29-05-2025,Supplier,Material Shortage,Medium,Shipment,20312,Resolved,Supplier production delay,Route optimized,03-06-2025
RSK000982,SHP010371,6,443,388,13-12-2025,Inventory,Overstock,Medium,Customer,22589,Resolved,Poor demand forecasting,Additional quality inspection,25-12-2025
RSK000983,SHP001980,11,320,605,04-06-2025,Weather,Heavy Rain,Medium,Customer,23724,Resolved,Supplier production delay,Assigned alternate supplier,16-06-2025
RSK000984,SHP001860,10,99,4898,05-05-2025,Weather,Flood,Low,Warehouse,1898,Resolved,Supplier production delay,Expedited shipment,17-05-2025
RSK000985,SHP007175,11,37,4209,07-01-2025,Supplier,Material Shortage,High,Warehouse,54831,Mitigated,Packaging quality issue,Emergency procurement completed,09-01-2025
RSK000986,SHP012429,18,316,1431,04-09-2025,Weather,Heavy Rain,Medium,Inventory,7883,Resolved,Customs clearance delay,Emergency procurement completed,06-09-2025
RSK000987,SHP001619,19,205,611,10-08-2025,Product Quality,Manufacturing Defect,Low,Warehouse,1979,Resolved,Vehicle mechanical failure,Insurance claim initiated,17-08-2025
RSK000988,SHP011633,22,250,2187,07-10-2025,Supplier,Material Shortage,Medium,Supplier,10590,Resolved,Incorrect inventory records,Increased safety stock,20-10-2025
RSK000989,SHP000137,25,149,2035,19-12-2025,Supplier,Late Delivery,Low,Customer,4153,Resolved,Incorrect inventory records,Increased safety stock,31-12-2025
RSK000990,SHP013966,10,291,1866,23-12-2025,Inventory,Inventory Mismatch,High,Customer,98109,Mitigated,Customs clearance delay,Expedited shipment,26-12-2025
RSK000991,SHP005859,12,274,4547,14-11-2025,Weather,Flood,Critical,Warehouse,181847,Resolved,Customs clearance delay,Emergency procurement completed,26-11-2025
RSK000992,SHP002730,1,143,4244,23-01-2025,Product Quality,Manufacturing Defect,Medium,Supplier,11259,Mitigated,Packaging quality issue,Additional quality inspection,03-02-2025
RSK000993,SHP014559,6,302,2498,07-07-2025,Logistics,Shipment Delay,Low,Shipment,3435,Resolved,Incorrect inventory records,Additional quality inspection,13-07-2025
RSK000994,SHP002776,19,197,26,30-06-2025,Transportation,Traffic Congestion,Medium,Customer,6762,Resolved,Warehouse power outage,Increased safety stock,10-07-2025
RSK000995,SHP005397,2,224,2367,11-04-2025,Supplier,Material Shortage,Low,Warehouse,737,Investigating,Heavy rainfall disrupted transport,Insurance claim initiated,
RSK000996,SHP009863,23,80,4188,10-02-2025,Logistics,Lost Shipment,High,Inventory,39156,Resolved,Incorrect inventory records,Warehouse maintenance completed,20-02-2025
RSK000997,SHP010479,21,47,2752,05-01-2025,Inventory,Inventory Mismatch,Low,Customer,3536,Investigating,Incorrect inventory records,Increased safety stock,
RSK000998,SHP010198,23,423,4420,17-09-2025,Logistics,Route Blockage,Low,Supplier,3958,Resolved,Supplier production delay,Emergency procurement completed,30-09-2025
RSK000999,SHP011759,16,395,2928,30-05-2025,Inventory,Stockout,Medium,Customer,22446,Resolved,Packaging quality issue,Route optimized,08-06-2025
RSK001000,SHP013814,10,272,555,10-10-2025,Product Quality,Manufacturing Defect,Low,Shipment,910,Resolved,Heavy rainfall disrupted transport,Assigned alternate supplier,23-10-2025
RSK001001,SHP011620,21,462,3989,10-11-2025,Product Quality,Damaged Goods,Low,Inventory,4769,Resolved,Packaging quality issue,Expedited shipment,21-11-2025
RSK001002,SHP007195,8,401,2700,18-11-2025,Logistics,Lost Shipment,High,Customer,26341,Mitigated,Vehicle mechanical failure,Emergency procurement completed,27-11-2025
RSK001003,SHP012506,3,482,3331,20-02-2025,Logistics,Wrong Delivery,Low,Shipment,4180,Mitigated,Warehouse power outage,Emergency procurement completed,23-02-2025
RSK001004,SHP009152,23,151,2700,22-09-2025,Warehouse,Fire Alarm,Low,Supplier,856,Resolved,Customs clearance delay,Route optimized,25-09-2025
RSK001005,SHP002848,21,485,4496,12-06-2025,Logistics,Wrong Delivery,Medium,Warehouse,11025,Investigating,Customs clearance delay,Increased safety stock,
RSK001006,SHP010028,9,348,245,18-12-2025,Supplier,Material Shortage,Low,Customer,3881,Resolved,Customs clearance delay,Increased safety stock,30-12-2025
RSK001007,SHP000008,2,86,1552,21-10-2025,Logistics,Wrong Delivery,Low,Shipment,4961,Mitigated,Poor demand forecasting,Warehouse maintenance completed,28-10-2025
RSK001008,SHP003843,10,178,1944,05-06-2025,Supplier,Material Shortage,Low,Shipment,1186,Investigating,Vehicle mechanical failure,Expedited shipment,
RSK001009,SHP002154,2,178,1859,28-11-2025,Warehouse,Power Failure,Medium,Customer,15146,Mitigated,Poor demand forecasting,Increased safety stock,05-12-2025
RSK001010,SHP001692,2,225,2864,19-06-2025,Product Quality,Manufacturing Defect,Low,Warehouse,3619,Investigating,Warehouse power outage,Increased safety stock,
RSK001011,SHP014970,12,50,1742,27-12-2025,Transportation,Fuel Shortage,High,Customer,26068,Investigating,Customs clearance delay,Warehouse maintenance completed,
RSK001012,SHP007797,25,277,399,12-08-2025,Logistics,Route Blockage,Low,Customer,683,Mitigated,Incorrect inventory records,Additional quality inspection,26-08-2025
RSK001013,SHP013556,23,80,176,12-07-2025,Logistics,Shipment Delay,Medium,Warehouse,6006,Resolved,Packaging quality issue,Emergency procurement completed,23-07-2025
RSK001014,SHP000715,15,105,4459,04-12-2025,Warehouse,Power Failure,Medium,Customer,16346,Resolved,Warehouse power outage,Emergency procurement completed,10-12-2025
RSK001015,SHP011270,12,197,2717,31-03-2025,Inventory,Overstock,High,Customer,53760,Resolved,Heavy rainfall disrupted transport,Insurance claim initiated,06-04-2025
RSK001016,SHP012365,9,34,4147,05-06-2025,Logistics,Route Blockage,Low,Inventory,2150,Resolved,Customs clearance delay,Emergency procurement completed,11-06-2025
RSK001017,SHP003095,23,77,806,01-12-2025,Warehouse,Storage Capacity Full,High,Customer,91103,Investigating,Warehouse power outage,Route optimized,
RSK001018,SHP014028,16,354,4628,07-12-2025,Logistics,Route Blockage,Critical,Inventory,123843,Open,Incorrect inventory records,Increased safety stock,
RSK001019,SHP014344,1,42,4562,01-08-2025,Supplier,Material Shortage,Medium,Inventory,8042,Resolved,Incorrect inventory records,Assigned alternate supplier,08-08-2025
RSK001020,SHP013373,8,389,4940,20-09-2025,Logistics,Shipment Delay,High,Inventory,40125,Mitigated,Heavy rainfall disrupted transport,Insurance claim initiated,29-09-2025
RSK001021,SHP003026,15,12,3601,27-01-2025,Inventory,Overstock,Low,Customer,1173,Mitigated,Customs clearance delay,Increased safety stock,04-02-2025
RSK001022,SHP006434,4,285,3198,22-11-2025,Logistics,Lost Shipment,Medium,Customer,17324,Resolved,Vehicle mechanical failure,Emergency procurement completed,28-11-2025
RSK001023,SHP003578,11,261,908,09-03-2025,Inventory,Inventory Mismatch,Low,Inventory,4603,Mitigated,Vehicle mechanical failure,Additional quality inspection,10-03-2025
RSK001024,SHP006262,20,238,4734,27-07-2025,Logistics,Shipment Delay,Low,Inventory,4732,Resolved,Incorrect inventory records,Assigned alternate supplier,10-08-2025
RSK001025,SHP013436,24,156,3605,16-01-2025,Warehouse,Power Failure,Medium,Warehouse,24807,Investigating,Poor demand forecasting,Increased safety stock,
RSK001026,SHP005273,19,30,1277,21-02-2025,Transportation,Vehicle Breakdown,Low,Customer,1066,Mitigated,Warehouse power outage,Emergency procurement completed,07-03-2025
RSK001027,SHP004100,7,152,2340,08-03-2025,Logistics,Wrong Delivery,High,Customer,66314,Mitigated,Warehouse power outage,Emergency procurement completed,16-03-2025
RSK001028,SHP007237,14,494,3546,25-11-2025,Logistics,Route Blockage,Low,Inventory,2923,Investigating,Warehouse power outage,Route optimized,
RSK001029,SHP003241,14,449,2609,24-01-2025,Inventory,Inventory Mismatch,Low,Supplier,1260,Resolved,Poor demand forecasting,Additional quality inspection,30-01-2025
RSK001030,SHP007549,25,184,4007,09-09-2025,Logistics,Lost Shipment,Critical,Warehouse,442102,Resolved,Heavy rainfall disrupted transport,Increased safety stock,11-09-2025
RSK001031,SHP006058,11,43,1705,06-01-2025,Logistics,Route Blockage,Low,Supplier,2894,Resolved,Supplier production delay,Additional quality inspection,16-01-2025
RSK001032,SHP010099,7,282,62,27-10-2025,Logistics,Lost Shipment,Low,Supplier,3375,Resolved,Incorrect inventory records,Emergency procurement completed,01-11-2025
RSK001033,SHP010848,5,49,3208,26-12-2025,Warehouse,Power Failure,Low,Warehouse,4412,Open,Heavy rainfall disrupted transport,Assigned alternate supplier,
RSK001034,SHP009866,17,12,3759,12-11-2025,Supplier,Late Delivery,High,Customer,78860,Mitigated,Warehouse power outage,Route optimized,21-11-2025
RSK001035,SHP005252,22,145,3539,28-09-2025,Weather,Heavy Rain,Medium,Inventory,9207,Resolved,Poor demand forecasting,Insurance claim initiated,29-09-2025
RSK001036,SHP009873,22,309,1993,24-02-2025,Warehouse,Equipment Failure,Medium,Shipment,24823,Investigating,Warehouse power outage,Emergency procurement completed,
RSK001037,SHP013415,25,336,122,01-03-2025,Warehouse,Power Failure,Low,Customer,517,Resolved,Vehicle mechanical failure,Increased safety stock,15-03-2025
RSK001038,SHP008426,8,233,2082,05-10-2025,Inventory,Overstock,Low,Supplier,2177,Mitigated,Vehicle mechanical failure,Expedited shipment,17-10-2025
RSK001039,SHP005816,18,11,4723,30-04-2025,Inventory,Inventory Mismatch,Medium,Supplier,18418,Resolved,Warehouse power outage,Increased safety stock,02-05-2025
RSK001040,SHP005038,16,444,2848,21-05-2025,Logistics,Wrong Delivery,Low,Supplier,1817,Resolved,Vehicle mechanical failure,Route optimized,29-05-2025
RSK001041,SHP006974,3,260,1687,08-05-2025,Inventory,Overstock,High,Warehouse,58924,Investigating,Incorrect inventory records,Increased safety stock,
RSK001042,SHP005556,20,57,1214,31-01-2025,Warehouse,Fire Alarm,Medium,Supplier,13340,Mitigated,Supplier production delay,Emergency procurement completed,02-02-2025
RSK001043,SHP006230,2,145,2579,21-06-2025,Logistics,Lost Shipment,Low,Warehouse,2885,Resolved,Heavy rainfall disrupted transport,Assigned alternate supplier,29-06-2025
RSK001044,SHP012799,15,206,4147,05-12-2025,Warehouse,Equipment Failure,Medium,Customer,12204,Resolved,Incorrect inventory records,Assigned alternate supplier,10-12-2025
RSK001045,SHP008629,21,35,4419,27-01-2025,Warehouse,Power Failure,High,Inventory,51923,Open,Supplier production delay,Insurance claim initiated,
RSK001046,SHP004943,12,65,169,02-05-2025,Logistics,Shipment Delay,Medium,Customer,18885,Mitigated,Packaging quality issue,Additional quality inspection,10-05-2025
RSK001047,SHP009117,22,27,210,16-05-2025,Weather,Cyclone,High,Warehouse,89410,Resolved,Heavy rainfall disrupted transport,Increased safety stock,26-05-2025
RSK001048,SHP002927,3,295,3014,12-04-2025,Inventory,Inventory Mismatch,Medium,Warehouse,17413,Mitigated,Heavy rainfall disrupted transport,Additional quality inspection,25-04-2025
RSK001049,SHP009812,21,374,1724,19-11-2025,Weather,Cyclone,Medium,Customer,11295,Resolved,Packaging quality issue,Expedited shipment,26-11-2025
RSK001050,SHP012413,16,41,4512,10-01-2025,Warehouse,Fire Alarm,Medium,Warehouse,8587,Mitigated,Poor demand forecasting,Warehouse maintenance completed,19-01-2025
RSK001051,SHP014626,25,108,866,17-09-2025,Logistics,Shipment Delay,Low,Customer,1796,Mitigated,Customs clearance delay,Emergency procurement completed,18-09-2025
RSK001052,SHP002303,23,208,3033,29-07-2025,Warehouse,Fire Alarm,High,Shipment,70571,Mitigated,Packaging quality issue,Emergency procurement completed,11-08-2025
RSK001053,SHP004314,24,290,4030,26-04-2025,Inventory,Stockout,Medium,Inventory,22587,Open,Warehouse power outage,Route optimized,
RSK001054,SHP012048,19,51,3708,23-07-2025,Supplier,Material Shortage,Critical,Supplier,435844,Resolved,Supplier production delay,Additional quality inspection,01-08-2025
RSK001055,SHP007204,22,449,3922,16-11-2025,Product Quality,Manufacturing Defect,Low,Supplier,4649,Resolved,Vehicle mechanical failure,Route optimized,20-11-2025
RSK001056,SHP011686,14,100,97,22-07-2025,Inventory,Overstock,High,Customer,27930,Investigating,Heavy rainfall disrupted transport,Emergency procurement completed,
RSK001057,SHP004301,5,222,1397,05-05-2025,Inventory,Overstock,Low,Shipment,4381,Mitigated,Incorrect inventory records,Assigned alternate supplier,09-05-2025
RSK001058,SHP013496,21,282,4099,29-06-2025,Logistics,Route Blockage,High,Shipment,78725,Resolved,Poor demand forecasting,Insurance claim initiated,01-07-2025
RSK001059,SHP007303,14,160,1325,10-06-2025,Logistics,Wrong Delivery,Medium,Customer,21602,Open,Customs clearance delay,Insurance claim initiated,
RSK001060,SHP006924,9,127,3122,17-09-2025,Product Quality,Manufacturing Defect,Low,Supplier,3563,Resolved,Customs clearance delay,Insurance claim initiated,18-09-2025
RSK001061,SHP005564,23,230,275,23-11-2025,Inventory,Stockout,Medium,Inventory,11364,Resolved,Packaging quality issue,Expedited shipment,27-11-2025
RSK001062,SHP014612,25,19,2081,30-01-2025,Supplier,Material Shortage,Low,Inventory,1246,Investigating,Customs clearance delay,Assigned alternate supplier,
RSK001063,SHP003880,2,88,3169,28-12-2025,Product Quality,Manufacturing Defect,Medium,Shipment,13732,Resolved,Poor demand forecasting,Assigned alternate supplier,30-12-2025
RSK001064,SHP014010,17,96,3445,12-05-2025,Warehouse,Equipment Failure,High,Inventory,52207,Investigating,Vehicle mechanical failure,Increased safety stock,
RSK001065,SHP003661,23,27,969,05-09-2025,Logistics,Route Blockage,High,Warehouse,56125,Investigating,Vehicle mechanical failure,Assigned alternate supplier,
RSK001066,SHP003997,22,470,1851,18-10-2025,Supplier,Supplier Capacity Issue,Low,Shipment,4408,Investigating,Packaging quality issue,Emergency procurement completed,
RSK001067,SHP008596,18,462,740,03-01-2025,Logistics,Wrong Delivery,High,Inventory,37260,Resolved,Customs clearance delay,Assigned alternate supplier,08-01-2025
RSK001068,SHP008744,7,44,4011,28-07-2025,Weather,Flood,Medium,Warehouse,12248,Resolved,Heavy rainfall disrupted transport,Increased safety stock,29-07-2025
RSK001069,SHP011496,1,338,235,29-01-2025,Supplier,Material Shortage,Medium,Supplier,24962,Resolved,Supplier production delay,Additional quality inspection,03-02-2025
RSK001070,SHP011532,12,376,842,27-08-2025,Logistics,Shipment Delay,Low,Customer,2860,Resolved,Warehouse power outage,Route optimized,03-09-2025
RSK001071,SHP012856,20,75,3962,22-10-2025,Inventory,Stockout,Low,Customer,2359,Open,Supplier production delay,Warehouse maintenance completed,
RSK001072,SHP006614,24,218,2532,27-01-2025,Logistics,Wrong Delivery,Medium,Shipment,21580,Resolved,Warehouse power outage,Emergency procurement completed,04-02-2025
RSK001073,SHP008056,18,231,1181,25-10-2025,Warehouse,Power Failure,High,Supplier,76731,Resolved,Customs clearance delay,Additional quality inspection,01-11-2025
RSK001074,SHP006802,24,2,3438,02-07-2025,Inventory,Overstock,Low,Customer,771,Resolved,Poor demand forecasting,Warehouse maintenance completed,14-07-2025
RSK001075,SHP000117,19,61,377,11-12-2025,Product Quality,Packaging Damage,Medium,Customer,10664,Resolved,Customs clearance delay,Route optimized,14-12-2025
RSK001076,SHP006833,8,262,1196,31-08-2025,Logistics,Wrong Delivery,Low,Inventory,4600,Resolved,Supplier production delay,Assigned alternate supplier,06-09-2025
RSK001077,SHP014063,19,444,1758,28-04-2025,Logistics,Lost Shipment,Medium,Warehouse,12191,Resolved,Poor demand forecasting,Emergency procurement completed,07-05-2025
RSK001078,SHP001570,5,395,2350,04-04-2025,Logistics,Shipment Delay,Medium,Shipment,24446,Resolved,Supplier production delay,Increased safety stock,14-04-2025
RSK001079,SHP011328,5,402,122,20-12-2025,Inventory,Inventory Mismatch,Low,Warehouse,1433,Resolved,Incorrect inventory records,Warehouse maintenance completed,25-12-2025
RSK001080,SHP005539,12,445,4124,01-08-2025,Logistics,Wrong Delivery,Medium,Customer,6030,Investigating,Customs clearance delay,Emergency procurement completed,
RSK001081,SHP012125,25,437,4921,11-01-2025,Logistics,Lost Shipment,Low,Shipment,4737,Resolved,Incorrect inventory records,Emergency procurement completed,22-01-2025
RSK001082,SHP002127,4,229,3093,02-05-2025,Weather,Heavy Rain,Low,Shipment,4136,Resolved,Warehouse power outage,Warehouse maintenance completed,14-05-2025
RSK001083,SHP013892,11,174,4474,21-07-2025,Weather,Cyclone,Critical,Warehouse,468099,Resolved,Heavy rainfall disrupted transport,Increased safety stock,01-08-2025
RSK001084,SHP002742,20,345,4429,22-01-2025,Logistics,Shipment Delay,Medium,Supplier,13853,Resolved,Supplier production delay,Route optimized,03-02-2025
RSK001085,SHP001485,13,334,448,03-09-2025,Warehouse,Fire Alarm,Medium,Shipment,20724,Resolved,Customs clearance delay,Insurance claim initiated,07-09-2025
RSK001086,SHP007188,2,169,1887,25-05-2025,Logistics,Route Blockage,Low,Warehouse,4347,Resolved,Packaging quality issue,Warehouse maintenance completed,04-06-2025
RSK001087,SHP012874,7,239,1899,28-09-2025,Inventory,Stockout,Medium,Inventory,5646,Investigating,Customs clearance delay,Route optimized,
RSK001088,SHP011001,10,336,1812,22-05-2025,Product Quality,Manufacturing Defect,Medium,Customer,8374,Resolved,Poor demand forecasting,Additional quality inspection,04-06-2025
RSK001089,SHP011478,25,441,354,27-07-2025,Logistics,Shipment Delay,Medium,Inventory,14723,Resolved,Vehicle mechanical failure,Increased safety stock,10-08-2025
RSK001090,SHP013753,16,328,531,10-03-2025,Product Quality,Damaged Goods,High,Customer,43360,Resolved,Packaging quality issue,Assigned alternate supplier,22-03-2025
RSK001091,SHP005324,4,135,4218,06-04-2025,Logistics,Lost Shipment,Low,Customer,3458,Investigating,Customs clearance delay,Expedited shipment,
RSK001092,SHP001806,20,240,2855,22-01-2025,Supplier,Supplier Capacity Issue,Medium,Supplier,20286,Investigating,Incorrect inventory records,Route optimized,
RSK001093,SHP012533,9,410,1650,04-01-2025,Product Quality,Packaging Damage,Medium,Customer,20622,Resolved,Customs clearance delay,Insurance claim initiated,11-01-2025
RSK001094,SHP002951,23,413,313,12-05-2025,Supplier,Material Shortage,Medium,Warehouse,5494,Resolved,Heavy rainfall disrupted transport,Warehouse maintenance completed,25-05-2025
RSK001095,SHP013163,16,172,2301,10-10-2025,Warehouse,Power Failure,Low,Supplier,2287,Resolved,Heavy rainfall disrupted transport,Assigned alternate supplier,18-10-2025
RSK001096,SHP004392,20,423,1572,09-10-2025,Supplier,Supplier Capacity Issue,Medium,Supplier,20492,Resolved,Customs clearance delay,Insurance claim initiated,22-10-2025
RSK001097,SHP008984,16,65,785,04-09-2025,Inventory,Inventory Mismatch,Low,Warehouse,1394,Resolved,Poor demand forecasting,Emergency procurement completed,05-09-2025
RSK001098,SHP012847,14,435,2185,23-09-2025,Inventory,Inventory Mismatch,Critical,Inventory,221862,Resolved,Warehouse power outage,Emergency procurement completed,25-09-2025
RSK001099,SHP009869,5,153,4829,23-04-2025,Warehouse,Fire Alarm,Low,Shipment,2199,Resolved,Supplier production delay,Warehouse maintenance completed,26-04-2025
RSK001100,SHP009028,23,338,4711,14-04-2025,Weather,Cyclone,Low,Customer,4238,Resolved,Heavy rainfall disrupted transport,Route optimized,15-04-2025
RSK001101,SHP000076,21,110,692,07-09-2025,Inventory,Overstock,Low,Warehouse,811,Mitigated,Supplier production delay,Route optimized,13-09-2025
RSK001102,SHP009688,20,394,1677,27-10-2025,Logistics,Route Blockage,Medium,Supplier,16000,Resolved,Poor demand forecasting,Insurance claim initiated,06-11-2025
RSK001103,SHP005599,11,249,3344,06-05-2025,Logistics,Lost Shipment,Medium,Supplier,5684,Resolved,Incorrect inventory records,Route optimized,20-05-2025
RSK001104,SHP005657,2,416,192,25-04-2025,Logistics,Wrong Delivery,Low,Inventory,3514,Resolved,Incorrect inventory records,Expedited shipment,29-04-2025
RSK001105,SHP013854,7,22,1803,10-06-2025,Supplier,Late Delivery,Low,Customer,1001,Resolved,Incorrect inventory records,Insurance claim initiated,20-06-2025
RSK001106,SHP009751,13,198,4488,14-09-2025,Warehouse,Power Failure,Low,Shipment,4683,Mitigated,Poor demand forecasting,Assigned alternate supplier,27-09-2025
RSK001107,SHP003281,4,6,1845,26-11-2025,Warehouse,Storage Capacity Full,Low,Inventory,4417,Investigating,Heavy rainfall disrupted transport,Increased safety stock,
RSK001108,SHP009619,6,150,3190,07-04-2025,Supplier,Late Delivery,High,Supplier,47593,Mitigated,Warehouse power outage,Additional quality inspection,10-04-2025
RSK001109,SHP012153,21,451,2015,22-01-2025,Logistics,Lost Shipment,Low,Inventory,2906,Resolved,Customs clearance delay,Insurance claim initiated,25-01-2025
RSK001110,SHP013393,16,294,440,12-04-2025,Inventory,Overstock,Low,Customer,4933,Resolved,Warehouse power outage,Emergency procurement completed,19-04-2025
RSK001111,SHP007175,11,295,2495,04-03-2025,Logistics,Wrong Delivery,High,Warehouse,48616,Resolved,Supplier production delay,Additional quality inspection,12-03-2025
RSK001112,SHP011523,23,366,3978,26-03-2025,Inventory,Stockout,Low,Supplier,3046,Resolved,Warehouse power outage,Additional quality inspection,27-03-2025
RSK001113,SHP002488,6,113,3841,03-12-2025,Logistics,Wrong Delivery,Medium,Warehouse,17409,Resolved,Poor demand forecasting,Assigned alternate supplier,08-12-2025
RSK001114,SHP013643,21,199,4410,09-08-2025,Warehouse,Fire Alarm,Low,Inventory,3986,Resolved,Customs clearance delay,Increased safety stock,22-08-2025
RSK001115,SHP009914,10,391,4658,16-02-2025,Supplier,Late Delivery,Medium,Supplier,24665,Resolved,Vehicle mechanical failure,Route optimized,23-02-2025
RSK001116,SHP012480,17,4,4233,23-05-2025,Warehouse,Equipment Failure,Low,Warehouse,2536,Resolved,Incorrect inventory records,Expedited shipment,03-06-2025
RSK001117,SHP009430,24,281,1762,13-02-2025,Supplier,Late Delivery,Medium,Shipment,17098,Resolved,Vehicle mechanical failure,Warehouse maintenance completed,21-02-2025
RSK001118,SHP014065,2,68,1723,28-11-2025,Inventory,Stockout,Low,Warehouse,3583,Mitigated,Customs clearance delay,Insurance claim initiated,02-12-2025
RSK001119,SHP012464,8,47,4237,25-05-2025,Warehouse,Equipment Failure,Low,Customer,4078,Resolved,Incorrect inventory records,Insurance claim initiated,26-05-2025
RSK001120,SHP000635,5,359,2050,13-04-2025,Product Quality,Packaging Damage,Medium,Customer,16124,Mitigated,Heavy rainfall disrupted transport,Assigned alternate supplier,18-04-2025
RSK001121,SHP002552,11,25,1562,13-10-2025,Inventory,Inventory Mismatch,Medium,Warehouse,21616,Resolved,Vehicle mechanical failure,Additional quality inspection,27-10-2025
RSK001122,SHP008739,12,356,4155,29-01-2025,Inventory,Overstock,Medium,Inventory,18323,Resolved,Warehouse power outage,Assigned alternate supplier,12-02-2025
RSK001123,SHP005773,7,293,2464,31-03-2025,Warehouse,Fire Alarm,Medium,Warehouse,12379,Mitigated,Packaging quality issue,Expedited shipment,05-04-2025
RSK001124,SHP000934,2,260,1150,12-09-2025,Inventory,Stockout,Medium,Supplier,13251,Mitigated,Heavy rainfall disrupted transport,Additional quality inspection,24-09-2025
RSK001125,SHP005587,8,18,4765,14-03-2025,Supplier,Material Shortage,Medium,Warehouse,5923,Investigating,Warehouse power outage,Expedited shipment,
RSK001126,SHP003635,12,369,1946,30-06-2025,Weather,Cyclone,Critical,Customer,177354,Resolved,Packaging quality issue,Expedited shipment,08-07-2025
RSK001127,SHP004850,23,67,2253,05-06-2025,Inventory,Stockout,Low,Customer,3917,Investigating,Heavy rainfall disrupted transport,Route optimized,
RSK001128,SHP001574,15,421,2162,20-01-2025,Logistics,Lost Shipment,Low,Customer,1594,Resolved,Customs clearance delay,Additional quality inspection,22-01-2025
RSK001129,SHP008311,16,75,3081,08-02-2025,Logistics,Route Blockage,Medium,Customer,20860,Resolved,Heavy rainfall disrupted transport,Additional quality inspection,13-02-2025
RSK001130,SHP005053,19,11,1623,09-11-2025,Warehouse,Fire Alarm,High,Supplier,73188,Open,Poor demand forecasting,Route optimized,
RSK001131,SHP012207,8,4,1047,11-09-2025,Inventory,Stockout,Medium,Inventory,18666,Resolved,Heavy rainfall disrupted transport,Route optimized,16-09-2025
RSK001132,SHP014914,23,436,563,20-07-2025,Logistics,Wrong Delivery,Low,Supplier,4297,Resolved,Vehicle mechanical failure,Additional quality inspection,21-07-2025
RSK001133,SHP014582,3,401,313,11-07-2025,Inventory,Overstock,Medium,Warehouse,10877,Resolved,Incorrect inventory records,Expedited shipment,14-07-2025
RSK001134,SHP013197,7,140,1917,12-06-2025,Logistics,Route Blockage,Low,Shipment,555,Resolved,Heavy rainfall disrupted transport,Insurance claim initiated,13-06-2025
RSK001135,SHP012512,23,365,3714,07-03-2025,Logistics,Lost Shipment,Medium,Shipment,8676,Open,Poor demand forecasting,Emergency procurement completed,
RSK001136,SHP011896,19,11,3522,30-05-2025,Weather,Heavy Rain,High,Supplier,97943,Mitigated,Supplier production delay,Emergency procurement completed,07-06-2025
RSK001137,SHP005246,11,136,3815,03-10-2025,Weather,Flood,Medium,Supplier,23490,Open,Vehicle mechanical failure,Route optimized,
RSK001138,SHP012495,8,250,3330,31-05-2025,Transportation,Fuel Shortage,Low,Inventory,1936,Investigating,Heavy rainfall disrupted transport,Insurance claim initiated,
RSK001139,SHP003123,3,138,691,28-11-2025,Inventory,Overstock,Low,Customer,4178,Resolved,Heavy rainfall disrupted transport,Increased safety stock,05-12-2025
RSK001140,SHP014397,25,185,2064,29-11-2025,Supplier,Material Shortage,Medium,Warehouse,7532,Investigating,Poor demand forecasting,Route optimized,
RSK001141,SHP000657,10,247,3588,08-01-2025,Warehouse,Power Failure,Medium,Inventory,11262,Resolved,Poor demand forecasting,Insurance claim initiated,11-01-2025
RSK001142,SHP006605,10,443,3343,20-03-2025,Logistics,Lost Shipment,High,Inventory,70685,Resolved,Vehicle mechanical failure,Additional quality inspection,01-04-2025
RSK001143,SHP001280,24,349,1627,05-01-2025,Logistics,Route Blockage,High,Shipment,31222,Resolved,Customs clearance delay,Emergency procurement completed,07-01-2025
RSK001144,SHP008124,20,282,472,05-07-2025,Logistics,Route Blockage,High,Supplier,30273,Resolved,Supplier production delay,Emergency procurement completed,17-07-2025
RSK001145,SHP010983,20,57,3138,20-11-2025,Product Quality,Packaging Damage,Low,Warehouse,2366,Open,Vehicle mechanical failure,Assigned alternate supplier,
RSK001146,SHP008277,1,152,2635,02-07-2025,Inventory,Overstock,Medium,Shipment,13144,Investigating,Heavy rainfall disrupted transport,Expedited shipment,
RSK001147,SHP009716,16,5,2918,12-11-2025,Logistics,Shipment Delay,Low,Warehouse,968,Mitigated,Supplier production delay,Additional quality inspection,22-11-2025
RSK001148,SHP014671,6,425,2528,27-08-2025,Warehouse,Equipment Failure,Medium,Shipment,20277,Resolved,Packaging quality issue,Increased safety stock,09-09-2025
RSK001149,SHP005517,7,30,1125,07-09-2025,Inventory,Overstock,Low,Shipment,2638,Investigating,Packaging quality issue,Additional quality inspection,
RSK001150,SHP003450,21,162,3199,04-12-2025,Financial,Cost Increase,High,Inventory,42271,Resolved,Supplier production delay,Expedited shipment,14-12-2025
RSK001151,SHP010992,17,483,672,05-09-2025,Inventory,Overstock,Medium,Supplier,20822,Investigating,Poor demand forecasting,Expedited shipment,
RSK001152,SHP008934,1,116,3253,28-09-2025,Warehouse,Equipment Failure,High,Warehouse,65433,Resolved,Incorrect inventory records,Additional quality inspection,11-10-2025
RSK001153,SHP001196,18,79,4581,08-04-2025,Logistics,Route Blockage,Medium,Customer,5501,Resolved,Incorrect inventory records,Route optimized,20-04-2025
RSK001154,SHP006205,25,271,1059,22-01-2025,Logistics,Lost Shipment,Medium,Shipment,11245,Mitigated,Packaging quality issue,Route optimized,24-01-2025
RSK001155,SHP014932,10,195,892,23-03-2025,Warehouse,Fire Alarm,Low,Inventory,4640,Resolved,Incorrect inventory records,Insurance claim initiated,25-03-2025
RSK001156,SHP000336,17,445,797,05-05-2025,Logistics,Route Blockage,Medium,Inventory,11940,Mitigated,Heavy rainfall disrupted transport,Expedited shipment,12-05-2025
RSK001157,SHP001632,13,121,117,28-07-2025,Product Quality,Packaging Damage,High,Shipment,60273,Resolved,Supplier production delay,Insurance claim initiated,30-07-2025
RSK001158,SHP011415,1,159,1128,01-01-2025,Inventory,Stockout,Low,Supplier,1276,Resolved,Poor demand forecasting,Route optimized,03-01-2025
RSK001159,SHP010556,9,396,2397,20-06-2025,Supplier,Material Shortage,Low,Shipment,1504,Open,Supplier production delay,Route optimized,
RSK001160,SHP013456,14,29,4794,23-02-2025,Inventory,Overstock,Low,Supplier,2318,Resolved,Supplier production delay,Increased safety stock,01-03-2025
RSK001161,SHP003972,25,51,4337,30-08-2025,Inventory,Inventory Mismatch,Medium,Shipment,23448,Mitigated,Vehicle mechanical failure,Warehouse maintenance completed,06-09-2025
RSK001162,SHP003288,7,56,1759,20-12-2025,Inventory,Overstock,Low,Customer,2704,Mitigated,Poor demand forecasting,Additional quality inspection,02-01-2026
RSK001163,SHP001854,14,111,4280,14-07-2025,Supplier,Supplier Capacity Issue,Medium,Warehouse,15573,Mitigated,Packaging quality issue,Additional quality inspection,27-07-2025
RSK001164,SHP004812,20,132,4255,24-10-2025,Warehouse,Fire Alarm,High,Shipment,88722,Resolved,Warehouse power outage,Emergency procurement completed,04-11-2025
RSK001165,SHP006067,24,212,4344,26-08-2025,Inventory,Inventory Mismatch,Medium,Warehouse,5006,Resolved,Heavy rainfall disrupted transport,Additional quality inspection,08-09-2025
RSK001166,SHP014472,23,234,3891,11-05-2025,Warehouse,Fire Alarm,Medium,Shipment,6091,Open,Poor demand forecasting,Assigned alternate supplier,
RSK001167,SHP000515,25,54,3762,27-08-2025,Logistics,Lost Shipment,High,Warehouse,96863,Resolved,Warehouse power outage,Additional quality inspection,02-09-2025
RSK001168,SHP009465,14,222,984,06-04-2025,Inventory,Inventory Mismatch,Low,Supplier,4425,Resolved,Vehicle mechanical failure,Insurance claim initiated,11-04-2025
RSK001169,SHP014643,24,121,2856,10-08-2025,Supplier,Material Shortage,Low,Shipment,3415,Mitigated,Warehouse power outage,Increased safety stock,11-08-2025
RSK001170,SHP006189,3,279,460,21-09-2025,Supplier,Late Delivery,Medium,Customer,13924,Investigating,Incorrect inventory records,Additional quality inspection,
RSK001171,SHP003834,12,288,3602,29-09-2025,Supplier,Late Delivery,Low,Customer,1852,Resolved,Vehicle mechanical failure,Increased safety stock,07-10-2025
RSK001172,SHP014325,25,31,4912,30-11-2025,Logistics,Route Blockage,Low,Customer,2775,Resolved,Poor demand forecasting,Assigned alternate supplier,06-12-2025
RSK001173,SHP000532,14,407,2439,12-11-2025,Warehouse,Fire Alarm,Low,Warehouse,3106,Mitigated,Supplier production delay,Assigned alternate supplier,19-11-2025
RSK001174,SHP002755,14,447,572,06-12-2025,Inventory,Inventory Mismatch,Medium,Supplier,22913,Resolved,Customs clearance delay,Route optimized,19-12-2025
RSK001175,SHP010355,24,301,3529,16-11-2025,Logistics,Wrong Delivery,Medium,Inventory,7882,Resolved,Supplier production delay,Assigned alternate supplier,22-11-2025
RSK001176,SHP002023,1,149,2305,25-07-2025,Logistics,Route Blockage,Low,Shipment,3849,Resolved,Customs clearance delay,Assigned alternate supplier,03-08-2025
RSK001177,SHP006433,3,222,3669,02-06-2025,Inventory,Inventory Mismatch,Medium,Customer,16516,Open,Poor demand forecasting,Increased safety stock,
RSK001178,SHP012828,16,300,1709,16-02-2025,Supplier,Late Delivery,High,Supplier,61591,Resolved,Vehicle mechanical failure,Insurance claim initiated,02-03-2025
RSK001179,SHP002255,3,393,242,10-06-2025,Inventory,Inventory Mismatch,High,Supplier,75312,Resolved,Warehouse power outage,Expedited shipment,16-06-2025
RSK001180,SHP013684,9,332,722,21-07-2025,Supplier,Material Shortage,Low,Inventory,768,Resolved,Heavy rainfall disrupted transport,Warehouse maintenance completed,29-07-2025
RSK001181,SHP013240,15,433,984,16-03-2025,Inventory,Stockout,Low,Customer,4787,Resolved,Supplier production delay,Expedited shipment,21-03-2025
RSK001182,SHP002633,24,368,4085,15-11-2025,Logistics,Shipment Delay,Medium,Shipment,21984,Mitigated,Customs clearance delay,Additional quality inspection,22-11-2025
RSK001183,SHP001493,3,381,1260,11-02-2025,Logistics,Lost Shipment,Medium,Inventory,19485,Investigating,Heavy rainfall disrupted transport,Additional quality inspection,
RSK001184,SHP012300,21,473,3582,10-01-2025,Warehouse,Power Failure,Medium,Inventory,16722,Resolved,Customs clearance delay,Route optimized,19-01-2025
RSK001185,SHP012619,7,430,2021,26-12-2025,Supplier,Material Shortage,High,Warehouse,77993,Investigating,Vehicle mechanical failure,Warehouse maintenance completed,
RSK001186,SHP003728,18,103,506,07-12-2025,Supplier,Late Delivery,Medium,Customer,7808,Resolved,Supplier production delay,Route optimized,16-12-2025
RSK001187,SHP009852,1,129,169,18-02-2025,Logistics,Shipment Delay,High,Customer,35181,Mitigated,Heavy rainfall disrupted transport,Additional quality inspection,20-02-2025
RSK001188,SHP013186,12,154,217,12-05-2025,Inventory,Stockout,High,Shipment,68997,Resolved,Packaging quality issue,Expedited shipment,22-05-2025
RSK001189,SHP005704,2,122,3050,11-11-2025,Warehouse,Fire Alarm,Low,Shipment,1067,Resolved,Warehouse power outage,Route optimized,25-11-2025
RSK001190,SHP013369,10,366,4930,13-12-2025,Inventory,Overstock,Low,Inventory,4343,Mitigated,Incorrect inventory records,Assigned alternate supplier,24-12-2025
RSK001191,SHP007153,18,367,4016,05-01-2025,Logistics,Route Blockage,Low,Supplier,4363,Resolved,Poor demand forecasting,Additional quality inspection,19-01-2025
RSK001192,SHP006935,9,260,3573,26-02-2025,Product Quality,Manufacturing Defect,Low,Supplier,2657,Mitigated,Poor demand forecasting,Warehouse maintenance completed,04-03-2025
RSK001193,SHP011757,10,452,3661,02-09-2025,Logistics,Route Blockage,Low,Inventory,621,Resolved,Heavy rainfall disrupted transport,Assigned alternate supplier,08-09-2025
RSK001194,SHP013759,16,313,4347,16-01-2025,Inventory,Overstock,Low,Supplier,1958,Resolved,Incorrect inventory records,Expedited shipment,24-01-2025
RSK001195,SHP005815,11,366,3103,15-08-2025,Product Quality,Packaging Damage,Medium,Warehouse,24568,Resolved,Poor demand forecasting,Increased safety stock,16-08-2025
RSK001196,SHP011345,24,188,4496,19-06-2025,Warehouse,Power Failure,Low,Shipment,2911,Resolved,Supplier production delay,Additional quality inspection,26-06-2025
RSK001197,SHP014259,1,176,4429,28-10-2025,Warehouse,Power Failure,Low,Warehouse,3542,Resolved,Packaging quality issue,Insurance claim initiated,01-11-2025
RSK001198,SHP010726,4,29,2757,23-04-2025,Warehouse,Fire Alarm,Low,Supplier,4767,Mitigated,Customs clearance delay,Insurance claim initiated,05-05-2025
RSK001199,SHP004366,22,34,3949,24-12-2025,Warehouse,Storage Capacity Full,Low,Shipment,657,Resolved,Packaging quality issue,Assigned alternate supplier,07-01-2026
RSK001200,SHP009271,11,177,4016,31-01-2025,Supplier,Material Shortage,Low,Inventory,2213,Resolved,Poor demand forecasting,Assigned alternate supplier,02-02-2025
RSK001201,SHP011712,13,306,829,25-05-2025,Supplier,Supplier Capacity Issue,Low,Customer,544,Resolved,Supplier production delay,Insurance claim initiated,31-05-2025
RSK001202,SHP014819,8,149,3497,17-03-2025,Product Quality,Damaged Goods,Low,Supplier,4571,Investigating,Poor demand forecasting,Warehouse maintenance completed,
RSK001203,SHP009319,12,7,4372,02-07-2025,Product Quality,Packaging Damage,Medium,Customer,5249,Resolved,Supplier production delay,Route optimized,04-07-2025
RSK001204,SHP001848,12,186,64,05-10-2025,Supplier,Late Delivery,Medium,Customer,17805,Mitigated,Warehouse power outage,Warehouse maintenance completed,12-10-2025
RSK001205,SHP005708,20,455,4657,30-01-2025,Inventory,Stockout,Medium,Shipment,20637,Investigating,Supplier production delay,Emergency procurement completed,
RSK001206,SHP013552,2,331,4787,03-06-2025,Inventory,Inventory Mismatch,Low,Customer,3868,Resolved,Supplier production delay,Emergency procurement completed,16-06-2025
RSK001207,SHP007628,3,498,4572,13-01-2025,Product Quality,Damaged Goods,Medium,Customer,15499,Resolved,Poor demand forecasting,Additional quality inspection,20-01-2025
RSK001208,SHP010133,8,369,2102,26-09-2025,Supplier,Material Shortage,Medium,Customer,21373,Mitigated,Supplier production delay,Warehouse maintenance completed,07-10-2025
RSK001209,SHP007231,14,314,1534,17-10-2025,Supplier,Late Delivery,High,Shipment,54644,Investigating,Heavy rainfall disrupted transport,Warehouse maintenance completed,
RSK001210,SHP011223,4,249,4001,05-02-2025,Warehouse,Power Failure,High,Inventory,29750,Mitigated,Vehicle mechanical failure,Emergency procurement completed,10-02-2025
RSK001211,SHP013901,21,171,3096,27-10-2025,Logistics,Shipment Delay,Low,Inventory,4759,Resolved,Packaging quality issue,Expedited shipment,08-11-2025
RSK001212,SHP008287,10,334,4527,10-04-2025,Inventory,Stockout,Medium,Customer,23806,Resolved,Vehicle mechanical failure,Increased safety stock,17-04-2025
RSK001213,SHP001477,18,341,2803,12-07-2025,Supplier,Late Delivery,High,Customer,28676,Resolved,Warehouse power outage,Increased safety stock,22-07-2025
RSK001214,SHP007529,7,317,3050,09-02-2025,Logistics,Route Blockage,Medium,Shipment,10378,Resolved,Warehouse power outage,Warehouse maintenance completed,18-02-2025
RSK001215,SHP005375,2,54,799,19-09-2025,Warehouse,Storage Capacity Full,Medium,Warehouse,13821,Investigating,Packaging quality issue,Warehouse maintenance completed,
RSK001216,SHP008248,23,252,444,13-03-2025,Warehouse,Fire Alarm,Low,Supplier,3903,Resolved,Supplier production delay,Insurance claim initiated,25-03-2025
RSK001217,SHP000217,7,372,463,30-12-2025,Warehouse,Power Failure,Low,Supplier,1610,Resolved,Vehicle mechanical failure,Expedited shipment,11-01-2026
RSK001218,SHP004982,2,1,838,18-07-2025,Warehouse,Equipment Failure,Medium,Warehouse,19302,Mitigated,Warehouse power outage,Assigned alternate supplier,21-07-2025
RSK001219,SHP003201,6,117,2210,10-03-2025,Logistics,Lost Shipment,High,Warehouse,40936,Investigating,Incorrect inventory records,Emergency procurement completed,
RSK001220,SHP011719,9,427,4828,26-05-2025,Logistics,Shipment Delay,Low,Customer,506,Resolved,Packaging quality issue,Expedited shipment,29-05-2025
RSK001221,SHP005127,16,333,1353,23-01-2025,Supplier,Supplier Capacity Issue,Low,Customer,2375,Resolved,Customs clearance delay,Assigned alternate supplier,31-01-2025
RSK001222,SHP010632,7,417,4862,30-11-2025,Supplier,Material Shortage,High,Shipment,33978,Investigating,Packaging quality issue,Assigned alternate supplier,
RSK001223,SHP013670,4,259,114,07-06-2025,Inventory,Inventory Mismatch,Critical,Supplier,328649,Resolved,Vehicle mechanical failure,Warehouse maintenance completed,18-06-2025
RSK001224,SHP009935,15,412,1244,15-11-2025,Logistics,Shipment Delay,High,Supplier,30370,Resolved,Poor demand forecasting,Assigned alternate supplier,17-11-2025
RSK001225,SHP014421,14,52,1581,29-12-2025,Logistics,Lost Shipment,Medium,Inventory,11817,Resolved,Packaging quality issue,Emergency procurement completed,06-01-2026
RSK001226,SHP008890,20,281,3678,26-11-2025,Inventory,Inventory Mismatch,Low,Customer,1302,Mitigated,Packaging quality issue,Assigned alternate supplier,06-12-2025
RSK001227,SHP013208,22,333,4414,12-04-2025,Weather,Cyclone,Low,Warehouse,4726,Resolved,Supplier production delay,Route optimized,24-04-2025
RSK001228,SHP005085,13,405,3709,11-08-2025,Inventory,Inventory Mismatch,Low,Shipment,3044,Investigating,Incorrect inventory records,Assigned alternate supplier,
RSK001229,SHP003459,12,56,3434,26-09-2025,Logistics,Lost Shipment,High,Shipment,83831,Mitigated,Packaging quality issue,Emergency procurement completed,10-10-2025
RSK001230,SHP014053,25,350,680,22-06-2025,Product Quality,Manufacturing Defect,High,Inventory,88698,Mitigated,Supplier production delay,Expedited shipment,05-07-2025
RSK001231,SHP010658,23,193,2925,27-08-2025,Inventory,Stockout,High,Supplier,58294,Resolved,Poor demand forecasting,Insurance claim initiated,04-09-2025
RSK001232,SHP001808,19,36,1793,26-09-2025,Logistics,Shipment Delay,High,Inventory,68404,Mitigated,Packaging quality issue,Additional quality inspection,29-09-2025
RSK001233,SHP003588,8,374,3379,31-01-2025,Logistics,Wrong Delivery,High,Customer,43677,Investigating,Incorrect inventory records,Additional quality inspection,
RSK001234,SHP003711,6,131,3023,04-09-2025,Logistics,Shipment Delay,Medium,Inventory,11593,Mitigated,Heavy rainfall disrupted transport,Warehouse maintenance completed,15-09-2025
RSK001235,SHP010101,24,477,1804,27-07-2025,Warehouse,Equipment Failure,Medium,Inventory,12950,Mitigated,Warehouse power outage,Assigned alternate supplier,29-07-2025
RSK001236,SHP012689,15,116,1829,16-04-2025,Logistics,Wrong Delivery,Low,Supplier,4014,Resolved,Incorrect inventory records,Assigned alternate supplier,19-04-2025
RSK001237,SHP000555,13,414,963,13-09-2025,Supplier,Material Shortage,Medium,Shipment,12524,Resolved,Vehicle mechanical failure,Warehouse maintenance completed,14-09-2025
RSK001238,SHP014472,14,24,2605,12-05-2025,Warehouse,Storage Capacity Full,Medium,Shipment,24591,Investigating,Warehouse power outage,Route optimized,
RSK001239,SHP001605,16,40,3831,15-10-2025,Weather,Cyclone,High,Warehouse,73025,Resolved,Vehicle mechanical failure,Warehouse maintenance completed,17-10-2025
RSK001240,SHP003071,20,65,1293,11-11-2025,Inventory,Inventory Mismatch,Low,Inventory,4316,Mitigated,Warehouse power outage,Warehouse maintenance completed,20-11-2025
RSK001241,SHP007378,18,54,3664,08-08-2025,Logistics,Route Blockage,Medium,Shipment,8259,Open,Poor demand forecasting,Assigned alternate supplier,
RSK001242,SHP004576,10,150,2924,11-01-2025,Product Quality,Damaged Goods,Critical,Customer,426231,Resolved,Packaging quality issue,Insurance claim initiated,19-01-2025
RSK001243,SHP009387,15,308,105,14-12-2025,Inventory,Inventory Mismatch,High,Customer,85261,Resolved,Vehicle mechanical failure,Warehouse maintenance completed,22-12-2025
RSK001244,SHP006945,5,474,4097,03-05-2025,Warehouse,Power Failure,Low,Supplier,860,Resolved,Incorrect inventory records,Insurance claim initiated,14-05-2025
RSK001245,SHP011396,10,113,3111,27-10-2025,Logistics,Shipment Delay,Low,Customer,1528,Resolved,Packaging quality issue,Expedited shipment,09-11-2025
RSK001246,SHP012649,23,198,2342,03-10-2025,Inventory,Inventory Mismatch,Low,Shipment,3509,Mitigated,Supplier production delay,Assigned alternate supplier,10-10-2025
RSK001247,SHP011856,1,376,95,15-12-2025,Supplier,Material Shortage,Medium,Supplier,11991,Resolved,Customs clearance delay,Warehouse maintenance completed,27-12-2025
RSK001248,SHP001959,6,42,2661,08-12-2025,Inventory,Stockout,Low,Inventory,1037,Investigating,Heavy rainfall disrupted transport,Expedited shipment,
RSK001249,SHP007122,24,324,1223,19-01-2025,Transportation,Fuel Shortage,Low,Customer,2329,Resolved,Warehouse power outage,Emergency procurement completed,30-01-2025
RSK001250,SHP000128,5,194,730,08-12-2025,Supplier,Supplier Capacity Issue,Medium,Customer,6280,Resolved,Poor demand forecasting,Assigned alternate supplier,10-12-2025
RSK001251,SHP000189,14,6,22,13-02-2025,Inventory,Stockout,Low,Customer,3940,Resolved,Supplier production delay,Assigned alternate supplier,26-02-2025
RSK001252,SHP011755,16,368,335,09-04-2025,Logistics,Lost Shipment,Medium,Customer,5227,Mitigated,Customs clearance delay,Expedited shipment,11-04-2025
RSK001253,SHP009097,23,49,1102,01-03-2025,Inventory,Stockout,Medium,Warehouse,17728,Resolved,Packaging quality issue,Additional quality inspection,07-03-2025
RSK001254,SHP009618,14,129,3346,19-11-2025,Financial,Currency Fluctuation,Low,Customer,4403,Resolved,Heavy rainfall disrupted transport,Assigned alternate supplier,03-12-2025
RSK001255,SHP010135,23,78,1477,12-06-2025,Financial,Currency Fluctuation,Medium,Customer,16336,Investigating,Heavy rainfall disrupted transport,Route optimized,
RSK001256,SHP000599,18,469,2499,18-06-2025,Logistics,Shipment Delay,Medium,Inventory,20771,Mitigated,Packaging quality issue,Increased safety stock,28-06-2025
RSK001257,SHP014247,16,242,3389,09-02-2025,Product Quality,Packaging Damage,High,Customer,55510,Resolved,Customs clearance delay,Expedited shipment,14-02-2025
RSK001258,SHP006659,3,487,3803,21-03-2025,Logistics,Route Blockage,Low,Supplier,2509,Investigating,Warehouse power outage,Additional quality inspection,
RSK001259,SHP013112,23,344,892,16-12-2025,Supplier,Supplier Capacity Issue,Low,Supplier,2584,Investigating,Incorrect inventory records,Additional quality inspection,
RSK001260,SHP012989,21,303,1824,18-05-2025,Warehouse,Storage Capacity Full,High,Shipment,46159,Resolved,Poor demand forecasting,Insurance claim initiated,20-05-2025
RSK001261,SHP012865,5,58,3875,26-09-2025,Weather,Cyclone,Low,Customer,3350,Mitigated,Supplier production delay,Additional quality inspection,04-10-2025
RSK001262,SHP010837,22,189,1745,24-02-2025,Supplier,Material Shortage,Medium,Warehouse,15975,Resolved,Vehicle mechanical failure,Route optimized,26-02-2025
RSK001263,SHP003382,15,347,2876,06-09-2025,Logistics,Route Blockage,Low,Inventory,1724,Resolved,Poor demand forecasting,Assigned alternate supplier,15-09-2025
RSK001264,SHP006654,23,73,1926,19-05-2025,Logistics,Route Blockage,Medium,Customer,8222,Resolved,Heavy rainfall disrupted transport,Insurance claim initiated,25-05-2025
RSK001265,SHP004929,22,482,509,14-06-2025,Supplier,Supplier Capacity Issue,Critical,Inventory,339009,Resolved,Supplier production delay,Additional quality inspection,26-06-2025
RSK001266,SHP001669,25,24,2485,13-01-2025,Inventory,Stockout,Medium,Inventory,20354,Resolved,Supplier production delay,Increased safety stock,16-01-2025
RSK001267,SHP001737,21,68,2604,19-09-2025,Logistics,Wrong Delivery,Medium,Warehouse,23010,Mitigated,Warehouse power outage,Route optimized,30-09-2025
RSK001268,SHP013554,19,294,2452,13-10-2025,Weather,Flood,Low,Shipment,1962,Resolved,Warehouse power outage,Expedited shipment,25-10-2025
RSK001269,SHP014952,22,188,15,17-09-2025,Product Quality,Packaging Damage,Low,Inventory,2492,Resolved,Incorrect inventory records,Assigned alternate supplier,25-09-2025
RSK001270,SHP010306,20,292,1802,30-11-2025,Logistics,Lost Shipment,Low,Inventory,3850,Resolved,Poor demand forecasting,Emergency procurement completed,05-12-2025
RSK001271,SHP003258,22,21,4610,15-04-2025,Logistics,Lost Shipment,Low,Shipment,1420,Investigating,Poor demand forecasting,Additional quality inspection,
RSK001272,SHP003117,2,149,3391,04-11-2025,Product Quality,Damaged Goods,High,Inventory,68209,Resolved,Customs clearance delay,Expedited shipment,15-11-2025
RSK001273,SHP010569,22,98,3758,06-09-2025,Logistics,Wrong Delivery,Low,Supplier,4791,Resolved,Supplier production delay,Assigned alternate supplier,08-09-2025
RSK001274,SHP002657,4,192,3869,09-01-2025,Warehouse,Equipment Failure,Low,Shipment,3927,Investigating,Poor demand forecasting,Additional quality inspection,
RSK001275,SHP012204,5,169,3478,20-08-2025,Inventory,Overstock,High,Shipment,92319,Investigating,Incorrect inventory records,Additional quality inspection,
RSK001276,SHP011470,25,131,4118,02-08-2025,Supplier,Material Shortage,Low,Supplier,4387,Investigating,Vehicle mechanical failure,Route optimized,
RSK001277,SHP014852,20,393,4849,25-08-2025,Warehouse,Storage Capacity Full,Medium,Inventory,16873,Resolved,Heavy rainfall disrupted transport,Assigned alternate supplier,27-08-2025
RSK001278,SHP010571,2,246,777,14-08-2025,Weather,Flood,Medium,Customer,19758,Resolved,Warehouse power outage,Route optimized,28-08-2025
RSK001279,SHP005183,1,340,710,06-05-2025,Warehouse,Storage Capacity Full,Medium,Customer,24125,Investigating,Heavy rainfall disrupted transport,Warehouse maintenance completed,
RSK001280,SHP002492,12,159,619,03-12-2025,Inventory,Overstock,Critical,Shipment,138258,Resolved,Warehouse power outage,Route optimized,15-12-2025
RSK001281,SHP011787,17,408,1777,23-12-2025,Inventory,Overstock,Low,Supplier,4670,Resolved,Poor demand forecasting,Assigned alternate supplier,29-12-2025
RSK001282,SHP006939,13,422,1634,20-05-2025,Logistics,Shipment Delay,Low,Supplier,704,Resolved,Vehicle mechanical failure,Insurance claim initiated,31-05-2025
RSK001283,SHP001239,6,52,2512,14-01-2025,Inventory,Inventory Mismatch,Medium,Shipment,5801,Investigating,Vehicle mechanical failure,Insurance claim initiated,
RSK001284,SHP009873,8,403,1255,19-05-2025,Logistics,Shipment Delay,Medium,Inventory,10898,Resolved,Warehouse power outage,Insurance claim initiated,23-05-2025
RSK001285,SHP001591,10,242,3257,24-05-2025,Product Quality,Damaged Goods,Critical,Customer,433692,Resolved,Supplier production delay,Assigned alternate supplier,28-05-2025
RSK001286,SHP000835,6,498,2280,22-04-2025,Financial,Cost Increase,Medium,Shipment,12986,Resolved,Packaging quality issue,Expedited shipment,05-05-2025
RSK001287,SHP009206,19,342,3277,23-12-2025,Weather,Flood,Low,Inventory,2533,Resolved,Vehicle mechanical failure,Warehouse maintenance completed,31-12-2025
RSK001288,SHP013344,11,173,1883,30-10-2025,Logistics,Lost Shipment,Low,Customer,4127,Investigating,Customs clearance delay,Warehouse maintenance completed,
RSK001289,SHP012128,23,288,2659,27-06-2025,Warehouse,Power Failure,Medium,Warehouse,20717,Resolved,Heavy rainfall disrupted transport,Insurance claim initiated,09-07-2025
RSK001290,SHP006448,14,57,1515,13-12-2025,Logistics,Shipment Delay,Medium,Inventory,17551,Resolved,Poor demand forecasting,Expedited shipment,25-12-2025
RSK001291,SHP014009,2,15,1731,11-05-2025,Inventory,Overstock,High,Warehouse,59404,Mitigated,Packaging quality issue,Assigned alternate supplier,24-05-2025
RSK001292,SHP003560,2,45,4676,22-07-2025,Logistics,Lost Shipment,Low,Warehouse,3547,Resolved,Packaging quality issue,Insurance claim initiated,26-07-2025
RSK001293,SHP006630,8,194,4549,21-03-2025,Inventory,Inventory Mismatch,Low,Supplier,2260,Resolved,Vehicle mechanical failure,Additional quality inspection,03-04-2025
RSK001294,SHP006566,22,247,2338,15-03-2025,Logistics,Lost Shipment,Low,Customer,3628,Mitigated,Poor demand forecasting,Increased safety stock,20-03-2025
RSK001295,SHP013381,15,177,1663,25-04-2025,Warehouse,Fire Alarm,Medium,Warehouse,10078,Investigating,Customs clearance delay,Insurance claim initiated,
RSK001296,SHP010397,3,494,2519,12-07-2025,Inventory,Inventory Mismatch,High,Inventory,42929,Resolved,Incorrect inventory records,Assigned alternate supplier,14-07-2025
RSK001297,SHP005150,21,374,288,07-09-2025,Logistics,Lost Shipment,High,Customer,34634,Investigating,Poor demand forecasting,Route optimized,
RSK001298,SHP008776,17,430,2324,25-11-2025,Logistics,Route Blockage,Critical,Customer,224669,Investigating,Heavy rainfall disrupted transport,Route optimized,
RSK001299,SHP004594,8,241,3065,28-07-2025,Logistics,Shipment Delay,Medium,Inventory,14097,Resolved,Vehicle mechanical failure,Warehouse maintenance completed,06-08-2025
RSK001300,SHP004140,7,314,1217,02-04-2025,Supplier,Material Shortage,Medium,Warehouse,20716,Investigating,Incorrect inventory records,Emergency procurement completed,
RSK001301,SHP002769,14,53,3003,28-09-2025,Inventory,Inventory Mismatch,Low,Customer,2565,Resolved,Heavy rainfall disrupted transport,Insurance claim initiated,03-10-2025
RSK001302,SHP001012,14,39,295,27-12-2025,Warehouse,Equipment Failure,Medium,Customer,24704,Resolved,Customs clearance delay,Route optimized,09-01-2026
RSK001303,SHP011691,24,425,3287,27-11-2025,Logistics,Lost Shipment,Low,Warehouse,2404,Resolved,Vehicle mechanical failure,Increased safety stock,08-12-2025
RSK001304,SHP009076,18,147,2163,22-03-2025,Inventory,Inventory Mismatch,Medium,Customer,6917,Mitigated,Packaging quality issue,Insurance claim initiated,28-03-2025
RSK001305,SHP001909,9,251,4481,09-07-2025,Weather,Heavy Rain,Medium,Customer,17030,Resolved,Packaging quality issue,Increased safety stock,12-07-2025
RSK001306,SHP011677,17,34,410,18-10-2025,Inventory,Inventory Mismatch,Low,Inventory,4309,Resolved,Supplier production delay,Route optimized,29-10-2025
RSK001307,SHP007292,1,369,4643,02-08-2025,Weather,Flood,Critical,Warehouse,180343,Resolved,Packaging quality issue,Route optimized,05-08-2025
RSK001308,SHP004161,8,480,4111,24-06-2025,Inventory,Inventory Mismatch,Low,Warehouse,2449,Resolved,Supplier production delay,Assigned alternate supplier,01-07-2025
RSK001309,SHP001005,23,386,3293,02-05-2025,Logistics,Route Blockage,Medium,Warehouse,23011,Resolved,Vehicle mechanical failure,Additional quality inspection,05-05-2025
RSK001310,SHP010774,8,210,4282,29-01-2025,Logistics,Wrong Delivery,High,Customer,95111,Mitigated,Warehouse power outage,Emergency procurement completed,10-02-2025
RSK001311,SHP002796,1,253,1294,24-09-2025,Warehouse,Power Failure,Medium,Customer,12203,Mitigated,Packaging quality issue,Warehouse maintenance completed,29-09-2025
RSK001312,SHP004780,4,472,3111,07-03-2025,Inventory,Overstock,Low,Supplier,2782,Investigating,Customs clearance delay,Emergency procurement completed,
RSK001313,SHP009462,2,276,2833,18-02-2025,Inventory,Inventory Mismatch,Medium,Supplier,18484,Investigating,Incorrect inventory records,Warehouse maintenance completed,
RSK001314,SHP000473,8,136,3525,06-07-2025,Weather,Heavy Rain,Low,Supplier,3499,Resolved,Customs clearance delay,Route optimized,09-07-2025
RSK001315,SHP012904,13,74,1259,03-09-2025,Warehouse,Equipment Failure,Low,Inventory,3476,Investigating,Packaging quality issue,Emergency procurement completed,
RSK001316,SHP004459,14,36,4122,18-01-2025,Logistics,Lost Shipment,Medium,Inventory,22155,Mitigated,Heavy rainfall disrupted transport,Expedited shipment,22-01-2025
RSK001317,SHP014443,18,268,3977,02-06-2025,Inventory,Stockout,High,Warehouse,66361,Resolved,Vehicle mechanical failure,Route optimized,04-06-2025
RSK001318,SHP004412,7,237,1055,09-06-2025,Supplier,Material Shortage,Medium,Inventory,13682,Resolved,Poor demand forecasting,Route optimized,12-06-2025
RSK001319,SHP014505,5,189,4343,16-12-2025,Inventory,Stockout,Medium,Inventory,13195,Open,Vehicle mechanical failure,Route optimized,
RSK001320,SHP012302,12,269,3114,06-01-2025,Weather,Flood,Low,Inventory,3944,Resolved,Vehicle mechanical failure,Emergency procurement completed,11-01-2025
RSK001321,SHP001980,12,321,2264,18-06-2025,Logistics,Lost Shipment,Low,Supplier,2420,Resolved,Customs clearance delay,Assigned alternate supplier,19-06-2025
RSK001322,SHP014602,25,64,3309,13-04-2025,Supplier,Material Shortage,Low,Warehouse,2601,Mitigated,Vehicle mechanical failure,Emergency procurement completed,25-04-2025
RSK001323,SHP004515,14,116,4462,09-12-2025,Weather,Cyclone,Low,Inventory,3674,Resolved,Supplier production delay,Increased safety stock,17-12-2025
RSK001324,SHP003593,22,163,829,12-03-2025,Warehouse,Fire Alarm,Medium,Customer,6992,Resolved,Packaging quality issue,Additional quality inspection,19-03-2025
RSK001325,SHP005064,10,54,3162,04-06-2025,Logistics,Wrong Delivery,High,Shipment,60929,Resolved,Packaging quality issue,Expedited shipment,08-06-2025
RSK001326,SHP004325,1,116,2205,21-04-2025,Logistics,Lost Shipment,High,Shipment,37929,Mitigated,Packaging quality issue,Warehouse maintenance completed,29-04-2025
RSK001327,SHP006633,12,244,4460,14-02-2025,Logistics,Wrong Delivery,Low,Warehouse,3413,Mitigated,Heavy rainfall disrupted transport,Additional quality inspection,28-02-2025
RSK001328,SHP003041,10,379,2022,18-12-2025,Logistics,Route Blockage,Critical,Customer,245503,Resolved,Vehicle mechanical failure,Route optimized,27-12-2025
RSK001329,SHP000083,10,118,1067,21-05-2025,Warehouse,Storage Capacity Full,High,Inventory,44022,Mitigated,Warehouse power outage,Warehouse maintenance completed,29-05-2025
RSK001330,SHP004046,3,182,2184,26-06-2025,Logistics,Route Blockage,Medium,Supplier,6324,Investigating,Warehouse power outage,Insurance claim initiated,
RSK001331,SHP004599,22,200,1334,21-08-2025,Logistics,Lost Shipment,Low,Warehouse,3423,Resolved,Incorrect inventory records,Increased safety stock,23-08-2025
RSK001332,SHP004926,12,440,3443,15-12-2025,Logistics,Lost Shipment,Low,Shipment,3421,Open,Heavy rainfall disrupted transport,Additional quality inspection,
RSK001333,SHP002319,5,378,551,01-02-2025,Supplier,Supplier Capacity Issue,Medium,Shipment,21657,Resolved,Incorrect inventory records,Insurance claim initiated,14-02-2025
RSK001334,SHP009160,23,15,2765,24-12-2025,Supplier,Material Shortage,Low,Inventory,2541,Resolved,Poor demand forecasting,Increased safety stock,25-12-2025
RSK001335,SHP003587,20,245,1808,13-04-2025,Financial,Cost Increase,Medium,Warehouse,7754,Resolved,Heavy rainfall disrupted transport,Insurance claim initiated,22-04-2025
RSK001336,SHP006012,7,107,2721,29-05-2025,Supplier,Late Delivery,Medium,Warehouse,7786,Resolved,Packaging quality issue,Insurance claim initiated,04-06-2025
RSK001337,SHP012541,6,300,3851,23-08-2025,Warehouse,Fire Alarm,Low,Warehouse,3019,Resolved,Customs clearance delay,Warehouse maintenance completed,26-08-2025
RSK001338,SHP000870,10,140,4145,11-11-2025,Logistics,Route Blockage,Medium,Supplier,14798,Resolved,Packaging quality issue,Expedited shipment,17-11-2025
RSK001339,SHP008742,15,76,2994,23-11-2025,Logistics,Lost Shipment,Medium,Warehouse,9419,Resolved,Incorrect inventory records,Assigned alternate supplier,04-12-2025
RSK001340,SHP000413,1,488,2660,26-11-2025,Warehouse,Storage Capacity Full,Medium,Shipment,5529,Investigating,Vehicle mechanical failure,Expedited shipment,
RSK001341,SHP000126,8,210,4511,11-09-2025,Inventory,Inventory Mismatch,Medium,Inventory,14510,Mitigated,Vehicle mechanical failure,Expedited shipment,14-09-2025
RSK001342,SHP003454,15,398,988,07-01-2025,Inventory,Stockout,Medium,Inventory,8583,Resolved,Incorrect inventory records,Assigned alternate supplier,14-01-2025
RSK001343,SHP008864,5,194,888,29-04-2025,Product Quality,Packaging Damage,Low,Customer,4132,Resolved,Incorrect inventory records,Additional quality inspection,08-05-2025
RSK001344,SHP010773,4,68,4714,19-09-2025,Supplier,Late Delivery,Critical,Customer,199888,Resolved,Packaging quality issue,Assigned alternate supplier,24-09-2025
RSK001345,SHP008538,3,251,1568,28-01-2025,Logistics,Shipment Delay,High,Warehouse,99841,Resolved,Customs clearance delay,Increased safety stock,05-02-2025
RSK001346,SHP002932,5,413,1668,11-08-2025,Supplier,Material Shortage,Medium,Warehouse,22538,Resolved,Packaging quality issue,Additional quality inspection,20-08-2025
RSK001347,SHP002244,25,463,1428,31-05-2025,Logistics,Wrong Delivery,High,Warehouse,90376,Mitigated,Packaging quality issue,Increased safety stock,09-06-2025
RSK001348,SHP009519,24,316,3432,26-05-2025,Logistics,Route Blockage,Low,Warehouse,4332,Resolved,Supplier production delay,Assigned alternate supplier,05-06-2025
RSK001349,SHP008754,21,399,4669,02-02-2025,Weather,Flood,Low,Warehouse,3059,Investigating,Vehicle mechanical failure,Increased safety stock,
RSK001350,SHP008004,4,53,3921,09-06-2025,Inventory,Stockout,Low,Customer,820,Resolved,Packaging quality issue,Route optimized,16-06-2025
RSK001351,SHP005363,17,256,4692,24-12-2025,Supplier,Supplier Capacity Issue,Low,Shipment,4220,Resolved,Supplier production delay,Assigned alternate supplier,30-12-2025
RSK001352,SHP008236,6,97,2660,30-10-2025,Inventory,Stockout,Medium,Supplier,15180,Resolved,Poor demand forecasting,Warehouse maintenance completed,12-11-2025
RSK001353,SHP004812,15,364,1617,26-09-2025,Logistics,Lost Shipment,High,Inventory,93616,Resolved,Packaging quality issue,Expedited shipment,30-09-2025
RSK001354,SHP011740,17,112,4578,04-12-2025,Supplier,Late Delivery,Medium,Supplier,10495,Resolved,Vehicle mechanical failure,Increased safety stock,17-12-2025
RSK001355,SHP003045,14,440,4926,09-11-2025,Financial,Cost Increase,Low,Warehouse,4810,Resolved,Heavy rainfall disrupted transport,Expedited shipment,10-11-2025
RSK001356,SHP008949,14,400,979,30-05-2025,Supplier,Supplier Capacity Issue,Critical,Customer,234451,Resolved,Poor demand forecasting,Route optimized,11-06-2025
RSK001357,SHP009204,12,258,420,20-11-2025,Inventory,Overstock,High,Warehouse,69709,Resolved,Supplier production delay,Warehouse maintenance completed,29-11-2025
RSK001358,SHP003069,7,424,4847,10-07-2025,Inventory,Overstock,Medium,Inventory,14071,Mitigated,Customs clearance delay,Route optimized,15-07-2025
RSK001359,SHP000024,6,182,3227,26-01-2025,Logistics,Shipment Delay,Low,Shipment,4836,Resolved,Vehicle mechanical failure,Insurance claim initiated,07-02-2025
RSK001360,SHP008638,3,92,4366,18-07-2025,Logistics,Route Blockage,Low,Supplier,2192,Resolved,Incorrect inventory records,Assigned alternate supplier,29-07-2025
RSK001361,SHP009340,1,466,1648,27-11-2025,Warehouse,Power Failure,Critical,Customer,231571,Resolved,Warehouse power outage,Assigned alternate supplier,28-11-2025
RSK001362,SHP000895,4,120,3713,05-04-2025,Warehouse,Storage Capacity Full,Low,Warehouse,1115,Investigating,Supplier production delay,Additional quality inspection,
RSK001363,SHP008465,19,458,4388,13-08-2025,Inventory,Inventory Mismatch,Medium,Shipment,23084,Investigating,Supplier production delay,Increased safety stock,
RSK001364,SHP006654,6,483,4531,12-09-2025,Product Quality,Packaging Damage,Medium,Warehouse,18136,Open,Poor demand forecasting,Emergency procurement completed,
RSK001365,SHP010137,23,35,2798,10-03-2025,Supplier,Late Delivery,Low,Warehouse,1674,Resolved,Vehicle mechanical failure,Assigned alternate supplier,18-03-2025
RSK001366,SHP014150,7,276,3486,25-03-2025,Logistics,Shipment Delay,Low,Customer,2364,Resolved,Supplier production delay,Warehouse maintenance completed,04-04-2025
RSK001367,SHP000102,7,400,2455,04-10-2025,Inventory,Stockout,Low,Supplier,2104,Resolved,Heavy rainfall disrupted transport,Additional quality inspection,16-10-2025
RSK001368,SHP006129,23,417,433,30-09-2025,Product Quality,Manufacturing Defect,High,Customer,92748,Resolved,Poor demand forecasting,Expedited shipment,11-10-2025
RSK001369,SHP010718,24,276,4662,11-02-2025,Inventory,Inventory Mismatch,Medium,Customer,13052,Mitigated,Vehicle mechanical failure,Increased safety stock,16-02-2025
RSK001370,SHP000194,2,217,1173,16-07-2025,Logistics,Shipment Delay,Critical,Inventory,394946,Mitigated,Customs clearance delay,Assigned alternate supplier,22-07-2025
RSK001371,SHP013702,25,175,2726,20-03-2025,Inventory,Inventory Mismatch,High,Warehouse,84728,Resolved,Heavy rainfall disrupted transport,Route optimized,03-04-2025
RSK001372,SHP001211,5,350,3914,04-09-2025,Logistics,Route Blockage,Medium,Warehouse,10182,Mitigated,Vehicle mechanical failure,Expedited shipment,07-09-2025
RSK001373,SHP001388,15,262,1306,28-08-2025,Supplier,Material Shortage,Low,Supplier,2141,Resolved,Supplier production delay,Route optimized,11-09-2025
RSK001374,SHP005798,11,113,3558,30-06-2025,Transportation,Fuel Shortage,Medium,Supplier,5961,Resolved,Incorrect inventory records,Insurance claim initiated,07-07-2025
RSK001375,SHP013408,11,80,3661,02-02-2025,Warehouse,Power Failure,Medium,Supplier,13276,Mitigated,Supplier production delay,Route optimized,13-02-2025
RSK001376,SHP003107,20,130,3411,11-01-2025,Logistics,Route Blockage,Low,Warehouse,1400,Resolved,Poor demand forecasting,Insurance claim initiated,13-01-2025
RSK001377,SHP006153,20,370,3004,09-06-2025,Supplier,Late Delivery,High,Warehouse,70912,Resolved,Packaging quality issue,Emergency procurement completed,15-06-2025
RSK001378,SHP009754,24,433,4926,07-02-2025,Transportation,Traffic Congestion,Medium,Inventory,20574,Mitigated,Supplier production delay,Insurance claim initiated,15-02-2025
RSK001379,SHP001756,17,125,2494,16-05-2025,Logistics,Wrong Delivery,Low,Shipment,4776,Investigating,Vehicle mechanical failure,Additional quality inspection,
RSK001380,SHP008474,19,8,3227,14-04-2025,Inventory,Inventory Mismatch,Low,Shipment,1219,Open,Vehicle mechanical failure,Assigned alternate supplier,
RSK001381,SHP006698,12,77,1653,13-01-2025,Inventory,Inventory Mismatch,Low,Warehouse,2543,Investigating,Vehicle mechanical failure,Assigned alternate supplier,
RSK001382,SHP012688,7,181,1124,01-06-2025,Logistics,Shipment Delay,Medium,Supplier,12761,Resolved,Incorrect inventory records,Emergency procurement completed,10-06-2025
RSK001383,SHP002358,17,411,4192,13-01-2025,Logistics,Shipment Delay,Low,Shipment,4126,Mitigated,Poor demand forecasting,Route optimized,20-01-2025
RSK001384,SHP006787,18,262,3974,22-01-2025,Logistics,Shipment Delay,Low,Inventory,3154,Resolved,Heavy rainfall disrupted transport,Expedited shipment,05-02-2025
RSK001385,SHP011627,4,443,1233,05-10-2025,Supplier,Material Shortage,Low,Shipment,753,Resolved,Incorrect inventory records,Increased safety stock,08-10-2025
RSK001386,SHP011336,13,70,3779,28-05-2025,Warehouse,Equipment Failure,Medium,Inventory,18023,Resolved,Heavy rainfall disrupted transport,Assigned alternate supplier,05-06-2025
RSK001387,SHP013152,8,374,3864,06-12-2025,Warehouse,Storage Capacity Full,Medium,Warehouse,8834,Investigating,Customs clearance delay,Route optimized,
RSK001388,SHP011711,1,389,971,13-01-2025,Inventory,Overstock,Low,Shipment,1353,Resolved,Incorrect inventory records,Increased safety stock,26-01-2025
RSK001389,SHP004231,7,103,155,20-03-2025,Logistics,Shipment Delay,High,Customer,37280,Mitigated,Warehouse power outage,Additional quality inspection,29-03-2025
RSK001390,SHP012661,21,95,682,18-04-2025,Supplier,Supplier Capacity Issue,Low,Customer,1646,Resolved,Heavy rainfall disrupted transport,Emergency procurement completed,29-04-2025
RSK001391,SHP001729,3,403,3752,01-02-2025,Inventory,Overstock,High,Warehouse,36181,Mitigated,Customs clearance delay,Emergency procurement completed,10-02-2025
RSK001392,SHP012004,23,384,4549,04-01-2025,Inventory,Stockout,High,Supplier,64382,Open,Packaging quality issue,Emergency procurement completed,
RSK001393,SHP012324,24,245,2728,09-07-2025,Warehouse,Storage Capacity Full,Critical,Shipment,171859,Resolved,Incorrect inventory records,Expedited shipment,13-07-2025
RSK001394,SHP006633,25,276,3224,14-02-2025,Weather,Cyclone,Low,Supplier,2241,Resolved,Supplier production delay,Additional quality inspection,22-02-2025
RSK001395,SHP008409,4,303,875,22-12-2025,Supplier,Material Shortage,High,Shipment,77826,Open,Poor demand forecasting,Expedited shipment,
RSK001396,SHP012906,2,32,1724,20-11-2025,Logistics,Lost Shipment,High,Shipment,56074,Mitigated,Heavy rainfall disrupted transport,Route optimized,03-12-2025
RSK001397,SHP006269,8,66,3087,09-07-2025,Logistics,Route Blockage,High,Warehouse,90688,Mitigated,Customs clearance delay,Route optimized,21-07-2025
RSK001398,SHP008957,11,297,779,04-09-2025,Inventory,Inventory Mismatch,High,Inventory,84403,Resolved,Incorrect inventory records,Additional quality inspection,15-09-2025
RSK001399,SHP002868,22,117,2269,12-06-2025,Logistics,Lost Shipment,Medium,Shipment,12924,Resolved,Warehouse power outage,Additional quality inspection,18-06-2025
RSK001400,SHP009991,23,317,833,18-01-2025,Warehouse,Storage Capacity Full,Low,Shipment,1890,Mitigated,Customs clearance delay,Route optimized,29-01-2025
RSK001401,SHP011549,22,240,309,07-01-2025,Logistics,Shipment Delay,Low,Warehouse,584,Mitigated,Packaging quality issue,Assigned alternate supplier,18-01-2025
RSK001402,SHP014946,19,406,3229,29-08-2025,Warehouse,Storage Capacity Full,Low,Supplier,1113,Resolved,Warehouse power outage,Emergency procurement completed,09-09-2025
RSK001403,SHP012553,1,420,2522,04-09-2025,Inventory,Overstock,High,Shipment,90560,Resolved,Vehicle mechanical failure,Assigned alternate supplier,09-09-2025
RSK001404,SHP003130,16,357,563,26-07-2025,Inventory,Overstock,Medium,Customer,23900,Resolved,Vehicle mechanical failure,Assigned alternate supplier,07-08-2025
RSK001405,SHP004342,1,216,3125,31-12-2025,Product Quality,Packaging Damage,Low,Customer,4807,Resolved,Heavy rainfall disrupted transport,Additional quality inspection,14-01-2026
RSK001406,SHP005969,18,463,1585,26-12-2025,Inventory,Inventory Mismatch,Low,Supplier,3369,Resolved,Heavy rainfall disrupted transport,Expedited shipment,28-12-2025
RSK001407,SHP010010,13,436,4101,21-06-2025,Transportation,Vehicle Breakdown,Low,Inventory,4558,Investigating,Heavy rainfall disrupted transport,Insurance claim initiated,
RSK001408,SHP009584,11,477,3969,24-10-2025,Inventory,Inventory Mismatch,Low,Warehouse,4641,Mitigated,Supplier production delay,Increased safety stock,29-10-2025
RSK001409,SHP010729,1,60,2662,15-02-2025,Supplier,Material Shortage,Low,Warehouse,3871,Resolved,Vehicle mechanical failure,Insurance claim initiated,19-02-2025
RSK001410,SHP007868,24,73,528,24-10-2025,Inventory,Stockout,Low,Customer,1832,Resolved,Poor demand forecasting,Increased safety stock,06-11-2025
RSK001411,SHP003927,18,164,694,18-11-2025,Supplier,Late Delivery,Medium,Supplier,20530,Mitigated,Warehouse power outage,Assigned alternate supplier,28-11-2025
RSK001412,SHP014066,7,193,2419,31-12-2025,Logistics,Shipment Delay,Medium,Customer,9821,Mitigated,Customs clearance delay,Assigned alternate supplier,06-01-2026
RSK001413,SHP011282,8,471,4925,25-09-2025,Inventory,Inventory Mismatch,High,Warehouse,88497,Resolved,Incorrect inventory records,Assigned alternate supplier,05-10-2025
RSK001414,SHP002141,6,208,1274,16-08-2025,Inventory,Inventory Mismatch,High,Shipment,70678,Resolved,Packaging quality issue,Increased safety stock,30-08-2025
RSK001415,SHP010958,10,354,3887,11-12-2025,Supplier,Material Shortage,Low,Warehouse,1807,Resolved,Vehicle mechanical failure,Additional quality inspection,22-12-2025
RSK001416,SHP011914,25,393,3819,13-10-2025,Inventory,Overstock,Low,Warehouse,2749,Resolved,Customs clearance delay,Warehouse maintenance completed,15-10-2025
RSK001417,SHP003824,25,57,3649,30-04-2025,Logistics,Shipment Delay,Medium,Warehouse,9513,Resolved,Incorrect inventory records,Warehouse maintenance completed,13-05-2025
RSK001418,SHP006147,14,113,4430,14-11-2025,Supplier,Late Delivery,Low,Inventory,990,Mitigated,Warehouse power outage,Emergency procurement completed,21-11-2025
RSK001419,SHP007815,10,366,4601,15-01-2025,Logistics,Shipment Delay,Low,Supplier,1946,Resolved,Heavy rainfall disrupted transport,Warehouse maintenance completed,28-01-2025
RSK001420,SHP001838,13,224,3640,27-11-2025,Supplier,Late Delivery,Low,Supplier,4802,Resolved,Incorrect inventory records,Additional quality inspection,01-12-2025
RSK001421,SHP003656,11,323,4278,16-03-2025,Financial,Cost Increase,Critical,Inventory,124677,Resolved,Heavy rainfall disrupted transport,Assigned alternate supplier,23-03-2025
RSK001422,SHP002121,21,125,2543,20-10-2025,Logistics,Lost Shipment,Low,Warehouse,2094,Resolved,Customs clearance delay,Expedited shipment,21-10-2025
RSK001423,SHP006544,10,385,1501,29-08-2025,Logistics,Route Blockage,Low,Shipment,4405,Resolved,Vehicle mechanical failure,Route optimized,07-09-2025
RSK001424,SHP013532,4,80,256,25-07-2025,Supplier,Supplier Capacity Issue,Low,Supplier,3435,Mitigated,Vehicle mechanical failure,Assigned alternate supplier,08-08-2025
RSK001425,SHP000087,12,212,513,04-01-2025,Logistics,Lost Shipment,Medium,Inventory,19175,Resolved,Packaging quality issue,Expedited shipment,07-01-2025
RSK001426,SHP005980,24,437,4230,16-07-2025,Weather,Heavy Rain,Medium,Warehouse,16278,Mitigated,Incorrect inventory records,Warehouse maintenance completed,21-07-2025
RSK001427,SHP009237,12,480,878,07-05-2025,Product Quality,Damaged Goods,Low,Shipment,2204,Mitigated,Packaging quality issue,Emergency procurement completed,13-05-2025
RSK001428,SHP010671,15,308,935,25-08-2025,Warehouse,Equipment Failure,Medium,Warehouse,20410,Resolved,Warehouse power outage,Insurance claim initiated,28-08-2025
RSK001429,SHP006541,16,462,4380,20-02-2025,Financial,Currency Fluctuation,Low,Shipment,4175,Investigating,Poor demand forecasting,Expedited shipment,
RSK001430,SHP000479,19,166,3815,24-06-2025,Financial,Currency Fluctuation,Medium,Shipment,19950,Investigating,Poor demand forecasting,Additional quality inspection,
RSK001431,SHP006858,19,213,3690,23-02-2025,Supplier,Material Shortage,Medium,Warehouse,15112,Resolved,Customs clearance delay,Warehouse maintenance completed,27-02-2025
RSK001432,SHP000072,18,349,4315,06-01-2025,Logistics,Lost Shipment,Critical,Warehouse,162008,Investigating,Customs clearance delay,Emergency procurement completed,
RSK001433,SHP001746,8,374,2395,26-09-2025,Logistics,Wrong Delivery,Low,Customer,2479,Resolved,Customs clearance delay,Expedited shipment,27-09-2025
RSK001434,SHP013472,8,147,543,28-07-2025,Supplier,Material Shortage,Medium,Warehouse,13362,Investigating,Supplier production delay,Expedited shipment,
RSK001435,SHP010624,14,446,2810,27-08-2025,Logistics,Route Blockage,Low,Warehouse,4814,Resolved,Supplier production delay,Warehouse maintenance completed,09-09-2025
RSK001436,SHP005738,6,371,4032,24-10-2025,Warehouse,Storage Capacity Full,Medium,Supplier,6972,Resolved,Supplier production delay,Insurance claim initiated,30-10-2025
RSK001437,SHP012370,25,417,2762,10-11-2025,Logistics,Shipment Delay,Low,Shipment,1404,Resolved,Poor demand forecasting,Expedited shipment,24-11-2025
RSK001438,SHP003230,11,270,3841,19-04-2025,Inventory,Stockout,High,Warehouse,25583,Investigating,Customs clearance delay,Increased safety stock,
RSK001439,SHP009692,16,425,3734,25-10-2025,Supplier,Late Delivery,High,Supplier,46579,Resolved,Packaging quality issue,Insurance claim initiated,01-11-2025
RSK001440,SHP014752,21,312,3549,29-09-2025,Supplier,Material Shortage,Medium,Supplier,13843,Resolved,Heavy rainfall disrupted transport,Increased safety stock,02-10-2025
RSK001441,SHP014897,18,196,1899,06-11-2025,Product Quality,Manufacturing Defect,Medium,Customer,5268,Mitigated,Customs clearance delay,Warehouse maintenance completed,12-11-2025
RSK001442,SHP011726,7,250,4186,02-04-2025,Inventory,Inventory Mismatch,High,Customer,38058,Investigating,Vehicle mechanical failure,Insurance claim initiated,
RSK001443,SHP012672,22,262,2999,10-05-2025,Weather,Heavy Rain,Low,Shipment,2817,Resolved,Warehouse power outage,Assigned alternate supplier,23-05-2025
RSK001444,SHP011826,11,116,755,10-06-2025,Product Quality,Damaged Goods,Medium,Shipment,11509,Resolved,Vehicle mechanical failure,Assigned alternate supplier,13-06-2025
RSK001445,SHP010082,17,264,3342,10-10-2025,Financial,Currency Fluctuation,Critical,Supplier,183565,Open,Warehouse power outage,Assigned alternate supplier,
RSK001446,SHP011012,2,213,4385,16-11-2025,Supplier,Material Shortage,High,Customer,71235,Resolved,Incorrect inventory records,Emergency procurement completed,28-11-2025
RSK001447,SHP009033,8,470,187,30-05-2025,Weather,Cyclone,Low,Shipment,1244,Resolved,Warehouse power outage,Insurance claim initiated,05-06-2025
RSK001448,SHP007847,3,292,2440,27-12-2025,Inventory,Stockout,Medium,Shipment,7685,Resolved,Customs clearance delay,Assigned alternate supplier,29-12-2025
RSK001449,SHP002079,6,300,4509,14-12-2025,Warehouse,Storage Capacity Full,Low,Shipment,3037,Resolved,Supplier production delay,Emergency procurement completed,26-12-2025
RSK001450,SHP012064,20,382,1929,06-07-2025,Supplier,Supplier Capacity Issue,High,Warehouse,80306,Resolved,Supplier production delay,Additional quality inspection,18-07-2025
RSK001451,SHP010627,18,62,178,26-12-2025,Warehouse,Power Failure,Low,Supplier,3116,Mitigated,Vehicle mechanical failure,Emergency procurement completed,27-12-2025
RSK001452,SHP011981,21,198,215,03-10-2025,Weather,Cyclone,High,Shipment,30415,Resolved,Packaging quality issue,Warehouse maintenance completed,04-10-2025
RSK001453,SHP005200,15,280,457,10-02-2025,Logistics,Route Blockage,Medium,Warehouse,23192,Resolved,Vehicle mechanical failure,Expedited shipment,24-02-2025
RSK001454,SHP000430,18,367,3621,23-12-2025,Logistics,Lost Shipment,Medium,Warehouse,7311,Investigating,Incorrect inventory records,Assigned alternate supplier,
RSK001455,SHP001641,16,109,667,08-07-2025,Warehouse,Storage Capacity Full,Low,Inventory,3537,Mitigated,Incorrect inventory records,Insurance claim initiated,12-07-2025
RSK001456,SHP007224,18,163,1122,24-03-2025,Supplier,Material Shortage,High,Warehouse,54436,Mitigated,Poor demand forecasting,Expedited shipment,31-03-2025
RSK001457,SHP005522,9,104,1001,22-05-2025,Weather,Heavy Rain,Low,Supplier,4743,Resolved,Incorrect inventory records,Emergency procurement completed,27-05-2025
RSK001458,SHP013314,22,302,107,01-10-2025,Logistics,Route Blockage,High,Warehouse,34877,Resolved,Supplier production delay,Additional quality inspection,12-10-2025
RSK001459,SHP013771,18,30,1990,01-05-2025,Product Quality,Packaging Damage,Low,Warehouse,3092,Resolved,Packaging quality issue,Increased safety stock,12-05-2025
RSK001460,SHP008253,16,8,1962,02-12-2025,Logistics,Lost Shipment,Critical,Customer,368403,Resolved,Incorrect inventory records,Increased safety stock,05-12-2025
RSK001461,SHP014424,25,163,3499,12-06-2025,Supplier,Late Delivery,Low,Supplier,1107,Resolved,Incorrect inventory records,Route optimized,22-06-2025
RSK001462,SHP003940,8,40,840,17-08-2025,Logistics,Wrong Delivery,Low,Supplier,1350,Investigating,Supplier production delay,Insurance claim initiated,
RSK001463,SHP014529,22,492,197,26-05-2025,Inventory,Overstock,Medium,Customer,24730,Investigating,Supplier production delay,Warehouse maintenance completed,
RSK001464,SHP006132,19,350,3851,12-12-2025,Warehouse,Equipment Failure,Low,Customer,4999,Mitigated,Incorrect inventory records,Additional quality inspection,17-12-2025
RSK001465,SHP013753,7,363,3280,25-01-2025,Inventory,Overstock,Low,Inventory,3563,Resolved,Warehouse power outage,Insurance claim initiated,04-02-2025
RSK001466,SHP014104,25,474,956,13-12-2025,Logistics,Route Blockage,Medium,Warehouse,5749,Resolved,Packaging quality issue,Emergency procurement completed,23-12-2025
RSK001467,SHP002131,1,377,184,17-04-2025,Warehouse,Storage Capacity Full,High,Supplier,63278,Resolved,Vehicle mechanical failure,Warehouse maintenance completed,30-04-2025
RSK001468,SHP014328,24,308,4041,08-01-2025,Inventory,Inventory Mismatch,Low,Inventory,2429,Resolved,Warehouse power outage,Route optimized,12-01-2025
RSK001469,SHP001977,22,305,33,12-02-2025,Inventory,Stockout,Low,Inventory,2147,Resolved,Poor demand forecasting,Emergency procurement completed,13-02-2025
RSK001470,SHP010710,9,455,1302,09-03-2025,Inventory,Overstock,Medium,Shipment,21523,Mitigated,Heavy rainfall disrupted transport,Increased safety stock,14-03-2025
RSK001471,SHP000882,18,409,3722,08-05-2025,Financial,Cost Increase,High,Inventory,76530,Mitigated,Vehicle mechanical failure,Increased safety stock,19-05-2025
RSK001472,SHP012855,14,166,1946,29-01-2025,Inventory,Stockout,Low,Supplier,1926,Mitigated,Incorrect inventory records,Emergency procurement completed,03-02-2025
RSK001473,SHP014478,1,266,2723,10-02-2025,Logistics,Route Blockage,Low,Supplier,2167,Resolved,Supplier production delay,Warehouse maintenance completed,23-02-2025
RSK001474,SHP007484,6,126,539,31-05-2025,Inventory,Stockout,Low,Inventory,3757,Mitigated,Vehicle mechanical failure,Expedited shipment,13-06-2025
RSK001475,SHP001033,20,184,1438,26-02-2025,Inventory,Overstock,Low,Inventory,3687,Resolved,Supplier production delay,Route optimized,01-03-2025
RSK001476,SHP010601,19,140,1835,19-05-2025,Supplier,Supplier Capacity Issue,Low,Inventory,3563,Resolved,Poor demand forecasting,Insurance claim initiated,01-06-2025
RSK001477,SHP014287,12,138,1994,08-12-2025,Logistics,Shipment Delay,High,Shipment,42169,Resolved,Packaging quality issue,Warehouse maintenance completed,09-12-2025
RSK001478,SHP004237,24,310,2687,12-03-2025,Logistics,Lost Shipment,High,Shipment,83012,Resolved,Vehicle mechanical failure,Additional quality inspection,17-03-2025
RSK001479,SHP006498,3,257,2706,15-10-2025,Inventory,Inventory Mismatch,Medium,Customer,18611,Resolved,Incorrect inventory records,Emergency procurement completed,23-10-2025
RSK001480,SHP000173,21,19,1602,29-05-2025,Inventory,Inventory Mismatch,Low,Customer,4279,Resolved,Vehicle mechanical failure,Insurance claim initiated,06-06-2025
RSK001481,SHP011210,12,355,1051,29-07-2025,Warehouse,Power Failure,Low,Shipment,2597,Resolved,Customs clearance delay,Emergency procurement completed,02-08-2025
RSK001482,SHP001784,4,159,2473,11-08-2025,Warehouse,Power Failure,Low,Shipment,1296,Mitigated,Warehouse power outage,Insurance claim initiated,14-08-2025
RSK001483,SHP007126,9,173,293,25-02-2025,Supplier,Material Shortage,Low,Customer,4342,Resolved,Poor demand forecasting,Assigned alternate supplier,11-03-2025
RSK001484,SHP010188,9,129,1945,17-11-2025,Warehouse,Equipment Failure,Medium,Customer,20289,Resolved,Incorrect inventory records,Expedited shipment,30-11-2025
RSK001485,SHP004319,20,164,1138,28-02-2025,Product Quality,Packaging Damage,Medium,Inventory,18642,Mitigated,Poor demand forecasting,Expedited shipment,02-03-2025
RSK001486,SHP000731,16,413,2691,17-09-2025,Logistics,Route Blockage,Low,Customer,3583,Resolved,Vehicle mechanical failure,Insurance claim initiated,23-09-2025
RSK001487,SHP005943,15,55,553,12-08-2025,Product Quality,Packaging Damage,Low,Shipment,4892,Resolved,Customs clearance delay,Warehouse maintenance completed,25-08-2025
RSK001488,SHP012305,17,222,4961,14-12-2025,Inventory,Inventory Mismatch,Low,Warehouse,1138,Mitigated,Incorrect inventory records,Emergency procurement completed,16-12-2025
RSK001489,SHP002548,23,266,3939,02-09-2025,Logistics,Lost Shipment,Low,Customer,1671,Resolved,Incorrect inventory records,Insurance claim initiated,04-09-2025
RSK001490,SHP013938,13,162,3616,28-11-2025,Logistics,Shipment Delay,Medium,Warehouse,15851,Resolved,Supplier production delay,Insurance claim initiated,06-12-2025
RSK001491,SHP014575,6,377,4303,16-03-2025,Supplier,Late Delivery,Low,Shipment,3547,Mitigated,Warehouse power outage,Insurance claim initiated,22-03-2025
RSK001492,SHP013532,25,315,3650,20-07-2025,Supplier,Late Delivery,Critical,Warehouse,172881,Mitigated,Heavy rainfall disrupted transport,Warehouse maintenance completed,26-07-2025
RSK001493,SHP013643,23,317,457,14-05-2025,Warehouse,Equipment Failure,Medium,Customer,18409,Mitigated,Supplier production delay,Increased safety stock,25-05-2025
RSK001494,SHP014167,12,213,4603,26-05-2025,Product Quality,Damaged Goods,Medium,Inventory,20526,Resolved,Incorrect inventory records,Insurance claim initiated,30-05-2025
RSK001495,SHP009178,2,500,1042,17-11-2025,Supplier,Material Shortage,High,Shipment,88148,Mitigated,Vehicle mechanical failure,Route optimized,29-11-2025
RSK001496,SHP003901,5,262,4055,22-10-2025,Inventory,Stockout,Low,Inventory,2002,Resolved,Packaging quality issue,Emergency procurement completed,23-10-2025
RSK001497,SHP000569,2,316,207,21-10-2025,Logistics,Shipment Delay,High,Warehouse,42724,Resolved,Customs clearance delay,Expedited shipment,31-10-2025
RSK001498,SHP001180,24,127,4463,19-06-2025,Logistics,Route Blockage,Medium,Customer,13897,Mitigated,Customs clearance delay,Warehouse maintenance completed,24-06-2025
RSK001499,SHP005185,19,314,108,15-04-2025,Logistics,Shipment Delay,Medium,Warehouse,6512,Resolved,Heavy rainfall disrupted transport,Additional quality inspection,19-04-2025
RSK001500,SHP012265,21,414,3693,26-06-2025,Logistics,Wrong Delivery,Medium,Supplier,5598,Open,Poor demand forecasting,Warehouse maintenance completed,
RSK001501,SHP011283,9,145,2021,28-07-2025,Logistics,Wrong Delivery,Medium,Customer,23293,Resolved,Warehouse power outage,Warehouse maintenance completed,07-08-2025
RSK001502,SHP002687,7,460,3368,09-12-2025,Inventory,Inventory Mismatch,Critical,Inventory,311136,Resolved,Customs clearance delay,Warehouse maintenance completed,11-12-2025
RSK001503,SHP003630,11,269,4734,25-02-2025,Supplier,Material Shortage,Low,Warehouse,976,Resolved,Supplier production delay,Insurance claim initiated,27-02-2025
RSK001504,SHP008657,2,232,4830,10-10-2025,Warehouse,Power Failure,Low,Shipment,3400,Resolved,Incorrect inventory records,Expedited shipment,20-10-2025
RSK001505,SHP003686,5,456,615,31-01-2025,Product Quality,Packaging Damage,Low,Customer,3793,Resolved,Poor demand forecasting,Emergency procurement completed,02-02-2025
RSK001506,SHP007121,19,225,1658,02-08-2025,Supplier,Late Delivery,High,Warehouse,57929,Resolved,Heavy rainfall disrupted transport,Insurance claim initiated,04-08-2025
RSK001507,SHP008393,3,170,1556,19-05-2025,Product Quality,Manufacturing Defect,Medium,Shipment,15033,Resolved,Supplier production delay,Route optimized,02-06-2025
RSK001508,SHP007839,7,425,3128,25-04-2025,Logistics,Route Blockage,Low,Warehouse,2776,Resolved,Poor demand forecasting,Additional quality inspection,26-04-2025
RSK001509,SHP002659,10,395,3490,02-07-2025,Logistics,Wrong Delivery,Low,Shipment,3735,Resolved,Poor demand forecasting,Emergency procurement completed,12-07-2025
RSK001510,SHP006083,21,271,4928,09-03-2025,Logistics,Lost Shipment,Low,Inventory,2221,Resolved,Packaging quality issue,Emergency procurement completed,14-03-2025
RSK001511,SHP012680,9,357,4507,30-05-2025,Logistics,Shipment Delay,High,Supplier,92113,Resolved,Poor demand forecasting,Increased safety stock,09-06-2025
RSK001512,SHP008546,3,267,2576,01-08-2025,Logistics,Route Blockage,Low,Supplier,1008,Mitigated,Incorrect inventory records,Insurance claim initiated,15-08-2025
RSK001513,SHP006538,5,391,1572,31-07-2025,Financial,Currency Fluctuation,Medium,Customer,6012,Resolved,Heavy rainfall disrupted transport,Expedited shipment,12-08-2025
RSK001514,SHP004563,13,88,1922,25-03-2025,Supplier,Supplier Capacity Issue,Low,Shipment,1910,Resolved,Incorrect inventory records,Increased safety stock,03-04-2025
RSK001515,SHP009772,23,121,206,15-10-2025,Logistics,Wrong Delivery,Medium,Warehouse,15643,Resolved,Warehouse power outage,Warehouse maintenance completed,29-10-2025
RSK001516,SHP014070,17,415,1783,12-04-2025,Supplier,Supplier Capacity Issue,Medium,Inventory,18453,Investigating,Packaging quality issue,Warehouse maintenance completed,
RSK001517,SHP006943,22,48,553,12-12-2025,Product Quality,Damaged Goods,Low,Customer,3885,Resolved,Customs clearance delay,Route optimized,17-12-2025
RSK001518,SHP008797,18,127,4528,17-05-2025,Weather,Flood,Low,Warehouse,4864,Mitigated,Packaging quality issue,Route optimized,30-05-2025
RSK001519,SHP004382,14,160,1388,16-09-2025,Warehouse,Storage Capacity Full,Medium,Warehouse,14066,Mitigated,Incorrect inventory records,Additional quality inspection,23-09-2025
RSK001520,SHP000463,6,220,3577,14-07-2025,Inventory,Stockout,Low,Shipment,2945,Resolved,Poor demand forecasting,Increased safety stock,23-07-2025
RSK001521,SHP007510,10,139,942,04-06-2025,Warehouse,Power Failure,Medium,Warehouse,17707,Resolved,Warehouse power outage,Route optimized,09-06-2025
RSK001522,SHP007897,17,132,4236,15-07-2025,Warehouse,Fire Alarm,Medium,Supplier,7708,Investigating,Poor demand forecasting,Additional quality inspection,
RSK001523,SHP000413,4,451,3959,16-08-2025,Inventory,Stockout,Medium,Supplier,20989,Resolved,Warehouse power outage,Additional quality inspection,19-08-2025
RSK001524,SHP005289,6,500,2681,20-10-2025,Warehouse,Equipment Failure,Critical,Inventory,258598,Resolved,Poor demand forecasting,Warehouse maintenance completed,22-10-2025
RSK001525,SHP011019,11,194,1709,23-12-2025,Weather,Heavy Rain,Low,Supplier,2129,Resolved,Poor demand forecasting,Increased safety stock,30-12-2025
RSK001526,SHP007235,8,398,2960,22-06-2025,Supplier,Late Delivery,High,Supplier,88150,Resolved,Customs clearance delay,Expedited shipment,28-06-2025
RSK001527,SHP010885,19,339,4603,20-11-2025,Logistics,Wrong Delivery,High,Supplier,77599,Resolved,Customs clearance delay,Warehouse maintenance completed,26-11-2025
RSK001528,SHP012411,4,132,4022,24-10-2025,Warehouse,Power Failure,Low,Warehouse,2396,Resolved,Incorrect inventory records,Emergency procurement completed,06-11-2025
RSK001529,SHP010089,24,473,1923,12-06-2025,Inventory,Stockout,Low,Inventory,3025,Mitigated,Packaging quality issue,Increased safety stock,21-06-2025
RSK001530,SHP012433,3,252,4832,09-02-2025,Supplier,Supplier Capacity Issue,Low,Warehouse,1020,Investigating,Heavy rainfall disrupted transport,Emergency procurement completed,
RSK001531,SHP014486,22,89,3279,01-04-2025,Inventory,Overstock,Low,Supplier,1288,Resolved,Heavy rainfall disrupted transport,Additional quality inspection,09-04-2025
RSK001532,SHP009920,14,211,1749,21-02-2025,Inventory,Overstock,Low,Shipment,1175,Resolved,Warehouse power outage,Increased safety stock,02-03-2025
RSK001533,SHP005782,16,410,3741,03-12-2025,Inventory,Stockout,Medium,Inventory,19780,Resolved,Vehicle mechanical failure,Increased safety stock,09-12-2025
RSK001534,SHP007516,5,356,2428,06-09-2025,Logistics,Lost Shipment,Low,Supplier,2814,Investigating,Customs clearance delay,Increased safety stock,
RSK001535,SHP000946,23,143,179,06-03-2025,Warehouse,Storage Capacity Full,Low,Warehouse,4375,Resolved,Supplier production delay,Insurance claim initiated,18-03-2025
RSK001536,SHP000841,6,70,4892,12-03-2025,Weather,Flood,Medium,Warehouse,11274,Resolved,Warehouse power outage,Insurance claim initiated,16-03-2025
RSK001537,SHP000754,12,333,4984,30-10-2025,Inventory,Inventory Mismatch,High,Inventory,70888,Mitigated,Heavy rainfall disrupted transport,Increased safety stock,01-11-2025
RSK001538,SHP011860,21,117,1632,15-10-2025,Warehouse,Equipment Failure,Low,Shipment,2352,Resolved,Customs clearance delay,Emergency procurement completed,27-10-2025
RSK001539,SHP014053,7,47,4978,23-10-2025,Inventory,Overstock,Low,Shipment,746,Resolved,Vehicle mechanical failure,Additional quality inspection,06-11-2025
RSK001540,SHP005497,2,243,4772,09-12-2025,Logistics,Wrong Delivery,Low,Inventory,1991,Resolved,Heavy rainfall disrupted transport,Insurance claim initiated,12-12-2025
RSK001541,SHP007122,18,394,1292,13-10-2025,Logistics,Lost Shipment,High,Customer,99584,Resolved,Incorrect inventory records,Emergency procurement completed,23-10-2025
RSK001542,SHP004440,16,125,4016,03-10-2025,Logistics,Wrong Delivery,Medium,Inventory,14809,Mitigated,Packaging quality issue,Emergency procurement completed,14-10-2025
RSK001543,SHP003110,21,409,1826,30-06-2025,Logistics,Lost Shipment,Low,Inventory,681,Resolved,Heavy rainfall disrupted transport,Insurance claim initiated,04-07-2025
RSK001544,SHP000005,17,420,3135,01-06-2025,Weather,Heavy Rain,Low,Inventory,2518,Mitigated,Heavy rainfall disrupted transport,Insurance claim initiated,12-06-2025
RSK001545,SHP011796,4,228,3688,11-04-2025,Product Quality,Packaging Damage,Medium,Supplier,14742,Resolved,Warehouse power outage,Route optimized,13-04-2025
RSK001546,SHP004039,4,341,4521,01-03-2025,Weather,Flood,Medium,Shipment,6591,Investigating,Customs clearance delay,Route optimized,
RSK001547,SHP006183,25,426,1704,28-10-2025,Warehouse,Power Failure,High,Customer,76102,Resolved,Heavy rainfall disrupted transport,Expedited shipment,05-11-2025
RSK001548,SHP002797,23,268,3460,14-12-2025,Supplier,Material Shortage,Low,Inventory,625,Mitigated,Supplier production delay,Route optimized,15-12-2025
RSK001549,SHP012624,15,99,2832,01-10-2025,Logistics,Route Blockage,Medium,Warehouse,12329,Resolved,Warehouse power outage,Route optimized,02-10-2025
RSK001550,SHP007982,7,129,4849,12-10-2025,Supplier,Material Shortage,High,Warehouse,81058,Resolved,Poor demand forecasting,Expedited shipment,26-10-2025
RSK001551,SHP014991,25,297,4263,25-04-2025,Logistics,Wrong Delivery,Low,Customer,1126,Resolved,Poor demand forecasting,Assigned alternate supplier,01-05-2025
RSK001552,SHP000724,7,208,863,27-10-2025,Logistics,Wrong Delivery,Low,Inventory,3644,Resolved,Customs clearance delay,Insurance claim initiated,01-11-2025
RSK001553,SHP012808,13,400,1890,12-09-2025,Inventory,Stockout,Medium,Supplier,14331,Resolved,Poor demand forecasting,Additional quality inspection,25-09-2025
RSK001554,SHP004663,21,25,2608,18-04-2025,Warehouse,Equipment Failure,Low,Shipment,4611,Resolved,Heavy rainfall disrupted transport,Additional quality inspection,20-04-2025
RSK001555,SHP003887,3,308,4476,07-09-2025,Inventory,Overstock,High,Customer,52622,Resolved,Vehicle mechanical failure,Expedited shipment,11-09-2025
RSK001556,SHP002850,3,322,491,23-11-2025,Logistics,Lost Shipment,Medium,Shipment,18107,Resolved,Warehouse power outage,Insurance claim initiated,24-11-2025
RSK001557,SHP004193,18,321,657,27-01-2025,Warehouse,Storage Capacity Full,Medium,Inventory,10180,Investigating,Incorrect inventory records,Expedited shipment,
RSK001558,SHP014731,16,3,212,11-10-2025,Inventory,Stockout,Medium,Customer,20243,Resolved,Supplier production delay,Increased safety stock,15-10-2025
RSK001559,SHP003494,9,74,2131,03-06-2025,Warehouse,Equipment Failure,Low,Inventory,3540,Resolved,Supplier production delay,Insurance claim initiated,06-06-2025
RSK001560,SHP014878,13,229,3675,21-12-2025,Product Quality,Packaging Damage,Medium,Warehouse,5628,Open,Heavy rainfall disrupted transport,Increased safety stock,
RSK001561,SHP002384,21,241,4500,13-05-2025,Inventory,Stockout,Low,Customer,4206,Mitigated,Packaging quality issue,Emergency procurement completed,18-05-2025
RSK001562,SHP014947,24,129,3349,12-06-2025,Inventory,Stockout,Medium,Warehouse,11464,Mitigated,Incorrect inventory records,Expedited shipment,22-06-2025
RSK001563,SHP007765,16,53,516,03-03-2025,Weather,Flood,High,Shipment,46377,Resolved,Vehicle mechanical failure,Increased safety stock,16-03-2025
RSK001564,SHP004210,1,155,4279,10-07-2025,Logistics,Route Blockage,Medium,Inventory,19508,Resolved,Warehouse power outage,Increased safety stock,21-07-2025
RSK001565,SHP013134,10,500,541,22-06-2025,Logistics,Wrong Delivery,High,Customer,81193,Mitigated,Vehicle mechanical failure,Additional quality inspection,23-06-2025
RSK001566,SHP012420,18,498,1789,16-11-2025,Supplier,Late Delivery,Medium,Supplier,8217,Resolved,Packaging quality issue,Expedited shipment,21-11-2025
RSK001567,SHP007914,14,492,383,20-03-2025,Logistics,Shipment Delay,Medium,Shipment,14300,Resolved,Incorrect inventory records,Route optimized,23-03-2025
RSK001568,SHP002739,6,255,2120,19-08-2025,Inventory,Inventory Mismatch,Medium,Shipment,8058,Resolved,Warehouse power outage,Warehouse maintenance completed,20-08-2025
RSK001569,SHP000894,11,35,2558,31-03-2025,Logistics,Shipment Delay,Low,Warehouse,4844,Mitigated,Poor demand forecasting,Expedited shipment,13-04-2025
RSK001570,SHP008554,18,447,2488,20-04-2025,Inventory,Overstock,Medium,Supplier,7401,Investigating,Customs clearance delay,Increased safety stock,
RSK001571,SHP012519,20,238,4672,09-01-2025,Product Quality,Manufacturing Defect,Low,Warehouse,1552,Mitigated,Vehicle mechanical failure,Increased safety stock,19-01-2025
RSK001572,SHP010148,16,155,1249,04-11-2025,Inventory,Stockout,Low,Customer,1987,Open,Heavy rainfall disrupted transport,Insurance claim initiated,
RSK001573,SHP002534,14,373,2168,30-05-2025,Logistics,Shipment Delay,Low,Supplier,1823,Resolved,Warehouse power outage,Insurance claim initiated,03-06-2025
RSK001574,SHP002842,25,333,4660,04-03-2025,Supplier,Supplier Capacity Issue,Low,Warehouse,2044,Mitigated,Supplier production delay,Insurance claim initiated,06-03-2025
RSK001575,SHP009605,2,13,4142,20-08-2025,Warehouse,Power Failure,Medium,Supplier,19966,Investigating,Packaging quality issue,Expedited shipment,
RSK001576,SHP012757,13,373,1274,06-03-2025,Warehouse,Fire Alarm,Low,Supplier,3506,Resolved,Supplier production delay,Additional quality inspection,16-03-2025
RSK001577,SHP010998,4,210,1859,12-10-2025,Logistics,Route Blockage,Low,Warehouse,3726,Open,Heavy rainfall disrupted transport,Insurance claim initiated,
RSK001578,SHP010788,7,451,2855,30-11-2025,Warehouse,Equipment Failure,Low,Shipment,3848,Open,Supplier production delay,Route optimized,
RSK001579,SHP013633,8,110,275,05-12-2025,Inventory,Overstock,Medium,Warehouse,10042,Resolved,Incorrect inventory records,Warehouse maintenance completed,17-12-2025
RSK001580,SHP003963,14,273,3993,15-04-2025,Warehouse,Power Failure,High,Warehouse,64048,Investigating,Packaging quality issue,Warehouse maintenance completed,
RSK001581,SHP001489,17,300,4302,29-05-2025,Product Quality,Damaged Goods,High,Customer,53379,Resolved,Supplier production delay,Route optimized,30-05-2025
RSK001582,SHP003305,4,92,2226,10-04-2025,Supplier,Supplier Capacity Issue,Medium,Inventory,5838,Resolved,Packaging quality issue,Additional quality inspection,20-04-2025
RSK001583,SHP010970,18,354,4131,01-01-2025,Inventory,Overstock,Low,Shipment,1144,Resolved,Warehouse power outage,Route optimized,10-01-2025
RSK001584,SHP009440,9,457,146,07-07-2025,Product Quality,Manufacturing Defect,Low,Shipment,2944,Resolved,Vehicle mechanical failure,Insurance claim initiated,21-07-2025
RSK001585,SHP011166,12,49,1100,22-11-2025,Supplier,Material Shortage,Low,Supplier,2348,Mitigated,Packaging quality issue,Warehouse maintenance completed,04-12-2025
RSK001586,SHP010405,10,8,670,29-09-2025,Inventory,Inventory Mismatch,Low,Shipment,1407,Resolved,Vehicle mechanical failure,Additional quality inspection,06-10-2025
RSK001587,SHP007087,4,195,3189,04-10-2025,Supplier,Material Shortage,Low,Warehouse,1670,Resolved,Heavy rainfall disrupted transport,Expedited shipment,09-10-2025
RSK001588,SHP011377,16,253,2578,10-05-2025,Logistics,Route Blockage,High,Shipment,27902,Mitigated,Heavy rainfall disrupted transport,Emergency procurement completed,17-05-2025
RSK001589,SHP014939,2,188,4425,25-10-2025,Supplier,Material Shortage,Low,Inventory,3059,Resolved,Incorrect inventory records,Additional quality inspection,03-11-2025
RSK001590,SHP007922,25,113,235,14-02-2025,Logistics,Lost Shipment,Low,Warehouse,3250,Mitigated,Customs clearance delay,Insurance claim initiated,26-02-2025
RSK001591,SHP012111,9,300,2553,17-01-2025,Inventory,Overstock,Low,Shipment,2432,Resolved,Packaging quality issue,Expedited shipment,21-01-2025
RSK001592,SHP013829,15,384,1774,01-12-2025,Warehouse,Power Failure,Low,Customer,4628,Investigating,Vehicle mechanical failure,Insurance claim initiated,
RSK001593,SHP011788,6,457,3634,04-09-2025,Inventory,Stockout,Low,Inventory,3484,Resolved,Packaging quality issue,Route optimized,18-09-2025
RSK001594,SHP000365,22,385,2081,23-03-2025,Transportation,Fuel Shortage,Medium,Inventory,14992,Resolved,Poor demand forecasting,Route optimized,24-03-2025
RSK001595,SHP009333,15,463,4284,10-10-2025,Inventory,Stockout,Medium,Inventory,24968,Resolved,Customs clearance delay,Warehouse maintenance completed,16-10-2025
RSK001596,SHP004121,17,359,3865,15-06-2025,Product Quality,Manufacturing Defect,Medium,Inventory,14128,Resolved,Supplier production delay,Warehouse maintenance completed,29-06-2025
RSK001597,SHP011419,14,362,547,12-10-2025,Warehouse,Power Failure,Low,Inventory,3413,Resolved,Supplier production delay,Assigned alternate supplier,16-10-2025
RSK001598,SHP008505,1,267,3999,09-08-2025,Weather,Cyclone,High,Customer,56631,Resolved,Packaging quality issue,Additional quality inspection,23-08-2025
RSK001599,SHP011288,24,488,2498,06-12-2025,Logistics,Wrong Delivery,Low,Inventory,1251,Mitigated,Customs clearance delay,Assigned alternate supplier,10-12-2025
RSK001600,SHP005637,1,30,1232,12-12-2025,Logistics,Wrong Delivery,High,Shipment,57353,Resolved,Heavy rainfall disrupted transport,Expedited shipment,21-12-2025
RSK001601,SHP005289,5,138,847,03-07-2025,Logistics,Shipment Delay,Low,Warehouse,929,Mitigated,Heavy rainfall disrupted transport,Increased safety stock,06-07-2025
RSK001602,SHP002393,6,363,3142,21-06-2025,Logistics,Shipment Delay,Low,Shipment,1771,Mitigated,Heavy rainfall disrupted transport,Additional quality inspection,27-06-2025
RSK001603,SHP004371,19,455,3186,24-09-2025,Product Quality,Packaging Damage,Medium,Supplier,8312,Mitigated,Packaging quality issue,Route optimized,04-10-2025
RSK001604,SHP013460,22,51,3464,07-12-2025,Product Quality,Damaged Goods,Medium,Customer,19035,Mitigated,Supplier production delay,Route optimized,08-12-2025
RSK001605,SHP005306,22,88,4447,24-02-2025,Logistics,Route Blockage,High,Customer,31329,Open,Vehicle mechanical failure,Insurance claim initiated,
RSK001606,SHP010421,22,168,3658,21-12-2025,Logistics,Route Blockage,Low,Warehouse,3079,Resolved,Heavy rainfall disrupted transport,Assigned alternate supplier,27-12-2025
RSK001607,SHP007369,24,337,3091,10-11-2025,Inventory,Inventory Mismatch,Low,Inventory,4335,Investigating,Poor demand forecasting,Emergency procurement completed,
RSK001608,SHP001744,19,231,1566,18-02-2025,Weather,Flood,Low,Warehouse,1475,Resolved,Poor demand forecasting,Emergency procurement completed,26-02-2025
RSK001609,SHP012105,12,362,3871,23-05-2025,Warehouse,Storage Capacity Full,High,Supplier,60407,Resolved,Poor demand forecasting,Assigned alternate supplier,30-05-2025
RSK001610,SHP006025,10,25,4831,18-03-2025,Logistics,Shipment Delay,High,Supplier,59036,Resolved,Vehicle mechanical failure,Insurance claim initiated,01-04-2025
RSK001611,SHP009401,16,426,3493,23-06-2025,Weather,Heavy Rain,Low,Supplier,3315,Resolved,Incorrect inventory records,Warehouse maintenance completed,06-07-2025
RSK001612,SHP011030,13,161,3469,19-10-2025,Inventory,Inventory Mismatch,Medium,Shipment,17470,Resolved,Vehicle mechanical failure,Emergency procurement completed,29-10-2025
RSK001613,SHP008714,18,471,3852,22-04-2025,Logistics,Route Blockage,Low,Supplier,1980,Resolved,Poor demand forecasting,Additional quality inspection,26-04-2025
RSK001614,SHP009953,19,177,3100,06-05-2025,Warehouse,Storage Capacity Full,Low,Shipment,4524,Resolved,Warehouse power outage,Emergency procurement completed,11-05-2025
RSK001615,SHP001630,4,20,4328,21-07-2025,Logistics,Shipment Delay,Low,Shipment,2551,Resolved,Supplier production delay,Insurance claim initiated,01-08-2025
RSK001616,SHP008663,2,378,2880,08-02-2025,Warehouse,Fire Alarm,Medium,Warehouse,22970,Resolved,Warehouse power outage,Expedited shipment,12-02-2025
RSK001617,SHP002041,7,136,3721,19-11-2025,Logistics,Lost Shipment,Medium,Shipment,17381,Resolved,Packaging quality issue,Additional quality inspection,01-12-2025
RSK001618,SHP006076,10,260,185,27-11-2025,Inventory,Stockout,High,Supplier,36032,Mitigated,Vehicle mechanical failure,Insurance claim initiated,29-11-2025
RSK001619,SHP004075,12,319,4790,15-10-2025,Inventory,Overstock,Medium,Supplier,22907,Mitigated,Poor demand forecasting,Increased safety stock,18-10-2025
RSK001620,SHP002375,17,99,4547,22-04-2025,Weather,Heavy Rain,Low,Shipment,1443,Mitigated,Warehouse power outage,Increased safety stock,04-05-2025
RSK001621,SHP006525,10,81,706,02-04-2025,Warehouse,Storage Capacity Full,Low,Shipment,1486,Resolved,Packaging quality issue,Increased safety stock,12-04-2025
RSK001622,SHP013543,18,428,4166,10-10-2025,Supplier,Late Delivery,Low,Supplier,1106,Resolved,Packaging quality issue,Emergency procurement completed,14-10-2025
RSK001623,SHP010472,23,57,3393,14-05-2025,Inventory,Overstock,Medium,Shipment,5468,Resolved,Heavy rainfall disrupted transport,Route optimized,24-05-2025
RSK001624,SHP001417,15,183,1449,29-04-2025,Inventory,Inventory Mismatch,Medium,Customer,17153,Resolved,Incorrect inventory records,Increased safety stock,01-05-2025
RSK001625,SHP005784,9,283,707,29-12-2025,Transportation,Vehicle Breakdown,Low,Inventory,1198,Resolved,Warehouse power outage,Assigned alternate supplier,04-01-2026
RSK001626,SHP008290,19,334,2526,24-02-2025,Inventory,Stockout,Low,Customer,815,Investigating,Warehouse power outage,Expedited shipment,
RSK001627,SHP013960,19,464,3348,03-02-2025,Product Quality,Manufacturing Defect,Low,Shipment,3146,Mitigated,Packaging quality issue,Expedited shipment,17-02-2025
RSK001628,SHP002661,14,468,3066,19-01-2025,Supplier,Supplier Capacity Issue,Low,Customer,2742,Resolved,Vehicle mechanical failure,Insurance claim initiated,27-01-2025
RSK001629,SHP007873,11,291,4012,03-03-2025,Supplier,Late Delivery,High,Supplier,34752,Resolved,Supplier production delay,Additional quality inspection,14-03-2025
RSK001630,SHP007647,10,448,4407,31-05-2025,Warehouse,Storage Capacity Full,Low,Supplier,4726,Mitigated,Poor demand forecasting,Increased safety stock,07-06-2025
RSK001631,SHP008848,18,265,141,19-11-2025,Inventory,Overstock,Medium,Inventory,13329,Resolved,Customs clearance delay,Expedited shipment,30-11-2025
RSK001632,SHP014461,22,325,3388,28-11-2025,Inventory,Overstock,Medium,Supplier,8096,Open,Incorrect inventory records,Additional quality inspection,
RSK001633,SHP008524,10,230,1589,14-06-2025,Supplier,Material Shortage,Medium,Customer,23472,Resolved,Warehouse power outage,Assigned alternate supplier,18-06-2025
RSK001634,SHP007307,12,182,2689,28-06-2025,Weather,Flood,Low,Supplier,2692,Resolved,Customs clearance delay,Increased safety stock,02-07-2025
RSK001635,SHP006442,10,381,879,28-08-2025,Inventory,Inventory Mismatch,Medium,Shipment,8144,Investigating,Supplier production delay,Emergency procurement completed,
RSK001636,SHP006400,9,55,762,09-03-2025,Logistics,Lost Shipment,Low,Customer,3634,Resolved,Packaging quality issue,Emergency procurement completed,21-03-2025
RSK001637,SHP010946,5,185,1172,28-05-2025,Warehouse,Equipment Failure,Medium,Inventory,17916,Investigating,Poor demand forecasting,Increased safety stock,
RSK001638,SHP005160,13,67,2831,06-05-2025,Product Quality,Manufacturing Defect,High,Shipment,55941,Resolved,Incorrect inventory records,Assigned alternate supplier,20-05-2025
RSK001639,SHP009534,24,479,1428,15-03-2025,Warehouse,Equipment Failure,High,Inventory,67529,Mitigated,Packaging quality issue,Additional quality inspection,20-03-2025
RSK001640,SHP003998,3,348,1912,04-04-2025,Logistics,Shipment Delay,Low,Customer,2975,Resolved,Poor demand forecasting,Route optimized,07-04-2025
RSK001641,SHP013155,25,83,4264,24-02-2025,Inventory,Inventory Mismatch,Medium,Inventory,12032,Resolved,Warehouse power outage,Increased safety stock,26-02-2025
RSK001642,SHP009204,21,246,1988,12-08-2025,Logistics,Shipment Delay,Medium,Inventory,15647,Resolved,Supplier production delay,Additional quality inspection,13-08-2025
RSK001643,SHP006079,24,441,1233,04-10-2025,Logistics,Wrong Delivery,Low,Warehouse,4063,Investigating,Incorrect inventory records,Increased safety stock,
RSK001644,SHP005446,18,291,880,28-08-2025,Financial,Cost Increase,Critical,Inventory,151798,Mitigated,Customs clearance delay,Insurance claim initiated,07-09-2025
RSK001645,SHP004149,1,248,499,01-10-2025,Weather,Heavy Rain,Low,Warehouse,1163,Resolved,Packaging quality issue,Assigned alternate supplier,14-10-2025
RSK001646,SHP012798,25,244,4289,23-06-2025,Transportation,Fuel Shortage,Low,Shipment,2238,Resolved,Vehicle mechanical failure,Assigned alternate supplier,04-07-2025
RSK001647,SHP002702,15,177,79,15-02-2025,Supplier,Supplier Capacity Issue,Medium,Shipment,7698,Resolved,Packaging quality issue,Route optimized,23-02-2025
RSK001648,SHP012611,13,443,3134,28-05-2025,Supplier,Late Delivery,Low,Warehouse,4553,Resolved,Incorrect inventory records,Insurance claim initiated,04-06-2025
RSK001649,SHP008649,11,259,1276,27-10-2025,Product Quality,Packaging Damage,Low,Supplier,813,Resolved,Customs clearance delay,Expedited shipment,07-11-2025
RSK001650,SHP014082,18,479,4476,05-10-2025,Logistics,Shipment Delay,High,Inventory,63497,Resolved,Packaging quality issue,Expedited shipment,12-10-2025
RSK001651,SHP007978,14,255,1696,27-06-2025,Supplier,Supplier Capacity Issue,Low,Customer,2222,Resolved,Heavy rainfall disrupted transport,Increased safety stock,10-07-2025
RSK001652,SHP008805,3,59,1465,24-10-2025,Supplier,Supplier Capacity Issue,Low,Warehouse,3623,Investigating,Poor demand forecasting,Route optimized,
RSK001653,SHP006573,1,273,2464,27-12-2025,Warehouse,Fire Alarm,High,Shipment,38734,Resolved,Poor demand forecasting,Assigned alternate supplier,29-12-2025
RSK001654,SHP014234,10,241,2235,08-11-2025,Inventory,Inventory Mismatch,Medium,Shipment,11528,Open,Incorrect inventory records,Route optimized,
RSK001655,SHP006561,6,458,2040,03-02-2025,Supplier,Material Shortage,Critical,Inventory,382995,Resolved,Warehouse power outage,Route optimized,04-02-2025
RSK001656,SHP000019,1,348,3425,20-01-2025,Supplier,Material Shortage,Medium,Customer,18821,Open,Vehicle mechanical failure,Expedited shipment,
RSK001657,SHP003083,10,363,1532,28-12-2025,Inventory,Overstock,Medium,Inventory,16754,Resolved,Customs clearance delay,Route optimized,29-12-2025
RSK001658,SHP005606,23,180,3552,09-11-2025,Supplier,Material Shortage,Low,Warehouse,551,Mitigated,Vehicle mechanical failure,Increased safety stock,15-11-2025
RSK001659,SHP004112,15,471,2098,18-11-2025,Logistics,Lost Shipment,Low,Inventory,4853,Mitigated,Warehouse power outage,Emergency procurement completed,22-11-2025
RSK001660,SHP009380,8,14,2325,26-04-2025,Inventory,Stockout,Low,Customer,2143,Mitigated,Vehicle mechanical failure,Emergency procurement completed,30-04-2025
RSK001661,SHP013325,6,327,3146,02-10-2025,Inventory,Stockout,High,Customer,87894,Investigating,Packaging quality issue,Assigned alternate supplier,
RSK001662,SHP009647,6,444,2288,06-09-2025,Inventory,Stockout,Medium,Customer,9716,Resolved,Warehouse power outage,Expedited shipment,11-09-2025
RSK001663,SHP009618,3,79,3763,11-09-2025,Product Quality,Packaging Damage,Low,Warehouse,1451,Resolved,Supplier production delay,Additional quality inspection,24-09-2025
RSK001664,SHP008111,7,51,2408,29-11-2025,Inventory,Inventory Mismatch,Medium,Shipment,13414,Mitigated,Vehicle mechanical failure,Insurance claim initiated,10-12-2025
RSK001665,SHP006663,2,464,718,16-05-2025,Product Quality,Manufacturing Defect,Low,Inventory,2169,Mitigated,Heavy rainfall disrupted transport,Warehouse maintenance completed,23-05-2025
RSK001666,SHP009253,2,370,4825,16-07-2025,Inventory,Inventory Mismatch,Low,Supplier,3364,Resolved,Warehouse power outage,Assigned alternate supplier,29-07-2025
RSK001667,SHP003091,10,314,529,19-02-2025,Supplier,Material Shortage,Medium,Warehouse,17114,Investigating,Customs clearance delay,Assigned alternate supplier,
RSK001668,SHP006147,19,288,3718,01-06-2025,Warehouse,Storage Capacity Full,Medium,Shipment,14020,Resolved,Vehicle mechanical failure,Emergency procurement completed,03-06-2025
RSK001669,SHP011052,20,397,2898,28-05-2025,Supplier,Late Delivery,Medium,Customer,6446,Resolved,Vehicle mechanical failure,Additional quality inspection,02-06-2025
RSK001670,SHP005441,24,368,4907,02-09-2025,Logistics,Route Blockage,High,Customer,92867,Resolved,Heavy rainfall disrupted transport,Emergency procurement completed,14-09-2025
RSK001671,SHP012860,12,293,4527,14-07-2025,Supplier,Late Delivery,High,Customer,39385,Resolved,Heavy rainfall disrupted transport,Insurance claim initiated,24-07-2025
RSK001672,SHP005084,24,49,3850,19-12-2025,Supplier,Late Delivery,High,Warehouse,62343,Investigating,Customs clearance delay,Warehouse maintenance completed,
RSK001673,SHP014626,23,478,1446,17-02-2025,Product Quality,Manufacturing Defect,High,Inventory,50580,Mitigated,Incorrect inventory records,Increased safety stock,03-03-2025
RSK001674,SHP007411,6,395,2070,18-06-2025,Supplier,Late Delivery,Medium,Shipment,13690,Resolved,Warehouse power outage,Emergency procurement completed,21-06-2025
RSK001675,SHP013806,14,391,1713,26-03-2025,Warehouse,Fire Alarm,Critical,Inventory,258744,Resolved,Incorrect inventory records,Warehouse maintenance completed,03-04-2025
RSK001676,SHP014888,22,370,4089,30-08-2025,Supplier,Late Delivery,Low,Shipment,1321,Resolved,Customs clearance delay,Assigned alternate supplier,02-09-2025
RSK001677,SHP009259,2,459,3135,27-09-2025,Inventory,Overstock,Medium,Warehouse,15802,Resolved,Warehouse power outage,Route optimized,11-10-2025
RSK001678,SHP011219,14,476,3687,16-03-2025,Transportation,Traffic Congestion,Low,Customer,662,Resolved,Heavy rainfall disrupted transport,Additional quality inspection,24-03-2025
RSK001679,SHP009173,18,449,3857,05-02-2025,Warehouse,Power Failure,Low,Shipment,2527,Resolved,Customs clearance delay,Warehouse maintenance completed,16-02-2025
RSK001680,SHP005532,17,99,3569,29-03-2025,Logistics,Wrong Delivery,Low,Shipment,1127,Resolved,Heavy rainfall disrupted transport,Assigned alternate supplier,09-04-2025
RSK001681,SHP008461,6,461,4833,08-11-2025,Supplier,Late Delivery,Critical,Warehouse,363072,Resolved,Warehouse power outage,Insurance claim initiated,11-11-2025
RSK001682,SHP007989,22,269,1330,15-01-2025,Product Quality,Manufacturing Defect,Medium,Shipment,8439,Resolved,Packaging quality issue,Additional quality inspection,29-01-2025
RSK001683,SHP013583,16,417,4551,30-05-2025,Supplier,Late Delivery,High,Warehouse,75427,Mitigated,Customs clearance delay,Assigned alternate supplier,31-05-2025
RSK001684,SHP012383,8,47,4234,28-01-2025,Logistics,Route Blockage,High,Warehouse,39747,Mitigated,Customs clearance delay,Emergency procurement completed,29-01-2025
RSK001685,SHP001746,12,40,2246,14-10-2025,Weather,Heavy Rain,Medium,Inventory,22129,Investigating,Incorrect inventory records,Increased safety stock,
RSK001686,SHP009412,10,308,2610,10-07-2025,Financial,Cost Increase,Low,Shipment,4344,Resolved,Customs clearance delay,Route optimized,22-07-2025
RSK001687,SHP011720,8,166,4448,14-06-2025,Logistics,Route Blockage,High,Customer,56318,Open,Heavy rainfall disrupted transport,Expedited shipment,
RSK001688,SHP000920,5,458,3084,30-11-2025,Transportation,Vehicle Breakdown,Medium,Inventory,10514,Mitigated,Heavy rainfall disrupted transport,Additional quality inspection,08-12-2025
RSK001689,SHP005344,17,327,4621,28-07-2025,Warehouse,Fire Alarm,Low,Supplier,4257,Resolved,Customs clearance delay,Emergency procurement completed,09-08-2025
RSK001690,SHP010273,8,344,754,29-11-2025,Weather,Flood,Medium,Customer,22421,Investigating,Supplier production delay,Route optimized,
RSK001691,SHP009283,17,200,2031,22-12-2025,Transportation,Traffic Congestion,Medium,Shipment,20862,Resolved,Packaging quality issue,Additional quality inspection,25-12-2025
RSK001692,SHP009899,21,204,2835,23-04-2025,Weather,Flood,Low,Warehouse,4546,Resolved,Supplier production delay,Additional quality inspection,01-05-2025
RSK001693,SHP003987,13,128,4703,06-05-2025,Logistics,Lost Shipment,Low,Customer,1528,Open,Incorrect inventory records,Additional quality inspection,
RSK001694,SHP013847,18,240,1645,19-11-2025,Transportation,Vehicle Breakdown,High,Supplier,76784,Investigating,Poor demand forecasting,Emergency procurement completed,
RSK001695,SHP007215,4,284,3936,08-11-2025,Logistics,Lost Shipment,Critical,Warehouse,274074,Resolved,Incorrect inventory records,Warehouse maintenance completed,12-11-2025
RSK001696,SHP007142,8,229,4570,21-12-2025,Inventory,Inventory Mismatch,Medium,Inventory,10311,Mitigated,Incorrect inventory records,Additional quality inspection,27-12-2025
RSK001697,SHP008560,25,244,2792,09-12-2025,Logistics,Shipment Delay,High,Supplier,58385,Mitigated,Incorrect inventory records,Route optimized,16-12-2025
RSK001698,SHP006729,5,42,1730,14-06-2025,Product Quality,Damaged Goods,Low,Warehouse,4187,Resolved,Incorrect inventory records,Increased safety stock,17-06-2025
RSK001699,SHP006512,22,426,3239,03-03-2025,Logistics,Lost Shipment,Medium,Inventory,17749,Investigating,Heavy rainfall disrupted transport,Warehouse maintenance completed,
RSK001700,SHP006150,2,221,4361,24-02-2025,Financial,Currency Fluctuation,High,Shipment,77081,Resolved,Customs clearance delay,Expedited shipment,09-03-2025
RSK001701,SHP002567,4,367,3702,21-07-2025,Transportation,Traffic Congestion,Low,Warehouse,2556,Resolved,Packaging quality issue,Route optimized,28-07-2025
RSK001702,SHP014722,22,494,839,31-12-2025,Product Quality,Packaging Damage,High,Shipment,70976,Resolved,Warehouse power outage,Warehouse maintenance completed,07-01-2026
RSK001703,SHP007858,13,399,3333,23-09-2025,Inventory,Overstock,Low,Customer,2607,Mitigated,Packaging quality issue,Assigned alternate supplier,05-10-2025
RSK001704,SHP014533,8,480,3442,30-09-2025,Logistics,Wrong Delivery,Low,Supplier,2797,Mitigated,Customs clearance delay,Additional quality inspection,06-10-2025
RSK001705,SHP007675,25,209,4389,08-01-2025,Logistics,Route Blockage,High,Inventory,61048,Investigating,Customs clearance delay,Warehouse maintenance completed,
RSK001706,SHP010303,5,270,4540,17-05-2025,Supplier,Material Shortage,Low,Warehouse,4659,Investigating,Poor demand forecasting,Emergency procurement completed,
RSK001707,SHP006673,15,237,3100,07-03-2025,Product Quality,Manufacturing Defect,Low,Inventory,1939,Resolved,Vehicle mechanical failure,Emergency procurement completed,08-03-2025
RSK001708,SHP000553,7,361,665,07-12-2025,Logistics,Route Blockage,Low,Supplier,1970,Resolved,Heavy rainfall disrupted transport,Expedited shipment,13-12-2025
RSK001709,SHP001337,2,299,1206,26-06-2025,Inventory,Stockout,Medium,Customer,16940,Mitigated,Warehouse power outage,Route optimized,27-06-2025
RSK001710,SHP004496,2,191,2295,24-05-2025,Inventory,Stockout,Low,Customer,1957,Mitigated,Supplier production delay,Emergency procurement completed,25-05-2025
RSK001711,SHP012179,7,187,4345,27-06-2025,Logistics,Route Blockage,Medium,Customer,6979,Investigating,Incorrect inventory records,Increased safety stock,
RSK001712,SHP014104,4,498,72,14-06-2025,Supplier,Supplier Capacity Issue,Low,Warehouse,786,Investigating,Poor demand forecasting,Route optimized,
RSK001713,SHP000800,1,161,2943,04-01-2025,Warehouse,Power Failure,High,Warehouse,58080,Mitigated,Incorrect inventory records,Emergency procurement completed,17-01-2025
RSK001714,SHP005789,8,415,2885,03-12-2025,Logistics,Route Blockage,Low,Shipment,1880,Investigating,Customs clearance delay,Assigned alternate supplier,
RSK001715,SHP011149,2,36,3001,27-12-2025,Logistics,Lost Shipment,Low,Supplier,2670,Mitigated,Warehouse power outage,Insurance claim initiated,31-12-2025
RSK001716,SHP006219,10,233,1654,20-11-2025,Warehouse,Fire Alarm,Medium,Inventory,17685,Investigating,Supplier production delay,Expedited shipment,
RSK001717,SHP008968,20,320,804,05-12-2025,Product Quality,Manufacturing Defect,Low,Supplier,1371,Resolved,Poor demand forecasting,Warehouse maintenance completed,08-12-2025
RSK001718,SHP013760,16,376,1383,15-07-2025,Logistics,Shipment Delay,Medium,Customer,22726,Resolved,Warehouse power outage,Emergency procurement completed,20-07-2025
RSK001719,SHP012342,13,279,3515,16-07-2025,Product Quality,Manufacturing Defect,High,Shipment,85527,Resolved,Incorrect inventory records,Expedited shipment,19-07-2025
RSK001720,SHP000379,19,180,1337,26-11-2025,Inventory,Overstock,Low,Customer,856,Mitigated,Packaging quality issue,Assigned alternate supplier,01-12-2025
RSK001721,SHP000245,25,17,1294,19-08-2025,Financial,Currency Fluctuation,Low,Warehouse,1352,Resolved,Warehouse power outage,Expedited shipment,23-08-2025
RSK001722,SHP001816,19,404,4993,02-11-2025,Logistics,Route Blockage,High,Shipment,71679,Mitigated,Heavy rainfall disrupted transport,Increased safety stock,11-11-2025
RSK001723,SHP001686,7,417,2846,19-05-2025,Logistics,Lost Shipment,Low,Customer,4546,Resolved,Packaging quality issue,Route optimized,29-05-2025
RSK001724,SHP004737,19,205,2033,08-05-2025,Inventory,Inventory Mismatch,Low,Warehouse,1882,Resolved,Incorrect inventory records,Route optimized,21-05-2025
RSK001725,SHP003319,22,422,4488,27-12-2025,Warehouse,Storage Capacity Full,Low,Inventory,3457,Resolved,Warehouse power outage,Warehouse maintenance completed,31-12-2025
RSK001726,SHP002060,7,295,1762,23-09-2025,Supplier,Supplier Capacity Issue,Medium,Customer,8937,Resolved,Incorrect inventory records,Emergency procurement completed,24-09-2025
RSK001727,SHP012094,7,405,730,30-05-2025,Inventory,Inventory Mismatch,High,Shipment,98653,Resolved,Incorrect inventory records,Insurance claim initiated,11-06-2025
RSK001728,SHP010946,23,475,2276,29-06-2025,Warehouse,Storage Capacity Full,Low,Shipment,3999,Resolved,Vehicle mechanical failure,Route optimized,10-07-2025
RSK001729,SHP002865,25,39,2690,01-09-2025,Warehouse,Equipment Failure,Critical,Customer,213103,Resolved,Packaging quality issue,Increased safety stock,10-09-2025
RSK001730,SHP007596,23,163,3774,23-02-2025,Product Quality,Manufacturing Defect,Medium,Warehouse,6085,Investigating,Heavy rainfall disrupted transport,Additional quality inspection,
RSK001731,SHP004533,6,28,1167,02-10-2025,Warehouse,Storage Capacity Full,Medium,Warehouse,24477,Resolved,Warehouse power outage,Increased safety stock,05-10-2025
RSK001732,SHP005908,5,266,2601,02-12-2025,Warehouse,Power Failure,Medium,Inventory,18669,Resolved,Heavy rainfall disrupted transport,Additional quality inspection,05-12-2025
RSK001733,SHP013019,25,123,386,02-11-2025,Logistics,Wrong Delivery,Critical,Supplier,141960,Resolved,Heavy rainfall disrupted transport,Insurance claim initiated,13-11-2025
RSK001734,SHP010679,12,40,2501,17-04-2025,Logistics,Wrong Delivery,High,Supplier,43674,Mitigated,Supplier production delay,Warehouse maintenance completed,30-04-2025
RSK001735,SHP010134,20,306,1833,03-03-2025,Inventory,Inventory Mismatch,Low,Customer,1742,Investigating,Incorrect inventory records,Expedited shipment,
RSK001736,SHP012218,24,491,2264,19-06-2025,Weather,Flood,Medium,Warehouse,7460,Resolved,Packaging quality issue,Expedited shipment,21-06-2025
RSK001737,SHP007541,12,426,2780,09-09-2025,Inventory,Inventory Mismatch,Low,Inventory,4056,Resolved,Heavy rainfall disrupted transport,Insurance claim initiated,11-09-2025
RSK001738,SHP006495,15,87,2482,10-09-2025,Logistics,Wrong Delivery,Medium,Customer,6224,Resolved,Packaging quality issue,Insurance claim initiated,11-09-2025
RSK001739,SHP000288,12,339,2319,04-02-2025,Inventory,Stockout,High,Inventory,27876,Resolved,Poor demand forecasting,Warehouse maintenance completed,15-02-2025
RSK001740,SHP002640,14,376,2215,03-11-2025,Supplier,Supplier Capacity Issue,Medium,Warehouse,11470,Mitigated,Incorrect inventory records,Increased safety stock,06-11-2025
RSK001741,SHP001018,23,476,3546,17-06-2025,Product Quality,Manufacturing Defect,Low,Inventory,3895,Resolved,Heavy rainfall disrupted transport,Increased safety stock,27-06-2025
RSK001742,SHP011492,19,323,3211,04-06-2025,Transportation,Vehicle Breakdown,High,Inventory,65734,Resolved,Warehouse power outage,Warehouse maintenance completed,09-06-2025
RSK001743,SHP002287,25,327,3213,09-02-2025,Transportation,Fuel Shortage,Low,Inventory,2523,Investigating,Poor demand forecasting,Route optimized,
RSK001744,SHP002224,12,372,4864,06-01-2025,Logistics,Route Blockage,Medium,Inventory,20840,Resolved,Warehouse power outage,Emergency procurement completed,17-01-2025
RSK001745,SHP009443,3,249,595,24-04-2025,Inventory,Overstock,Low,Shipment,1552,Investigating,Warehouse power outage,Insurance claim initiated,
RSK001746,SHP001899,16,453,1900,10-03-2025,Supplier,Material Shortage,Medium,Shipment,21868,Mitigated,Customs clearance delay,Route optimized,14-03-2025
RSK001747,SHP009670,19,172,1529,05-01-2025,Inventory,Overstock,High,Supplier,30583,Resolved,Vehicle mechanical failure,Additional quality inspection,13-01-2025
RSK001748,SHP006088,18,299,1340,06-11-2025,Product Quality,Damaged Goods,Low,Inventory,3893,Resolved,Warehouse power outage,Warehouse maintenance completed,15-11-2025
RSK001749,SHP007841,6,33,10,20-04-2025,Inventory,Stockout,Medium,Customer,23597,Resolved,Incorrect inventory records,Route optimized,24-04-2025
RSK001750,SHP013285,16,98,4924,27-07-2025,Logistics,Lost Shipment,Medium,Supplier,11878,Resolved,Vehicle mechanical failure,Additional quality inspection,08-08-2025
RSK001751,SHP011209,10,52,1328,23-10-2025,Inventory,Overstock,Medium,Shipment,16088,Resolved,Packaging quality issue,Assigned alternate supplier,03-11-2025
RSK001752,SHP000814,14,191,1682,01-04-2025,Inventory,Inventory Mismatch,Medium,Shipment,17082,Resolved,Supplier production delay,Warehouse maintenance completed,02-04-2025
RSK001753,SHP007517,9,341,4646,15-05-2025,Supplier,Late Delivery,Medium,Warehouse,7194,Mitigated,Customs clearance delay,Additional quality inspection,18-05-2025
RSK001754,SHP003332,18,174,2995,15-06-2025,Logistics,Lost Shipment,Low,Shipment,4333,Open,Vehicle mechanical failure,Route optimized,
RSK001755,SHP011260,4,272,2276,01-04-2025,Transportation,Vehicle Breakdown,Low,Inventory,2022,Resolved,Packaging quality issue,Emergency procurement completed,13-04-2025
RSK001756,SHP002732,23,449,1027,18-07-2025,Warehouse,Storage Capacity Full,Critical,Inventory,453765,Resolved,Packaging quality issue,Assigned alternate supplier,30-07-2025
RSK001757,SHP007365,23,148,2094,17-06-2025,Warehouse,Storage Capacity Full,Medium,Supplier,24657,Resolved,Vehicle mechanical failure,Emergency procurement completed,01-07-2025
RSK001758,SHP003481,22,69,4452,28-01-2025,Logistics,Shipment Delay,Low,Shipment,554,Investigating,Supplier production delay,Increased safety stock,
RSK001759,SHP008722,22,112,241,24-06-2025,Supplier,Late Delivery,Medium,Warehouse,19868,Resolved,Incorrect inventory records,Insurance claim initiated,25-06-2025
RSK001760,SHP002370,12,381,1315,25-10-2025,Warehouse,Equipment Failure,Medium,Warehouse,21858,Mitigated,Supplier production delay,Warehouse maintenance completed,29-10-2025
RSK001761,SHP008933,16,430,2198,13-11-2025,Inventory,Overstock,Critical,Shipment,300544,Investigating,Customs clearance delay,Route optimized,
RSK001762,SHP012131,23,122,4643,25-04-2025,Product Quality,Packaging Damage,Low,Customer,1618,Resolved,Warehouse power outage,Increased safety stock,09-05-2025
RSK001763,SHP005024,11,187,2895,29-08-2025,Inventory,Inventory Mismatch,Medium,Shipment,22794,Resolved,Heavy rainfall disrupted transport,Emergency procurement completed,01-09-2025
RSK001764,SHP006468,18,147,4478,15-10-2025,Inventory,Inventory Mismatch,Low,Supplier,4821,Resolved,Customs clearance delay,Increased safety stock,29-10-2025
RSK001765,SHP002752,16,175,543,27-08-2025,Logistics,Wrong Delivery,Medium,Warehouse,15971,Mitigated,Packaging quality issue,Increased safety stock,10-09-2025
RSK001766,SHP014289,6,175,3853,24-11-2025,Warehouse,Power Failure,High,Warehouse,52194,Resolved,Vehicle mechanical failure,Expedited shipment,08-12-2025
RSK001767,SHP004556,13,170,564,05-09-2025,Logistics,Shipment Delay,Low,Shipment,2107,Resolved,Vehicle mechanical failure,Insurance claim initiated,14-09-2025
RSK001768,SHP012964,19,469,5,09-08-2025,Logistics,Wrong Delivery,High,Supplier,48546,Resolved,Packaging quality issue,Increased safety stock,14-08-2025
RSK001769,SHP010742,8,487,2344,23-03-2025,Inventory,Inventory Mismatch,Low,Shipment,3086,Resolved,Supplier production delay,Warehouse maintenance completed,25-03-2025
RSK001770,SHP014139,24,107,2187,12-08-2025,Warehouse,Equipment Failure,Medium,Warehouse,16723,Investigating,Packaging quality issue,Insurance claim initiated,
RSK001771,SHP007506,19,32,1410,01-12-2025,Warehouse,Power Failure,Medium,Warehouse,20415,Resolved,Supplier production delay,Warehouse maintenance completed,03-12-2025
RSK001772,SHP005196,20,135,293,03-03-2025,Logistics,Shipment Delay,Low,Shipment,3818,Resolved,Incorrect inventory records,Insurance claim initiated,12-03-2025
RSK001773,SHP008927,10,113,1034,03-12-2025,Supplier,Late Delivery,Low,Warehouse,2259,Resolved,Packaging quality issue,Additional quality inspection,05-12-2025
RSK001774,SHP013879,1,470,3204,24-08-2025,Weather,Flood,Medium,Warehouse,11085,Investigating,Poor demand forecasting,Additional quality inspection,
RSK001775,SHP005306,2,489,849,21-07-2025,Financial,Currency Fluctuation,High,Customer,84343,Resolved,Heavy rainfall disrupted transport,Route optimized,30-07-2025
RSK001776,SHP004345,20,133,3880,11-11-2025,Logistics,Wrong Delivery,Medium,Customer,16250,Resolved,Packaging quality issue,Increased safety stock,21-11-2025
RSK001777,SHP011791,13,10,1588,19-10-2025,Warehouse,Equipment Failure,Medium,Warehouse,8879,Investigating,Vehicle mechanical failure,Expedited shipment,
RSK001778,SHP006979,19,142,3720,02-11-2025,Warehouse,Storage Capacity Full,High,Supplier,38854,Investigating,Poor demand forecasting,Route optimized,
RSK001779,SHP006180,24,38,3228,10-04-2025,Inventory,Stockout,Medium,Shipment,7099,Resolved,Warehouse power outage,Expedited shipment,20-04-2025
RSK001780,SHP003310,21,77,4641,29-01-2025,Inventory,Inventory Mismatch,High,Warehouse,93647,Mitigated,Packaging quality issue,Insurance claim initiated,09-02-2025
RSK001781,SHP009070,16,30,3333,06-08-2025,Warehouse,Fire Alarm,Low,Supplier,1234,Open,Vehicle mechanical failure,Route optimized,
RSK001782,SHP000482,21,468,4970,20-05-2025,Supplier,Late Delivery,Low,Customer,4807,Resolved,Packaging quality issue,Increased safety stock,21-05-2025
RSK001783,SHP009435,6,258,4013,27-12-2025,Product Quality,Damaged Goods,Medium,Customer,21334,Resolved,Packaging quality issue,Emergency procurement completed,02-01-2026
RSK001784,SHP012784,8,480,2871,15-03-2025,Supplier,Supplier Capacity Issue,Low,Customer,2005,Open,Incorrect inventory records,Insurance claim initiated,
RSK001785,SHP006195,24,193,3456,09-06-2025,Inventory,Overstock,High,Shipment,95705,Mitigated,Customs clearance delay,Insurance claim initiated,22-06-2025
RSK001786,SHP005087,20,84,3726,18-09-2025,Supplier,Material Shortage,Low,Shipment,567,Investigating,Vehicle mechanical failure,Increased safety stock,
RSK001787,SHP004778,11,112,2846,17-03-2025,Logistics,Route Blockage,Medium,Shipment,6343,Mitigated,Poor demand forecasting,Expedited shipment,28-03-2025
RSK001788,SHP006139,13,304,454,14-12-2025,Logistics,Shipment Delay,Low,Shipment,3610,Mitigated,Incorrect inventory records,Insurance claim initiated,19-12-2025
RSK001789,SHP001348,12,483,1053,03-01-2025,Warehouse,Power Failure,Medium,Warehouse,23179,Resolved,Warehouse power outage,Increased safety stock,05-01-2025
RSK001790,SHP002140,25,17,2050,21-04-2025,Inventory,Stockout,Low,Inventory,1886,Open,Warehouse power outage,Insurance claim initiated,
RSK001791,SHP006452,12,378,16,26-04-2025,Warehouse,Fire Alarm,Medium,Inventory,19856,Resolved,Packaging quality issue,Additional quality inspection,08-05-2025
RSK001792,SHP014907,6,495,704,14-09-2025,Inventory,Overstock,High,Supplier,41478,Investigating,Supplier production delay,Increased safety stock,
RSK001793,SHP011027,8,381,2709,07-07-2025,Logistics,Wrong Delivery,Medium,Supplier,13995,Mitigated,Poor demand forecasting,Assigned alternate supplier,17-07-2025
RSK001794,SHP013222,13,475,984,01-08-2025,Warehouse,Power Failure,Low,Inventory,4055,Resolved,Poor demand forecasting,Assigned alternate supplier,13-08-2025
RSK001795,SHP011493,23,28,1196,08-06-2025,Logistics,Wrong Delivery,Medium,Warehouse,8084,Investigating,Incorrect inventory records,Warehouse maintenance completed,
RSK001796,SHP006191,22,48,1193,22-03-2025,Logistics,Shipment Delay,High,Customer,69571,Investigating,Warehouse power outage,Warehouse maintenance completed,
RSK001797,SHP004463,11,427,4180,06-06-2025,Inventory,Overstock,High,Customer,69814,Resolved,Packaging quality issue,Additional quality inspection,12-06-2025
RSK001798,SHP003961,13,460,3886,20-01-2025,Product Quality,Packaging Damage,High,Shipment,58648,Resolved,Customs clearance delay,Warehouse maintenance completed,25-01-2025
RSK001799,SHP002329,20,98,1763,14-12-2025,Inventory,Inventory Mismatch,Low,Inventory,860,Mitigated,Vehicle mechanical failure,Route optimized,16-12-2025
RSK001800,SHP014270,2,462,2634,02-10-2025,Weather,Cyclone,Low,Supplier,2024,Mitigated,Warehouse power outage,Assigned alternate supplier,15-10-2025
RSK001801,SHP006600,9,400,3850,15-03-2025,Product Quality,Packaging Damage,High,Customer,76313,Resolved,Supplier production delay,Insurance claim initiated,29-03-2025
RSK001802,SHP008814,15,17,3173,03-06-2025,Inventory,Inventory Mismatch,Low,Customer,3908,Investigating,Heavy rainfall disrupted transport,Warehouse maintenance completed,
RSK001803,SHP001627,23,264,4238,15-08-2025,Product Quality,Damaged Goods,Medium,Shipment,23036,Resolved,Packaging quality issue,Emergency procurement completed,17-08-2025
RSK001804,SHP001076,18,377,1326,22-11-2025,Product Quality,Manufacturing Defect,Medium,Shipment,12905,Resolved,Packaging quality issue,Insurance claim initiated,02-12-2025
RSK001805,SHP013667,17,18,2170,29-05-2025,Inventory,Inventory Mismatch,Medium,Warehouse,23515,Resolved,Warehouse power outage,Route optimized,02-06-2025
RSK001806,SHP002822,15,1,3723,14-07-2025,Inventory,Overstock,Medium,Shipment,9189,Resolved,Warehouse power outage,Emergency procurement completed,17-07-2025
RSK001807,SHP007610,21,356,2760,01-11-2025,Supplier,Supplier Capacity Issue,Low,Shipment,1884,Open,Supplier production delay,Assigned alternate supplier,
RSK001808,SHP009670,16,281,980,07-10-2025,Logistics,Shipment Delay,Medium,Customer,20351,Mitigated,Vehicle mechanical failure,Expedited shipment,09-10-2025
RSK001809,SHP014150,3,303,4294,13-01-2025,Logistics,Wrong Delivery,High,Supplier,55703,Mitigated,Vehicle mechanical failure,Insurance claim initiated,25-01-2025
RSK001810,SHP012919,1,99,1945,11-09-2025,Inventory,Inventory Mismatch,Medium,Inventory,15981,Investigating,Heavy rainfall disrupted transport,Additional quality inspection,
RSK001811,SHP005303,20,445,1885,06-11-2025,Logistics,Shipment Delay,Low,Shipment,742,Resolved,Packaging quality issue,Additional quality inspection,09-11-2025
RSK001812,SHP006134,3,16,3654,17-11-2025,Warehouse,Equipment Failure,High,Supplier,60186,Mitigated,Warehouse power outage,Additional quality inspection,19-11-2025
RSK001813,SHP007722,12,202,3287,21-05-2025,Product Quality,Damaged Goods,High,Customer,77670,Mitigated,Poor demand forecasting,Insurance claim initiated,01-06-2025
RSK001814,SHP003556,23,460,2132,16-04-2025,Logistics,Lost Shipment,High,Customer,25427,Mitigated,Heavy rainfall disrupted transport,Route optimized,30-04-2025
RSK001815,SHP011709,16,324,590,11-01-2025,Logistics,Wrong Delivery,Low,Customer,3410,Resolved,Heavy rainfall disrupted transport,Assigned alternate supplier,22-01-2025
RSK001816,SHP003770,9,14,1215,04-06-2025,Warehouse,Storage Capacity Full,Medium,Customer,19050,Resolved,Customs clearance delay,Expedited shipment,06-06-2025
RSK001817,SHP005435,12,327,4752,22-01-2025,Weather,Cyclone,Medium,Supplier,18616,Resolved,Supplier production delay,Insurance claim initiated,26-01-2025
RSK001818,SHP003056,15,314,806,11-10-2025,Logistics,Route Blockage,Low,Shipment,4546,Resolved,Vehicle mechanical failure,Route optimized,24-10-2025
RSK001819,SHP007680,6,51,2790,14-12-2025,Logistics,Wrong Delivery,Low,Supplier,3379,Resolved,Poor demand forecasting,Emergency procurement completed,26-12-2025
RSK001820,SHP011518,7,94,3146,23-02-2025,Logistics,Wrong Delivery,Low,Customer,4620,Investigating,Vehicle mechanical failure,Increased safety stock,
RSK001821,SHP008784,23,372,4800,08-10-2025,Logistics,Shipment Delay,Low,Supplier,3288,Investigating,Supplier production delay,Emergency procurement completed,
RSK001822,SHP013737,14,300,468,05-09-2025,Logistics,Route Blockage,Medium,Supplier,21026,Resolved,Heavy rainfall disrupted transport,Additional quality inspection,07-09-2025
RSK001823,SHP014507,9,14,421,30-03-2025,Supplier,Material Shortage,Medium,Inventory,11142,Mitigated,Vehicle mechanical failure,Emergency procurement completed,05-04-2025
RSK001824,SHP012461,15,46,1446,24-06-2025,Warehouse,Fire Alarm,Low,Inventory,3098,Mitigated,Customs clearance delay,Warehouse maintenance completed,08-07-2025
RSK001825,SHP004243,14,482,701,28-05-2025,Warehouse,Storage Capacity Full,Low,Supplier,2143,Resolved,Incorrect inventory records,Insurance claim initiated,08-06-2025
RSK001826,SHP001467,5,353,145,15-03-2025,Warehouse,Fire Alarm,Medium,Inventory,6955,Resolved,Warehouse power outage,Additional quality inspection,18-03-2025
RSK001827,SHP001053,23,3,3031,05-03-2025,Logistics,Wrong Delivery,Medium,Warehouse,11639,Resolved,Warehouse power outage,Increased safety stock,13-03-2025
RSK001828,SHP005273,10,471,3495,31-10-2025,Weather,Cyclone,High,Supplier,54117,Resolved,Supplier production delay,Expedited shipment,07-11-2025
RSK001829,SHP007733,12,359,3665,07-02-2025,Warehouse,Storage Capacity Full,Medium,Supplier,21167,Resolved,Supplier production delay,Additional quality inspection,16-02-2025
RSK001830,SHP002030,22,168,933,22-03-2025,Product Quality,Manufacturing Defect,Critical,Shipment,328234,Resolved,Poor demand forecasting,Route optimized,27-03-2025
RSK001831,SHP008720,3,106,1081,18-04-2025,Financial,Currency Fluctuation,Low,Warehouse,4922,Resolved,Supplier production delay,Warehouse maintenance completed,24-04-2025
RSK001832,SHP008313,25,454,2487,04-09-2025,Supplier,Late Delivery,Low,Warehouse,1280,Resolved,Warehouse power outage,Increased safety stock,14-09-2025
RSK001833,SHP004056,8,120,678,05-12-2025,Supplier,Late Delivery,High,Customer,73697,Mitigated,Packaging quality issue,Route optimized,07-12-2025
RSK001834,SHP012309,17,53,3756,11-03-2025,Supplier,Late Delivery,Medium,Customer,23398,Resolved,Warehouse power outage,Warehouse maintenance completed,22-03-2025
RSK001835,SHP003345,21,445,111,02-07-2025,Logistics,Wrong Delivery,Low,Supplier,2025,Resolved,Warehouse power outage,Route optimized,12-07-2025
RSK001836,SHP000025,15,227,2955,18-08-2025,Product Quality,Manufacturing Defect,Medium,Supplier,20969,Mitigated,Incorrect inventory records,Route optimized,21-08-2025
RSK001837,SHP000364,14,266,2571,05-09-2025,Logistics,Lost Shipment,High,Supplier,95011,Resolved,Packaging quality issue,Assigned alternate supplier,09-09-2025
RSK001838,SHP002265,9,5,4234,12-10-2025,Logistics,Wrong Delivery,Medium,Inventory,8141,Resolved,Incorrect inventory records,Emergency procurement completed,21-10-2025
RSK001839,SHP004707,16,28,2050,06-06-2025,Supplier,Supplier Capacity Issue,Low,Warehouse,3723,Mitigated,Warehouse power outage,Insurance claim initiated,16-06-2025
RSK001840,SHP012055,4,405,2981,26-08-2025,Inventory,Inventory Mismatch,Medium,Supplier,19283,Investigating,Packaging quality issue,Route optimized,
RSK001841,SHP001278,19,60,1540,11-01-2025,Supplier,Material Shortage,Low,Shipment,1801,Resolved,Vehicle mechanical failure,Route optimized,15-01-2025
RSK001842,SHP013018,6,62,799,10-09-2025,Logistics,Route Blockage,Low,Shipment,2698,Resolved,Heavy rainfall disrupted transport,Emergency procurement completed,11-09-2025
RSK001843,SHP002725,13,222,3621,11-12-2025,Logistics,Shipment Delay,Low,Shipment,1778,Resolved,Heavy rainfall disrupted transport,Expedited shipment,24-12-2025
RSK001844,SHP010766,20,51,4859,23-04-2025,Logistics,Wrong Delivery,Low,Inventory,2356,Mitigated,Heavy rainfall disrupted transport,Additional quality inspection,02-05-2025
RSK001845,SHP005678,13,357,3850,02-08-2025,Inventory,Stockout,High,Customer,26563,Open,Vehicle mechanical failure,Additional quality inspection,
RSK001846,SHP013822,17,113,3138,19-10-2025,Weather,Flood,Critical,Inventory,337192,Mitigated,Poor demand forecasting,Insurance claim initiated,24-10-2025
RSK001847,SHP013163,1,13,1434,01-02-2025,Inventory,Stockout,Medium,Customer,11018,Resolved,Heavy rainfall disrupted transport,Route optimized,04-02-2025
RSK001848,SHP010002,4,326,3808,17-09-2025,Inventory,Inventory Mismatch,High,Customer,41283,Mitigated,Customs clearance delay,Expedited shipment,26-09-2025
RSK001849,SHP001611,19,398,509,24-10-2025,Financial,Currency Fluctuation,Low,Customer,3418,Mitigated,Incorrect inventory records,Assigned alternate supplier,26-10-2025
RSK001850,SHP014568,19,306,4769,13-06-2025,Logistics,Shipment Delay,High,Supplier,60583,Resolved,Heavy rainfall disrupted transport,Warehouse maintenance completed,14-06-2025
RSK001851,SHP014687,25,337,2260,01-11-2025,Transportation,Fuel Shortage,Medium,Inventory,14461,Resolved,Heavy rainfall disrupted transport,Route optimized,12-11-2025
RSK001852,SHP002781,2,335,1551,15-10-2025,Inventory,Overstock,Low,Supplier,2090,Investigating,Heavy rainfall disrupted transport,Warehouse maintenance completed,
RSK001853,SHP001997,19,245,2766,18-06-2025,Supplier,Material Shortage,Low,Inventory,1932,Resolved,Customs clearance delay,Expedited shipment,29-06-2025
RSK001854,SHP007742,25,231,2854,28-09-2025,Weather,Cyclone,Low,Customer,2436,Investigating,Supplier production delay,Increased safety stock,
RSK001855,SHP012151,12,392,4115,16-05-2025,Supplier,Late Delivery,Medium,Warehouse,18792,Resolved,Poor demand forecasting,Warehouse maintenance completed,26-05-2025
RSK001856,SHP009789,20,214,1231,29-01-2025,Inventory,Inventory Mismatch,Low,Warehouse,3464,Resolved,Warehouse power outage,Insurance claim initiated,08-02-2025
RSK001857,SHP008781,11,398,2710,16-06-2025,Inventory,Stockout,Medium,Customer,22457,Resolved,Supplier production delay,Emergency procurement completed,21-06-2025
RSK001858,SHP007819,9,150,1885,23-07-2025,Logistics,Route Blockage,Low,Customer,2036,Resolved,Heavy rainfall disrupted transport,Additional quality inspection,30-07-2025
RSK001859,SHP002708,11,351,4849,12-06-2025,Inventory,Inventory Mismatch,Low,Supplier,4135,Mitigated,Heavy rainfall disrupted transport,Emergency procurement completed,22-06-2025
RSK001860,SHP002752,21,379,1488,26-05-2025,Supplier,Late Delivery,Low,Shipment,4802,Open,Packaging quality issue,Insurance claim initiated,
RSK001861,SHP001347,18,157,3013,23-10-2025,Logistics,Shipment Delay,Low,Shipment,4350,Mitigated,Customs clearance delay,Emergency procurement completed,05-11-2025
RSK001862,SHP004513,10,149,770,14-03-2025,Logistics,Route Blockage,High,Supplier,29240,Resolved,Vehicle mechanical failure,Assigned alternate supplier,28-03-2025
RSK001863,SHP001461,8,10,4291,24-01-2025,Product Quality,Packaging Damage,Medium,Supplier,10331,Investigating,Vehicle mechanical failure,Warehouse maintenance completed,
RSK001864,SHP002871,10,104,4169,06-01-2025,Warehouse,Equipment Failure,Medium,Supplier,13642,Resolved,Customs clearance delay,Expedited shipment,09-01-2025
RSK001865,SHP001671,5,138,3203,19-07-2025,Inventory,Overstock,High,Warehouse,92325,Open,Supplier production delay,Emergency procurement completed,
RSK001866,SHP007864,14,419,3918,15-06-2025,Transportation,Traffic Congestion,Medium,Shipment,7104,Resolved,Vehicle mechanical failure,Emergency procurement completed,28-06-2025
RSK001867,SHP008383,20,271,2405,05-08-2025,Logistics,Shipment Delay,Medium,Inventory,9371,Resolved,Poor demand forecasting,Increased safety stock,08-08-2025
RSK001868,SHP005045,6,310,4922,29-08-2025,Inventory,Overstock,Medium,Inventory,19370,Resolved,Supplier production delay,Route optimized,01-09-2025
RSK001869,SHP009585,23,191,119,02-07-2025,Inventory,Stockout,Medium,Inventory,23535,Investigating,Packaging quality issue,Expedited shipment,
RSK001870,SHP000573,21,346,4931,09-08-2025,Warehouse,Equipment Failure,Medium,Warehouse,22065,Resolved,Vehicle mechanical failure,Expedited shipment,14-08-2025
RSK001871,SHP002505,24,180,1988,24-05-2025,Logistics,Lost Shipment,Low,Shipment,3907,Resolved,Packaging quality issue,Increased safety stock,05-06-2025
RSK001872,SHP014604,24,231,1243,14-01-2025,Warehouse,Power Failure,Low,Warehouse,4584,Resolved,Supplier production delay,Insurance claim initiated,18-01-2025
RSK001873,SHP005906,18,230,3192,16-06-2025,Inventory,Inventory Mismatch,Low,Warehouse,3504,Resolved,Heavy rainfall disrupted transport,Assigned alternate supplier,26-06-2025
RSK001874,SHP011835,2,147,27,07-06-2025,Weather,Flood,Medium,Supplier,19253,Mitigated,Incorrect inventory records,Emergency procurement completed,21-06-2025
RSK001875,SHP010731,5,204,4856,09-06-2025,Logistics,Wrong Delivery,High,Shipment,38058,Mitigated,Vehicle mechanical failure,Warehouse maintenance completed,11-06-2025
RSK001876,SHP006548,1,241,2289,12-09-2025,Logistics,Wrong Delivery,Medium,Shipment,11185,Investigating,Packaging quality issue,Expedited shipment,
RSK001877,SHP008516,7,432,237,15-01-2025,Logistics,Route Blockage,Medium,Shipment,15406,Open,Supplier production delay,Insurance claim initiated,
RSK001878,SHP002973,23,366,1251,06-11-2025,Inventory,Inventory Mismatch,High,Supplier,35752,Mitigated,Poor demand forecasting,Route optimized,18-11-2025
RSK001879,SHP000655,14,233,4279,21-08-2025,Logistics,Route Blockage,High,Supplier,61471,Open,Poor demand forecasting,Emergency procurement completed,
RSK001880,SHP009358,14,134,150,06-05-2025,Supplier,Supplier Capacity Issue,Low,Supplier,2478,Mitigated,Warehouse power outage,Increased safety stock,18-05-2025
RSK001881,SHP006780,18,163,1189,27-05-2025,Inventory,Stockout,High,Warehouse,73070,Open,Packaging quality issue,Route optimized,
RSK001882,SHP008725,18,441,86,05-11-2025,Warehouse,Equipment Failure,Low,Customer,1204,Resolved,Incorrect inventory records,Emergency procurement completed,10-11-2025
RSK001883,SHP009348,19,237,2302,19-11-2025,Warehouse,Equipment Failure,Low,Warehouse,3941,Resolved,Vehicle mechanical failure,Warehouse maintenance completed,02-12-2025
RSK001884,SHP014562,17,199,441,21-10-2025,Supplier,Late Delivery,Low,Supplier,2276,Resolved,Supplier production delay,Assigned alternate supplier,02-11-2025
RSK001885,SHP000169,18,411,813,31-03-2025,Supplier,Late Delivery,Low,Inventory,1382,Resolved,Packaging quality issue,Emergency procurement completed,09-04-2025
RSK001886,SHP008121,17,218,849,09-06-2025,Logistics,Lost Shipment,Low,Warehouse,2828,Mitigated,Packaging quality issue,Assigned alternate supplier,19-06-2025
RSK001887,SHP009883,22,419,3569,06-09-2025,Supplier,Supplier Capacity Issue,Low,Customer,2957,Resolved,Vehicle mechanical failure,Expedited shipment,07-09-2025
RSK001888,SHP013984,16,256,790,30-03-2025,Logistics,Route Blockage,Critical,Inventory,152899,Resolved,Warehouse power outage,Assigned alternate supplier,10-04-2025
RSK001889,SHP002532,12,166,810,08-01-2025,Inventory,Stockout,Low,Customer,1383,Investigating,Supplier production delay,Assigned alternate supplier,
RSK001890,SHP009794,11,266,4656,21-10-2025,Warehouse,Storage Capacity Full,High,Supplier,71588,Resolved,Packaging quality issue,Increased safety stock,22-10-2025
RSK001891,SHP001531,20,386,2537,09-12-2025,Logistics,Lost Shipment,Low,Customer,3696,Resolved,Incorrect inventory records,Assigned alternate supplier,23-12-2025
RSK001892,SHP004351,14,229,3626,06-08-2025,Logistics,Route Blockage,Medium,Supplier,9242,Resolved,Heavy rainfall disrupted transport,Emergency procurement completed,15-08-2025
RSK001893,SHP013398,14,495,4023,22-05-2025,Transportation,Vehicle Breakdown,High,Supplier,28955,Resolved,Vehicle mechanical failure,Assigned alternate supplier,01-06-2025
RSK001894,SHP007602,8,499,4710,04-06-2025,Supplier,Material Shortage,Critical,Shipment,360150,Resolved,Poor demand forecasting,Insurance claim initiated,06-06-2025
RSK001895,SHP008810,10,283,378,15-11-2025,Supplier,Supplier Capacity Issue,Low,Supplier,4504,Resolved,Warehouse power outage,Increased safety stock,19-11-2025
RSK001896,SHP005144,13,336,3017,16-04-2025,Logistics,Lost Shipment,Medium,Warehouse,7713,Mitigated,Customs clearance delay,Additional quality inspection,26-04-2025
RSK001897,SHP014459,13,375,64,18-10-2025,Logistics,Lost Shipment,Low,Warehouse,4130,Mitigated,Supplier production delay,Assigned alternate supplier,19-10-2025
RSK001898,SHP013027,23,289,3025,15-08-2025,Supplier,Material Shortage,Low,Supplier,2178,Resolved,Supplier production delay,Additional quality inspection,24-08-2025
RSK001899,SHP008517,1,248,1396,10-11-2025,Logistics,Lost Shipment,High,Inventory,59036,Resolved,Customs clearance delay,Increased safety stock,11-11-2025
RSK001900,SHP012936,9,200,1186,21-02-2025,Logistics,Shipment Delay,High,Shipment,30945,Mitigated,Incorrect inventory records,Warehouse maintenance completed,27-02-2025
RSK001901,SHP008147,18,164,463,25-11-2025,Warehouse,Fire Alarm,Low,Shipment,1216,Mitigated,Heavy rainfall disrupted transport,Expedited shipment,26-11-2025
RSK001902,SHP002511,6,90,2484,20-12-2025,Warehouse,Power Failure,Low,Supplier,1735,Resolved,Incorrect inventory records,Assigned alternate supplier,24-12-2025
RSK001903,SHP013060,3,133,1378,29-05-2025,Logistics,Shipment Delay,High,Inventory,96635,Resolved,Supplier production delay,Expedited shipment,09-06-2025
RSK001904,SHP012698,25,115,2698,30-12-2025,Logistics,Wrong Delivery,Low,Inventory,3757,Investigating,Vehicle mechanical failure,Warehouse maintenance completed,
RSK001905,SHP004861,10,13,190,11-09-2025,Inventory,Stockout,Low,Customer,2706,Resolved,Warehouse power outage,Warehouse maintenance completed,12-09-2025
RSK001906,SHP010419,20,152,1224,14-02-2025,Inventory,Stockout,Medium,Warehouse,20187,Resolved,Incorrect inventory records,Route optimized,16-02-2025
RSK001907,SHP010246,22,319,1664,29-09-2025,Logistics,Shipment Delay,Medium,Supplier,21605,Resolved,Supplier production delay,Increased safety stock,10-10-2025
RSK001908,SHP008767,4,83,3455,23-03-2025,Weather,Heavy Rain,Low,Supplier,3117,Resolved,Poor demand forecasting,Assigned alternate supplier,28-03-2025
RSK001909,SHP006114,24,364,127,11-03-2025,Product Quality,Packaging Damage,Critical,Warehouse,136309,Resolved,Vehicle mechanical failure,Assigned alternate supplier,20-03-2025
RSK001910,SHP012407,8,31,752,17-12-2025,Logistics,Lost Shipment,Low,Warehouse,1487,Mitigated,Poor demand forecasting,Route optimized,24-12-2025
RSK001911,SHP001178,15,469,2561,28-05-2025,Logistics,Shipment Delay,Medium,Inventory,7870,Resolved,Customs clearance delay,Emergency procurement completed,08-06-2025
RSK001912,SHP005414,2,311,4265,31-01-2025,Inventory,Overstock,Low,Inventory,4239,Mitigated,Vehicle mechanical failure,Warehouse maintenance completed,14-02-2025
RSK001913,SHP002104,22,381,4836,26-12-2025,Logistics,Lost Shipment,Low,Inventory,3765,Resolved,Heavy rainfall disrupted transport,Insurance claim initiated,28-12-2025
RSK001914,SHP003243,17,62,4664,29-10-2025,Warehouse,Power Failure,Low,Warehouse,2550,Resolved,Vehicle mechanical failure,Route optimized,11-11-2025
RSK001915,SHP012342,20,381,21,08-12-2025,Inventory,Stockout,High,Inventory,83062,Mitigated,Supplier production delay,Emergency procurement completed,20-12-2025
RSK001916,SHP007533,24,73,998,24-02-2025,Inventory,Inventory Mismatch,Medium,Supplier,7896,Mitigated,Incorrect inventory records,Expedited shipment,04-03-2025
RSK001917,SHP012843,5,265,3815,01-04-2025,Logistics,Wrong Delivery,Medium,Inventory,20853,Resolved,Customs clearance delay,Expedited shipment,02-04-2025
RSK001918,SHP011229,10,244,977,13-09-2025,Logistics,Shipment Delay,Medium,Customer,15538,Investigating,Poor demand forecasting,Warehouse maintenance completed,
RSK001919,SHP007528,3,355,4523,18-10-2025,Inventory,Overstock,Medium,Customer,20824,Resolved,Customs clearance delay,Route optimized,26-10-2025
RSK001920,SHP000992,14,266,1185,08-02-2025,Inventory,Stockout,Medium,Supplier,11303,Resolved,Packaging quality issue,Additional quality inspection,20-02-2025
RSK001921,SHP002541,14,280,722,11-08-2025,Product Quality,Manufacturing Defect,Medium,Customer,10396,Resolved,Warehouse power outage,Assigned alternate supplier,13-08-2025
RSK001922,SHP000027,14,345,1003,19-04-2025,Logistics,Lost Shipment,Medium,Warehouse,10543,Investigating,Heavy rainfall disrupted transport,Route optimized,
RSK001923,SHP008801,1,148,4564,07-02-2025,Inventory,Inventory Mismatch,Medium,Warehouse,6278,Resolved,Customs clearance delay,Route optimized,12-02-2025
RSK001924,SHP005021,2,435,3125,18-07-2025,Inventory,Overstock,Low,Customer,2419,Resolved,Poor demand forecasting,Emergency procurement completed,19-07-2025
RSK001925,SHP007024,12,125,2875,08-03-2025,Logistics,Route Blockage,High,Shipment,25959,Investigating,Incorrect inventory records,Additional quality inspection,
RSK001926,SHP010521,19,307,884,18-06-2025,Inventory,Inventory Mismatch,Low,Warehouse,2920,Investigating,Vehicle mechanical failure,Route optimized,
RSK001927,SHP011997,13,193,4369,14-10-2025,Warehouse,Equipment Failure,Low,Warehouse,3979,Investigating,Packaging quality issue,Warehouse maintenance completed,
RSK001928,SHP010542,21,341,4766,24-12-2025,Logistics,Shipment Delay,Medium,Customer,13234,Resolved,Supplier production delay,Warehouse maintenance completed,25-12-2025
RSK001929,SHP009008,16,287,4504,24-03-2025,Logistics,Lost Shipment,High,Customer,32408,Mitigated,Vehicle mechanical failure,Assigned alternate supplier,02-04-2025
RSK001930,SHP009959,1,237,300,29-12-2025,Weather,Heavy Rain,Medium,Shipment,20241,Resolved,Packaging quality issue,Emergency procurement completed,30-12-2025
RSK001931,SHP006067,5,41,1720,09-03-2025,Inventory,Overstock,Medium,Customer,6145,Resolved,Warehouse power outage,Route optimized,20-03-2025
RSK001932,SHP004817,10,130,877,12-04-2025,Warehouse,Power Failure,Medium,Warehouse,15920,Mitigated,Poor demand forecasting,Emergency procurement completed,23-04-2025
RSK001933,SHP005514,10,351,3731,07-08-2025,Warehouse,Equipment Failure,High,Warehouse,97153,Resolved,Customs clearance delay,Warehouse maintenance completed,18-08-2025
RSK001934,SHP001836,20,223,1733,28-11-2025,Inventory,Stockout,Low,Inventory,1979,Resolved,Incorrect inventory records,Increased safety stock,12-12-2025
RSK001935,SHP000973,18,301,187,19-04-2025,Inventory,Overstock,Low,Supplier,4740,Resolved,Warehouse power outage,Assigned alternate supplier,30-04-2025
RSK001936,SHP007335,4,476,2249,15-10-2025,Logistics,Route Blockage,Medium,Shipment,17987,Mitigated,Poor demand forecasting,Increased safety stock,28-10-2025
RSK001937,SHP004598,7,495,3526,14-11-2025,Logistics,Shipment Delay,High,Customer,29349,Resolved,Heavy rainfall disrupted transport,Warehouse maintenance completed,23-11-2025
RSK001938,SHP006334,10,117,1312,30-04-2025,Logistics,Shipment Delay,High,Customer,49825,Mitigated,Heavy rainfall disrupted transport,Increased safety stock,03-05-2025
RSK001939,SHP005635,20,80,118,27-09-2025,Logistics,Shipment Delay,Medium,Customer,21828,Investigating,Customs clearance delay,Additional quality inspection,
RSK001940,SHP011960,23,62,4664,21-06-2025,Logistics,Route Blockage,Medium,Shipment,9352,Resolved,Incorrect inventory records,Warehouse maintenance completed,03-07-2025
RSK001941,SHP009422,1,144,1448,19-06-2025,Product Quality,Packaging Damage,Medium,Shipment,19056,Resolved,Poor demand forecasting,Emergency procurement completed,29-06-2025
RSK001942,SHP012842,10,279,589,25-12-2025,Logistics,Route Blockage,High,Customer,84206,Investigating,Supplier production delay,Additional quality inspection,
RSK001943,SHP014447,13,82,1740,14-01-2025,Logistics,Lost Shipment,High,Shipment,42646,Resolved,Vehicle mechanical failure,Warehouse maintenance completed,17-01-2025
RSK001944,SHP013567,6,316,4179,21-05-2025,Supplier,Late Delivery,High,Customer,94928,Mitigated,Vehicle mechanical failure,Emergency procurement completed,25-05-2025
RSK001945,SHP009567,7,15,3562,22-04-2025,Logistics,Lost Shipment,Low,Inventory,3652,Investigating,Packaging quality issue,Additional quality inspection,
RSK001946,SHP013055,6,160,696,04-09-2025,Logistics,Route Blockage,Medium,Customer,19352,Resolved,Poor demand forecasting,Emergency procurement completed,16-09-2025
RSK001947,SHP012135,13,174,3596,09-09-2025,Logistics,Lost Shipment,Medium,Customer,13444,Resolved,Packaging quality issue,Additional quality inspection,18-09-2025
RSK001948,SHP010253,19,72,731,09-01-2025,Supplier,Material Shortage,Medium,Customer,18473,Mitigated,Vehicle mechanical failure,Emergency procurement completed,13-01-2025
RSK001949,SHP000906,16,140,1354,08-04-2025,Product Quality,Manufacturing Defect,Medium,Warehouse,12648,Resolved,Packaging quality issue,Expedited shipment,16-04-2025
RSK001950,SHP011807,3,398,2046,19-03-2025,Logistics,Wrong Delivery,Low,Customer,4609,Resolved,Poor demand forecasting,Route optimized,02-04-2025
RSK001951,SHP001725,4,323,4497,22-02-2025,Supplier,Supplier Capacity Issue,Medium,Shipment,21649,Investigating,Heavy rainfall disrupted transport,Route optimized,
RSK001952,SHP014671,25,325,1670,09-10-2025,Logistics,Wrong Delivery,High,Customer,92603,Resolved,Vehicle mechanical failure,Additional quality inspection,18-10-2025
RSK001953,SHP013104,17,285,3297,13-08-2025,Logistics,Route Blockage,Medium,Warehouse,5935,Resolved,Warehouse power outage,Route optimized,17-08-2025
RSK001954,SHP013152,4,187,3265,05-02-2025,Financial,Cost Increase,Medium,Warehouse,18629,Resolved,Supplier production delay,Assigned alternate supplier,09-02-2025
RSK001955,SHP006373,17,378,2185,21-07-2025,Warehouse,Equipment Failure,Medium,Warehouse,24515,Mitigated,Customs clearance delay,Increased safety stock,27-07-2025
RSK001956,SHP000587,1,171,4735,26-01-2025,Inventory,Inventory Mismatch,Medium,Shipment,11651,Mitigated,Poor demand forecasting,Warehouse maintenance completed,06-02-2025
RSK001957,SHP004405,7,151,2006,26-10-2025,Inventory,Inventory Mismatch,Low,Supplier,766,Resolved,Customs clearance delay,Insurance claim initiated,04-11-2025
RSK001958,SHP014161,12,255,4051,04-12-2025,Inventory,Overstock,Medium,Inventory,5159,Investigating,Incorrect inventory records,Increased safety stock,
RSK001959,SHP010919,5,25,1744,02-09-2025,Inventory,Overstock,Low,Warehouse,1276,Resolved,Supplier production delay,Route optimized,12-09-2025
RSK001960,SHP011853,17,135,2688,14-07-2025,Inventory,Overstock,Critical,Supplier,213740,Investigating,Heavy rainfall disrupted transport,Route optimized,
RSK001961,SHP006977,1,7,1482,17-09-2025,Weather,Cyclone,Low,Customer,3979,Resolved,Customs clearance delay,Emergency procurement completed,01-10-2025
RSK001962,SHP005602,22,282,3102,27-12-2025,Logistics,Wrong Delivery,High,Shipment,55263,Investigating,Incorrect inventory records,Increased safety stock,
RSK001963,SHP005252,3,15,2398,17-02-2025,Transportation,Vehicle Breakdown,Critical,Supplier,414608,Resolved,Packaging quality issue,Emergency procurement completed,23-02-2025
RSK001964,SHP005321,11,390,4829,26-10-2025,Supplier,Late Delivery,High,Shipment,29256,Resolved,Incorrect inventory records,Emergency procurement completed,03-11-2025
RSK001965,SHP002886,8,371,3369,07-11-2025,Weather,Cyclone,Medium,Warehouse,8417,Mitigated,Warehouse power outage,Additional quality inspection,19-11-2025
RSK001966,SHP004554,8,315,2502,29-12-2025,Inventory,Inventory Mismatch,Medium,Customer,8608,Resolved,Packaging quality issue,Additional quality inspection,06-01-2026
RSK001967,SHP011518,14,24,4458,17-11-2025,Warehouse,Equipment Failure,Medium,Supplier,12184,Resolved,Vehicle mechanical failure,Assigned alternate supplier,22-11-2025
RSK001968,SHP013466,19,357,3871,03-08-2025,Inventory,Inventory Mismatch,Medium,Shipment,8431,Mitigated,Poor demand forecasting,Increased safety stock,08-08-2025
RSK001969,SHP014475,21,256,4028,23-01-2025,Inventory,Inventory Mismatch,Low,Supplier,1012,Resolved,Poor demand forecasting,Emergency procurement completed,04-02-2025
RSK001970,SHP007995,3,89,287,30-12-2025,Inventory,Overstock,Critical,Inventory,189570,Open,Poor demand forecasting,Additional quality inspection,
RSK001971,SHP013658,3,216,2738,27-12-2025,Warehouse,Storage Capacity Full,Low,Customer,2970,Resolved,Supplier production delay,Expedited shipment,03-01-2026
RSK001972,SHP002897,14,302,644,03-04-2025,Inventory,Inventory Mismatch,Low,Shipment,750,Mitigated,Supplier production delay,Insurance claim initiated,17-04-2025
RSK001973,SHP008526,7,44,2091,30-04-2025,Product Quality,Manufacturing Defect,Medium,Shipment,19766,Resolved,Customs clearance delay,Increased safety stock,05-05-2025
RSK001974,SHP005203,8,275,3908,12-06-2025,Logistics,Wrong Delivery,Low,Warehouse,4390,Resolved,Supplier production delay,Route optimized,23-06-2025
RSK001975,SHP008692,18,417,4554,26-03-2025,Warehouse,Equipment Failure,High,Warehouse,64262,Investigating,Incorrect inventory records,Additional quality inspection,
RSK001976,SHP014020,12,343,4121,20-08-2025,Logistics,Route Blockage,High,Inventory,74444,Resolved,Heavy rainfall disrupted transport,Expedited shipment,24-08-2025
RSK001977,SHP001984,9,33,212,08-07-2025,Warehouse,Storage Capacity Full,Medium,Supplier,11805,Resolved,Poor demand forecasting,Assigned alternate supplier,15-07-2025
RSK001978,SHP014111,9,40,924,15-04-2025,Logistics,Shipment Delay,High,Customer,34922,Resolved,Warehouse power outage,Warehouse maintenance completed,19-04-2025
RSK001979,SHP006769,21,17,2619,09-02-2025,Product Quality,Damaged Goods,Medium,Warehouse,19455,Resolved,Heavy rainfall disrupted transport,Route optimized,11-02-2025
RSK001980,SHP008793,23,354,2742,23-01-2025,Supplier,Supplier Capacity Issue,Medium,Customer,13300,Resolved,Heavy rainfall disrupted transport,Additional quality inspection,31-01-2025
RSK001981,SHP004066,1,425,1685,20-03-2025,Warehouse,Fire Alarm,Low,Shipment,2601,Investigating,Vehicle mechanical failure,Assigned alternate supplier,
RSK001982,SHP011360,1,26,1723,06-03-2025,Inventory,Overstock,High,Shipment,35835,Resolved,Incorrect inventory records,Assigned alternate supplier,19-03-2025
RSK001983,SHP009192,20,203,3660,29-12-2025,Supplier,Supplier Capacity Issue,Low,Shipment,3040,Resolved,Heavy rainfall disrupted transport,Increased safety stock,03-01-2026
RSK001984,SHP002243,14,385,3441,27-07-2025,Supplier,Late Delivery,Low,Supplier,3674,Resolved,Packaging quality issue,Route optimized,28-07-2025
RSK001985,SHP011336,4,226,3152,13-10-2025,Supplier,Supplier Capacity Issue,Medium,Customer,19272,Resolved,Supplier production delay,Additional quality inspection,20-10-2025
RSK001986,SHP014537,5,495,3312,05-11-2025,Warehouse,Power Failure,High,Supplier,53458,Resolved,Supplier production delay,Route optimized,18-11-2025
RSK001987,SHP004747,5,32,3226,29-08-2025,Logistics,Lost Shipment,Low,Inventory,3336,Resolved,Incorrect inventory records,Insurance claim initiated,31-08-2025
RSK001988,SHP002947,13,413,3000,07-08-2025,Supplier,Material Shortage,Low,Warehouse,4998,Resolved,Poor demand forecasting,Route optimized,09-08-2025
RSK001989,SHP011091,13,110,1475,13-09-2025,Inventory,Stockout,Low,Shipment,1215,Resolved,Vehicle mechanical failure,Insurance claim initiated,20-09-2025
RSK001990,SHP000419,22,231,989,12-03-2025,Inventory,Overstock,High,Inventory,31852,Investigating,Warehouse power outage,Additional quality inspection,
RSK001991,SHP007902,12,258,2808,28-04-2025,Logistics,Wrong Delivery,Medium,Warehouse,5041,Resolved,Vehicle mechanical failure,Emergency procurement completed,11-05-2025
RSK001992,SHP003289,18,375,3672,16-01-2025,Logistics,Wrong Delivery,Medium,Supplier,5490,Resolved,Customs clearance delay,Warehouse maintenance completed,19-01-2025
RSK001993,SHP013748,21,372,3280,30-09-2025,Logistics,Route Blockage,Low,Warehouse,1851,Open,Warehouse power outage,Assigned alternate supplier,
RSK001994,SHP002188,10,473,2976,24-10-2025,Inventory,Inventory Mismatch,Low,Shipment,3193,Resolved,Heavy rainfall disrupted transport,Route optimized,30-10-2025
RSK001995,SHP006830,22,433,1790,07-11-2025,Inventory,Overstock,Critical,Supplier,448520,Investigating,Warehouse power outage,Expedited shipment,
RSK001996,SHP002193,21,237,300,28-05-2025,Inventory,Overstock,Low,Customer,697,Resolved,Packaging quality issue,Insurance claim initiated,09-06-2025
RSK001997,SHP010352,13,316,4570,18-04-2025,Warehouse,Power Failure,Low,Supplier,4649,Resolved,Poor demand forecasting,Increased safety stock,27-04-2025
RSK001998,SHP011800,1,335,4941,21-06-2025,Inventory,Stockout,High,Warehouse,91822,Investigating,Customs clearance delay,Increased safety stock,
RSK001999,SHP007571,5,121,139,04-05-2025,Weather,Heavy Rain,High,Supplier,67398,Investigating,Customs clearance delay,Increased safety stock,
RSK002000,SHP010744,7,172,1720,13-12-2025,Supplier,Supplier Capacity Issue,Medium,Warehouse,7652,Mitigated,Warehouse power outage,Assigned alternate supplier,23-12-2025
RSK002001,SHP011251,10,40,399,16-11-2025,Logistics,Route Blockage,Low,Shipment,3515,Mitigated,Customs clearance delay,Insurance claim initiated,26-11-2025
RSK002002,SHP004682,2,472,1956,14-04-2025,Logistics,Wrong Delivery,Low,Customer,1588,Resolved,Packaging quality issue,Assigned alternate supplier,17-04-2025
RSK002003,SHP011515,8,381,1094,04-12-2025,Supplier,Supplier Capacity Issue,Low,Warehouse,3887,Mitigated,Customs clearance delay,Insurance claim initiated,18-12-2025
RSK002004,SHP010291,12,110,4748,01-07-2025,Logistics,Lost Shipment,Low,Supplier,3054,Resolved,Poor demand forecasting,Warehouse maintenance completed,09-07-2025
RSK002005,SHP005793,9,279,1949,03-03-2025,Weather,Heavy Rain,High,Warehouse,82505,Resolved,Incorrect inventory records,Warehouse maintenance completed,12-03-2025
RSK002006,SHP003951,25,190,903,28-04-2025,Warehouse,Fire Alarm,Medium,Warehouse,17438,Open,Poor demand forecasting,Increased safety stock,
RSK002007,SHP001896,22,497,3289,05-11-2025,Logistics,Wrong Delivery,Medium,Inventory,5827,Mitigated,Heavy rainfall disrupted transport,Insurance claim initiated,13-11-2025
RSK002008,SHP003099,10,60,84,08-03-2025,Supplier,Late Delivery,High,Warehouse,41232,Resolved,Poor demand forecasting,Warehouse maintenance completed,13-03-2025
RSK002009,SHP002696,1,94,2653,26-06-2025,Inventory,Stockout,Low,Shipment,4293,Mitigated,Warehouse power outage,Route optimized,27-06-2025
RSK002010,SHP000326,14,416,262,26-09-2025,Logistics,Wrong Delivery,Low,Customer,2602,Investigating,Customs clearance delay,Insurance claim initiated,
RSK002011,SHP012650,11,227,3047,22-07-2025,Logistics,Route Blockage,High,Supplier,39893,Resolved,Warehouse power outage,Increased safety stock,30-07-2025
RSK002012,SHP002339,16,271,1610,16-10-2025,Supplier,Supplier Capacity Issue,Medium,Inventory,5627,Resolved,Packaging quality issue,Warehouse maintenance completed,26-10-2025
RSK002013,SHP002580,1,418,2372,07-04-2025,Supplier,Material Shortage,Low,Customer,4622,Resolved,Incorrect inventory records,Insurance claim initiated,09-04-2025
RSK002014,SHP005050,3,1,361,01-01-2025,Logistics,Wrong Delivery,Low,Customer,2046,Resolved,Vehicle mechanical failure,Insurance claim initiated,15-01-2025
RSK002015,SHP003987,8,288,4153,27-05-2025,Logistics,Route Blockage,Low,Shipment,3513,Mitigated,Heavy rainfall disrupted transport,Assigned alternate supplier,08-06-2025
RSK002016,SHP014730,3,250,489,12-09-2025,Inventory,Stockout,Low,Shipment,4765,Mitigated,Warehouse power outage,Emergency procurement completed,16-09-2025
RSK002017,SHP012056,22,64,3099,29-11-2025,Supplier,Late Delivery,Low,Customer,2268,Resolved,Packaging quality issue,Warehouse maintenance completed,30-11-2025
RSK002018,SHP005705,15,465,1212,25-06-2025,Inventory,Inventory Mismatch,Medium,Supplier,22579,Mitigated,Incorrect inventory records,Emergency procurement completed,01-07-2025
RSK002019,SHP004267,18,382,674,28-10-2025,Logistics,Lost Shipment,Low,Supplier,2031,Resolved,Warehouse power outage,Increased safety stock,09-11-2025
RSK002020,SHP012346,11,213,2711,04-04-2025,Logistics,Route Blockage,Low,Shipment,1984,Investigating,Heavy rainfall disrupted transport,Warehouse maintenance completed,
RSK002021,SHP007257,21,493,756,06-10-2025,Inventory,Stockout,Low,Customer,3874,Resolved,Warehouse power outage,Increased safety stock,17-10-2025
RSK002022,SHP001121,3,322,3323,06-04-2025,Inventory,Inventory Mismatch,Medium,Inventory,10135,Mitigated,Customs clearance delay,Assigned alternate supplier,12-04-2025
RSK002023,SHP007105,21,23,4003,15-04-2025,Logistics,Shipment Delay,Low,Warehouse,1310,Resolved,Customs clearance delay,Expedited shipment,28-04-2025
RSK002024,SHP002026,5,174,2379,10-12-2025,Inventory,Stockout,High,Shipment,98685,Resolved,Incorrect inventory records,Emergency procurement completed,14-12-2025
RSK002025,SHP007825,24,368,3735,26-01-2025,Product Quality,Packaging Damage,Low,Inventory,2282,Resolved,Customs clearance delay,Increased safety stock,08-02-2025
RSK002026,SHP008999,4,47,2275,25-10-2025,Logistics,Lost Shipment,High,Shipment,42624,Mitigated,Customs clearance delay,Additional quality inspection,27-10-2025
RSK002027,SHP003095,13,259,3405,10-07-2025,Product Quality,Manufacturing Defect,Medium,Customer,8468,Resolved,Supplier production delay,Insurance claim initiated,18-07-2025
RSK002028,SHP009254,15,97,1479,13-04-2025,Supplier,Supplier Capacity Issue,Medium,Warehouse,17133,Mitigated,Poor demand forecasting,Assigned alternate supplier,16-04-2025
RSK002029,SHP002853,10,426,1204,10-04-2025,Inventory,Overstock,Low,Supplier,1772,Resolved,Packaging quality issue,Additional quality inspection,23-04-2025
RSK002030,SHP007903,3,284,4488,06-09-2025,Product Quality,Damaged Goods,Medium,Warehouse,23452,Mitigated,Packaging quality issue,Emergency procurement completed,20-09-2025
RSK002031,SHP005562,10,464,3996,05-11-2025,Inventory,Inventory Mismatch,Medium,Warehouse,13631,Open,Customs clearance delay,Increased safety stock,
RSK002032,SHP004433,4,262,2866,23-04-2025,Product Quality,Damaged Goods,Medium,Supplier,10479,Mitigated,Heavy rainfall disrupted transport,Assigned alternate supplier,29-04-2025
RSK002033,SHP003049,6,141,4857,30-08-2025,Warehouse,Power Failure,High,Inventory,35164,Mitigated,Poor demand forecasting,Route optimized,31-08-2025
RSK002034,SHP001780,3,377,2870,12-05-2025,Warehouse,Fire Alarm,Medium,Inventory,7855,Resolved,Customs clearance delay,Warehouse maintenance completed,22-05-2025
RSK002035,SHP013028,5,61,2326,26-12-2025,Logistics,Route Blockage,High,Supplier,56729,Resolved,Customs clearance delay,Route optimized,31-12-2025
RSK002036,SHP008543,7,248,2103,13-04-2025,Product Quality,Packaging Damage,Medium,Warehouse,21614,Mitigated,Poor demand forecasting,Emergency procurement completed,23-04-2025
RSK002037,SHP010196,21,112,4495,01-02-2025,Product Quality,Damaged Goods,Low,Customer,2476,Mitigated,Warehouse power outage,Insurance claim initiated,10-02-2025
RSK002038,SHP000368,9,124,4503,26-09-2025,Logistics,Wrong Delivery,High,Shipment,42627,Investigating,Incorrect inventory records,Expedited shipment,
RSK002039,SHP012187,9,70,3253,17-03-2025,Inventory,Overstock,Medium,Customer,21599,Resolved,Vehicle mechanical failure,Increased safety stock,19-03-2025
RSK002040,SHP011540,20,483,4370,18-03-2025,Inventory,Inventory Mismatch,High,Shipment,32560,Resolved,Customs clearance delay,Insurance claim initiated,30-03-2025
RSK002041,SHP002972,13,493,1623,02-09-2025,Weather,Heavy Rain,Critical,Warehouse,299500,Resolved,Poor demand forecasting,Additional quality inspection,07-09-2025
RSK002042,SHP003197,1,286,3049,21-01-2025,Warehouse,Equipment Failure,Low,Customer,1521,Resolved,Customs clearance delay,Expedited shipment,25-01-2025
RSK002043,SHP002965,14,53,4198,26-09-2025,Inventory,Overstock,Medium,Shipment,20552,Resolved,Incorrect inventory records,Route optimized,29-09-2025
RSK002044,SHP004142,15,38,300,08-07-2025,Warehouse,Fire Alarm,Low,Customer,4889,Mitigated,Heavy rainfall disrupted transport,Increased safety stock,22-07-2025
RSK002045,SHP006886,12,37,4938,30-06-2025,Warehouse,Equipment Failure,Medium,Shipment,9122,Resolved,Heavy rainfall disrupted transport,Warehouse maintenance completed,10-07-2025
RSK002046,SHP005506,23,21,3708,03-01-2025,Logistics,Wrong Delivery,Medium,Inventory,11237,Investigating,Supplier production delay,Warehouse maintenance completed,
RSK002047,SHP009028,19,384,4693,24-06-2025,Logistics,Shipment Delay,High,Shipment,62797,Resolved,Vehicle mechanical failure,Route optimized,05-07-2025
RSK002048,SHP005313,2,220,772,15-09-2025,Logistics,Wrong Delivery,Low,Inventory,3365,Mitigated,Warehouse power outage,Route optimized,27-09-2025
RSK002049,SHP009483,6,286,4437,30-10-2025,Product Quality,Damaged Goods,High,Warehouse,35428,Resolved,Warehouse power outage,Insurance claim initiated,04-11-2025
RSK002050,SHP000963,20,378,1685,06-02-2025,Weather,Flood,Low,Warehouse,3424,Resolved,Heavy rainfall disrupted transport,Emergency procurement completed,14-02-2025
RSK002051,SHP000374,11,394,276,18-07-2025,Logistics,Wrong Delivery,Medium,Shipment,8910,Resolved,Poor demand forecasting,Warehouse maintenance completed,24-07-2025
RSK002052,SHP011177,13,251,4373,15-07-2025,Inventory,Stockout,High,Warehouse,98525,Resolved,Poor demand forecasting,Insurance claim initiated,19-07-2025
RSK002053,SHP010790,14,411,4044,13-07-2025,Supplier,Material Shortage,Low,Warehouse,4457,Resolved,Incorrect inventory records,Assigned alternate supplier,16-07-2025
RSK002054,SHP005330,12,82,3663,29-09-2025,Logistics,Wrong Delivery,High,Inventory,56571,Resolved,Packaging quality issue,Emergency procurement completed,13-10-2025
RSK002055,SHP003573,18,148,4675,25-12-2025,Inventory,Stockout,Medium,Supplier,12781,Resolved,Packaging quality issue,Increased safety stock,03-01-2026
RSK002056,SHP008868,1,335,4257,12-02-2025,Inventory,Overstock,Low,Customer,3050,Resolved,Supplier production delay,Warehouse maintenance completed,14-02-2025
RSK002057,SHP003043,22,485,2389,29-01-2025,Warehouse,Fire Alarm,Low,Supplier,797,Open,Heavy rainfall disrupted transport,Expedited shipment,
RSK002058,SHP011355,17,223,1110,05-02-2025,Supplier,Supplier Capacity Issue,High,Supplier,46087,Resolved,Warehouse power outage,Assigned alternate supplier,19-02-2025
RSK002059,SHP001310,24,295,162,11-11-2025,Logistics,Wrong Delivery,Medium,Customer,10130,Open,Poor demand forecasting,Increased safety stock,
RSK002060,SHP002636,2,288,75,29-07-2025,Supplier,Material Shortage,High,Customer,62255,Resolved,Vehicle mechanical failure,Route optimized,06-08-2025
RSK002061,SHP009733,10,297,4266,17-10-2025,Inventory,Stockout,Low,Warehouse,943,Mitigated,Warehouse power outage,Increased safety stock,18-10-2025
RSK002062,SHP000037,1,31,614,13-12-2025,Logistics,Wrong Delivery,Medium,Supplier,22405,Resolved,Heavy rainfall disrupted transport,Insurance claim initiated,20-12-2025
RSK002063,SHP001680,6,175,3118,28-05-2025,Warehouse,Equipment Failure,Critical,Warehouse,279272,Resolved,Supplier production delay,Route optimized,08-06-2025
RSK002064,SHP001380,16,385,2092,22-05-2025,Logistics,Route Blockage,Critical,Customer,457854,Mitigated,Incorrect inventory records,Warehouse maintenance completed,27-05-2025
RSK002065,SHP013997,13,154,3363,01-05-2025,Supplier,Supplier Capacity Issue,Low,Shipment,4511,Resolved,Supplier production delay,Emergency procurement completed,02-05-2025
RSK002066,SHP010167,8,429,2188,19-11-2025,Logistics,Shipment Delay,Medium,Inventory,9512,Investigating,Customs clearance delay,Route optimized,
RSK002067,SHP004129,20,185,3304,18-02-2025,Logistics,Route Blockage,Low,Shipment,2116,Investigating,Incorrect inventory records,Route optimized,
RSK002068,SHP011585,24,269,4660,20-08-2025,Supplier,Material Shortage,Medium,Inventory,10753,Mitigated,Vehicle mechanical failure,Expedited shipment,22-08-2025
RSK002069,SHP008400,5,280,4255,12-08-2025,Supplier,Supplier Capacity Issue,Critical,Warehouse,162903,Resolved,Customs clearance delay,Emergency procurement completed,25-08-2025
RSK002070,SHP013515,18,126,1851,03-03-2025,Logistics,Wrong Delivery,Medium,Warehouse,19302,Resolved,Incorrect inventory records,Warehouse maintenance completed,08-03-2025
RSK002071,SHP012919,24,269,3622,28-06-2025,Product Quality,Damaged Goods,Low,Inventory,1475,Investigating,Poor demand forecasting,Emergency procurement completed,
RSK002072,SHP008540,19,354,1442,31-01-2025,Product Quality,Packaging Damage,Medium,Warehouse,20677,Investigating,Packaging quality issue,Route optimized,
RSK002073,SHP004518,25,199,1395,03-02-2025,Product Quality,Manufacturing Defect,Low,Warehouse,869,Resolved,Supplier production delay,Increased safety stock,16-02-2025
RSK002074,SHP010320,5,177,525,03-08-2025,Weather,Heavy Rain,High,Inventory,27150,Resolved,Poor demand forecasting,Route optimized,12-08-2025
RSK002075,SHP014778,14,295,2524,09-08-2025,Warehouse,Fire Alarm,Critical,Warehouse,332391,Resolved,Incorrect inventory records,Expedited shipment,21-08-2025
RSK002076,SHP002718,7,185,3762,09-03-2025,Financial,Cost Increase,Medium,Supplier,14926,Resolved,Poor demand forecasting,Expedited shipment,21-03-2025
RSK002077,SHP013352,4,183,179,03-05-2025,Inventory,Overstock,High,Inventory,51295,Resolved,Supplier production delay,Expedited shipment,06-05-2025
RSK002078,SHP009129,8,392,1413,07-10-2025,Logistics,Route Blockage,Low,Warehouse,4376,Mitigated,Customs clearance delay,Assigned alternate supplier,17-10-2025
RSK002079,SHP012276,2,264,3052,17-05-2025,Warehouse,Storage Capacity Full,High,Inventory,48744,Mitigated,Incorrect inventory records,Increased safety stock,20-05-2025
RSK002080,SHP000177,4,459,536,27-05-2025,Warehouse,Power Failure,High,Customer,54055,Mitigated,Heavy rainfall disrupted transport,Route optimized,28-05-2025
RSK002081,SHP009583,9,132,1255,22-02-2025,Warehouse,Storage Capacity Full,Medium,Supplier,10039,Resolved,Warehouse power outage,Emergency procurement completed,07-03-2025
RSK002082,SHP014656,1,397,1476,08-09-2025,Transportation,Fuel Shortage,Medium,Warehouse,24022,Resolved,Poor demand forecasting,Insurance claim initiated,14-09-2025
RSK002083,SHP003557,8,463,3975,17-10-2025,Warehouse,Power Failure,Critical,Inventory,258520,Mitigated,Warehouse power outage,Route optimized,18-10-2025
RSK002084,SHP003817,11,135,825,24-05-2025,Supplier,Supplier Capacity Issue,Low,Supplier,3035,Resolved,Vehicle mechanical failure,Assigned alternate supplier,04-06-2025
RSK002085,SHP002176,21,46,2927,27-02-2025,Logistics,Shipment Delay,Low,Shipment,4071,Resolved,Packaging quality issue,Additional quality inspection,08-03-2025
RSK002086,SHP011611,1,368,3770,23-12-2025,Logistics,Wrong Delivery,High,Warehouse,96964,Resolved,Incorrect inventory records,Route optimized,05-01-2026
RSK002087,SHP002704,23,461,3536,23-04-2025,Financial,Currency Fluctuation,Low,Shipment,1191,Resolved,Incorrect inventory records,Warehouse maintenance completed,29-04-2025
RSK002088,SHP009669,10,437,2732,24-12-2025,Warehouse,Power Failure,High,Warehouse,90075,Resolved,Heavy rainfall disrupted transport,Emergency procurement completed,30-12-2025
RSK002089,SHP003942,9,251,2703,23-02-2025,Supplier,Material Shortage,Low,Supplier,3644,Investigating,Customs clearance delay,Additional quality inspection,
RSK002090,SHP005067,2,457,1455,21-06-2025,Logistics,Shipment Delay,Low,Inventory,4798,Resolved,Heavy rainfall disrupted transport,Increased safety stock,23-06-2025
RSK002091,SHP009865,10,475,4021,01-03-2025,Logistics,Route Blockage,Medium,Customer,24352,Mitigated,Poor demand forecasting,Insurance claim initiated,02-03-2025
RSK002092,SHP006699,22,105,1436,06-03-2025,Logistics,Route Blockage,Low,Inventory,4164,Investigating,Poor demand forecasting,Increased safety stock,
RSK002093,SHP009554,17,402,2936,12-08-2025,Logistics,Lost Shipment,Low,Supplier,3294,Resolved,Packaging quality issue,Additional quality inspection,24-08-2025
RSK002094,SHP006451,23,252,3389,30-09-2025,Product Quality,Manufacturing Defect,High,Warehouse,99127,Resolved,Supplier production delay,Assigned alternate supplier,12-10-2025
RSK002095,SHP005392,3,197,3480,26-05-2025,Transportation,Traffic Congestion,Medium,Supplier,10320,Resolved,Vehicle mechanical failure,Route optimized,27-05-2025
RSK002096,SHP009488,14,351,538,09-11-2025,Supplier,Late Delivery,Medium,Warehouse,11667,Mitigated,Packaging quality issue,Additional quality inspection,19-11-2025
RSK002097,SHP001758,11,7,826,21-07-2025,Supplier,Supplier Capacity Issue,Low,Customer,594,Investigating,Customs clearance delay,Additional quality inspection,
RSK002098,SHP003625,11,455,1645,07-02-2025,Supplier,Supplier Capacity Issue,Low,Customer,3797,Resolved,Heavy rainfall disrupted transport,Expedited shipment,14-02-2025
RSK002099,SHP002985,16,166,4203,12-12-2025,Financial,Currency Fluctuation,Low,Supplier,4860,Resolved,Warehouse power outage,Expedited shipment,17-12-2025
RSK002100,SHP008981,16,56,3765,16-09-2025,Inventory,Stockout,Low,Inventory,3435,Mitigated,Supplier production delay,Emergency procurement completed,19-09-2025
RSK002101,SHP008873,18,293,1052,08-12-2025,Product Quality,Packaging Damage,Medium,Inventory,16045,Investigating,Packaging quality issue,Route optimized,
RSK002102,SHP010124,25,177,2249,24-09-2025,Logistics,Wrong Delivery,Low,Customer,2895,Resolved,Poor demand forecasting,Warehouse maintenance completed,30-09-2025
RSK002103,SHP000960,13,255,3285,03-08-2025,Logistics,Wrong Delivery,Low,Warehouse,1622,Resolved,Incorrect inventory records,Expedited shipment,15-08-2025
RSK002104,SHP013921,21,40,2743,15-11-2025,Inventory,Inventory Mismatch,Medium,Customer,10745,Mitigated,Customs clearance delay,Additional quality inspection,28-11-2025
RSK002105,SHP002535,14,18,1455,24-10-2025,Logistics,Lost Shipment,Medium,Supplier,18637,Resolved,Incorrect inventory records,Warehouse maintenance completed,29-10-2025
RSK002106,SHP008911,22,60,885,19-10-2025,Logistics,Lost Shipment,Medium,Inventory,18371,Resolved,Supplier production delay,Emergency procurement completed,01-11-2025
RSK002107,SHP010979,13,330,1786,01-12-2025,Logistics,Wrong Delivery,Low,Shipment,2666,Mitigated,Incorrect inventory records,Route optimized,06-12-2025
RSK002108,SHP007126,1,241,2614,23-01-2025,Warehouse,Power Failure,Critical,Supplier,105744,Investigating,Heavy rainfall disrupted transport,Additional quality inspection,
RSK002109,SHP000039,17,130,1290,29-01-2025,Logistics,Lost Shipment,High,Shipment,85585,Investigating,Incorrect inventory records,Assigned alternate supplier,
RSK002110,SHP002123,8,271,408,17-07-2025,Product Quality,Damaged Goods,Low,Customer,616,Investigating,Poor demand forecasting,Emergency procurement completed,
RSK002111,SHP011241,10,500,3896,06-02-2025,Logistics,Lost Shipment,High,Customer,87423,Mitigated,Customs clearance delay,Insurance claim initiated,09-02-2025
RSK002112,SHP010578,7,292,4201,13-06-2025,Inventory,Overstock,Low,Inventory,2527,Mitigated,Customs clearance delay,Route optimized,23-06-2025
RSK002113,SHP001782,2,225,531,10-05-2025,Warehouse,Power Failure,Low,Supplier,1340,Resolved,Poor demand forecasting,Warehouse maintenance completed,21-05-2025
RSK002114,SHP011721,5,104,4597,06-09-2025,Logistics,Route Blockage,Low,Supplier,2535,Resolved,Packaging quality issue,Increased safety stock,17-09-2025
RSK002115,SHP013253,16,239,799,02-11-2025,Product Quality,Manufacturing Defect,Medium,Inventory,11605,Resolved,Supplier production delay,Route optimized,05-11-2025
RSK002116,SHP009272,20,293,3013,14-05-2025,Product Quality,Packaging Damage,Low,Inventory,2516,Resolved,Supplier production delay,Emergency procurement completed,25-05-2025
RSK002117,SHP003470,18,216,1142,17-09-2025,Inventory,Inventory Mismatch,High,Inventory,90391,Mitigated,Customs clearance delay,Increased safety stock,26-09-2025
RSK002118,SHP005793,24,141,4388,25-05-2025,Supplier,Material Shortage,Low,Warehouse,939,Investigating,Poor demand forecasting,Assigned alternate supplier,
RSK002119,SHP011693,16,266,4428,09-01-2025,Product Quality,Packaging Damage,Medium,Supplier,23157,Resolved,Customs clearance delay,Route optimized,16-01-2025
RSK002120,SHP005972,2,48,1024,20-10-2025,Warehouse,Storage Capacity Full,Low,Inventory,2969,Investigating,Poor demand forecasting,Emergency procurement completed,
RSK002121,SHP011523,23,65,4780,27-01-2025,Product Quality,Damaged Goods,Medium,Warehouse,15170,Resolved,Warehouse power outage,Warehouse maintenance completed,04-02-2025
RSK002122,SHP009518,6,122,4385,27-05-2025,Inventory,Inventory Mismatch,Medium,Shipment,20528,Investigating,Incorrect inventory records,Insurance claim initiated,
RSK002123,SHP009004,5,73,3461,06-10-2025,Financial,Cost Increase,High,Shipment,40354,Resolved,Warehouse power outage,Route optimized,15-10-2025
RSK002124,SHP014809,2,113,4668,20-11-2025,Warehouse,Storage Capacity Full,High,Warehouse,54724,Mitigated,Incorrect inventory records,Additional quality inspection,23-11-2025
RSK002125,SHP003576,10,118,3943,18-11-2025,Warehouse,Fire Alarm,Low,Customer,3965,Resolved,Warehouse power outage,Insurance claim initiated,01-12-2025
RSK002126,SHP003369,19,120,1791,15-01-2025,Logistics,Shipment Delay,High,Customer,97874,Mitigated,Incorrect inventory records,Increased safety stock,24-01-2025
RSK002127,SHP010719,15,45,298,14-06-2025,Product Quality,Manufacturing Defect,Low,Shipment,2457,Investigating,Warehouse power outage,Expedited shipment,
RSK002128,SHP014702,7,392,4594,28-06-2025,Supplier,Supplier Capacity Issue,Low,Warehouse,3136,Investigating,Heavy rainfall disrupted transport,Additional quality inspection,
RSK002129,SHP014389,9,137,1716,12-10-2025,Warehouse,Storage Capacity Full,Medium,Inventory,7698,Investigating,Heavy rainfall disrupted transport,Increased safety stock,
RSK002130,SHP011236,9,371,2481,20-05-2025,Inventory,Stockout,Critical,Supplier,176328,Resolved,Incorrect inventory records,Insurance claim initiated,30-05-2025
RSK002131,SHP001505,15,403,1822,23-08-2025,Logistics,Lost Shipment,Low,Warehouse,4481,Resolved,Poor demand forecasting,Increased safety stock,05-09-2025
RSK002132,SHP013323,8,237,2595,13-09-2025,Warehouse,Equipment Failure,Low,Shipment,4572,Mitigated,Warehouse power outage,Emergency procurement completed,21-09-2025
RSK002133,SHP003100,21,97,1964,18-04-2025,Inventory,Overstock,High,Supplier,32229,Investigating,Packaging quality issue,Additional quality inspection,
RSK002134,SHP007049,22,326,648,13-03-2025,Logistics,Shipment Delay,Low,Shipment,4941,Resolved,Packaging quality issue,Route optimized,25-03-2025
RSK002135,SHP011206,18,121,882,31-05-2025,Logistics,Lost Shipment,Critical,Inventory,322838,Resolved,Heavy rainfall disrupted transport,Warehouse maintenance completed,09-06-2025
RSK002136,SHP006532,9,197,1934,18-07-2025,Product Quality,Manufacturing Defect,Medium,Inventory,21740,Mitigated,Vehicle mechanical failure,Increased safety stock,23-07-2025
RSK002137,SHP002303,6,291,3036,17-11-2025,Inventory,Overstock,High,Shipment,49992,Resolved,Packaging quality issue,Additional quality inspection,21-11-2025
RSK002138,SHP002862,22,364,306,21-04-2025,Supplier,Supplier Capacity Issue,High,Inventory,26031,Resolved,Customs clearance delay,Warehouse maintenance completed,23-04-2025
RSK002139,SHP012431,1,396,3319,23-05-2025,Inventory,Inventory Mismatch,Medium,Supplier,17697,Resolved,Incorrect inventory records,Emergency procurement completed,01-06-2025
RSK002140,SHP009943,13,202,905,15-11-2025,Inventory,Inventory Mismatch,Low,Warehouse,4038,Resolved,Supplier production delay,Increased safety stock,19-11-2025
RSK002141,SHP005508,4,20,4933,18-05-2025,Logistics,Lost Shipment,Low,Supplier,1862,Resolved,Incorrect inventory records,Warehouse maintenance completed,27-05-2025
RSK002142,SHP009869,24,278,4735,25-01-2025,Logistics,Wrong Delivery,Medium,Customer,11763,Resolved,Packaging quality issue,Insurance claim initiated,03-02-2025
RSK002143,SHP003169,9,302,2366,11-04-2025,Logistics,Lost Shipment,Medium,Inventory,20731,Resolved,Warehouse power outage,Expedited shipment,21-04-2025
RSK002144,SHP004089,15,79,3011,22-08-2025,Logistics,Wrong Delivery,Low,Shipment,2661,Investigating,Customs clearance delay,Assigned alternate supplier,
RSK002145,SHP005980,15,223,4236,20-11-2025,Warehouse,Fire Alarm,Medium,Warehouse,13425,Resolved,Supplier production delay,Additional quality inspection,29-11-2025
RSK002146,SHP012804,1,307,4667,13-11-2025,Logistics,Lost Shipment,Medium,Shipment,6470,Resolved,Heavy rainfall disrupted transport,Assigned alternate supplier,23-11-2025
RSK002147,SHP009801,4,175,1491,03-05-2025,Warehouse,Storage Capacity Full,Low,Customer,4796,Resolved,Poor demand forecasting,Increased safety stock,13-05-2025
RSK002148,SHP005853,18,220,959,13-10-2025,Warehouse,Storage Capacity Full,High,Inventory,42565,Resolved,Supplier production delay,Expedited shipment,17-10-2025
RSK002149,SHP002917,4,452,3134,25-12-2025,Inventory,Stockout,High,Warehouse,35811,Resolved,Vehicle mechanical failure,Expedited shipment,08-01-2026
RSK002150,SHP014251,12,462,1446,11-07-2025,Logistics,Route Blockage,Medium,Warehouse,15607,Investigating,Warehouse power outage,Warehouse maintenance completed,
RSK002151,SHP000364,22,34,4813,29-11-2025,Product Quality,Damaged Goods,Low,Customer,2620,Investigating,Vehicle mechanical failure,Emergency procurement completed,
RSK002152,SHP012784,6,276,2508,27-09-2025,Logistics,Route Blockage,Low,Customer,2281,Resolved,Poor demand forecasting,Warehouse maintenance completed,05-10-2025
RSK002153,SHP014006,21,362,1440,28-03-2025,Inventory,Stockout,Critical,Warehouse,406871,Mitigated,Heavy rainfall disrupted transport,Expedited shipment,01-04-2025
RSK002154,SHP001569,25,155,3954,15-08-2025,Logistics,Wrong Delivery,Low,Supplier,3971,Mitigated,Vehicle mechanical failure,Expedited shipment,20-08-2025
RSK002155,SHP013390,4,250,384,01-12-2025,Warehouse,Storage Capacity Full,Medium,Warehouse,5984,Mitigated,Warehouse power outage,Route optimized,14-12-2025
RSK002156,SHP010685,11,489,3452,16-01-2025,Inventory,Inventory Mismatch,High,Shipment,37468,Resolved,Incorrect inventory records,Assigned alternate supplier,23-01-2025
RSK002157,SHP012189,15,361,2330,12-07-2025,Transportation,Traffic Congestion,Medium,Shipment,23690,Resolved,Supplier production delay,Increased safety stock,24-07-2025
RSK002158,SHP003539,20,475,2731,04-10-2025,Warehouse,Fire Alarm,Medium,Shipment,22913,Resolved,Poor demand forecasting,Increased safety stock,10-10-2025
RSK002159,SHP012790,16,172,533,10-02-2025,Logistics,Wrong Delivery,Medium,Warehouse,17189,Resolved,Warehouse power outage,Route optimized,17-02-2025
RSK002160,SHP007519,23,482,3843,19-01-2025,Supplier,Material Shortage,Medium,Inventory,18779,Resolved,Supplier production delay,Route optimized,28-01-2025
RSK002161,SHP001397,18,496,2504,12-11-2025,Logistics,Wrong Delivery,Low,Customer,3587,Resolved,Vehicle mechanical failure,Insurance claim initiated,21-11-2025
RSK002162,SHP008073,18,143,4513,16-12-2025,Logistics,Shipment Delay,High,Inventory,91814,Mitigated,Heavy rainfall disrupted transport,Emergency procurement completed,26-12-2025
RSK002163,SHP013615,9,52,1082,09-05-2025,Product Quality,Manufacturing Defect,High,Shipment,71304,Open,Customs clearance delay,Assigned alternate supplier,
RSK002164,SHP006822,25,491,3557,12-04-2025,Logistics,Shipment Delay,Low,Customer,2933,Resolved,Warehouse power outage,Expedited shipment,19-04-2025
RSK002165,SHP001865,25,297,4285,04-02-2025,Product Quality,Damaged Goods,Medium,Customer,12308,Mitigated,Warehouse power outage,Increased safety stock,16-02-2025
RSK002166,SHP004213,3,192,3873,12-02-2025,Logistics,Shipment Delay,High,Customer,95366,Open,Vehicle mechanical failure,Assigned alternate supplier,
RSK002167,SHP005121,8,334,1498,03-10-2025,Financial,Currency Fluctuation,Low,Supplier,3298,Resolved,Poor demand forecasting,Assigned alternate supplier,13-10-2025
RSK002168,SHP010018,14,34,2207,07-09-2025,Product Quality,Damaged Goods,Low,Warehouse,1717,Open,Poor demand forecasting,Additional quality inspection,
RSK002169,SHP007770,10,329,438,10-11-2025,Warehouse,Fire Alarm,Low,Inventory,4167,Resolved,Vehicle mechanical failure,Increased safety stock,22-11-2025
RSK002170,SHP005312,5,89,4663,04-09-2025,Supplier,Late Delivery,Low,Supplier,2487,Resolved,Incorrect inventory records,Expedited shipment,15-09-2025
RSK002171,SHP001823,18,225,4361,03-02-2025,Product Quality,Manufacturing Defect,Low,Customer,3524,Resolved,Supplier production delay,Increased safety stock,14-02-2025
RSK002172,SHP007586,7,468,4398,11-08-2025,Weather,Heavy Rain,High,Warehouse,37224,Open,Supplier production delay,Route optimized,
RSK002173,SHP010758,20,406,966,26-08-2025,Inventory,Inventory Mismatch,Medium,Warehouse,20498,Investigating,Heavy rainfall disrupted transport,Expedited shipment,
RSK002174,SHP000429,19,40,881,07-02-2025,Inventory,Overstock,Low,Inventory,1453,Resolved,Poor demand forecasting,Emergency procurement completed,19-02-2025
RSK002175,SHP012787,7,4,3875,09-02-2025,Inventory,Inventory Mismatch,Medium,Shipment,21768,Investigating,Heavy rainfall disrupted transport,Additional quality inspection,
RSK002176,SHP014973,17,254,1146,18-03-2025,Supplier,Late Delivery,Medium,Customer,18417,Resolved,Poor demand forecasting,Emergency procurement completed,22-03-2025
RSK002177,SHP004783,16,259,4483,11-02-2025,Logistics,Route Blockage,Medium,Warehouse,14936,Resolved,Supplier production delay,Assigned alternate supplier,21-02-2025
RSK002178,SHP002641,7,53,4236,01-09-2025,Inventory,Stockout,Medium,Inventory,14193,Resolved,Heavy rainfall disrupted transport,Route optimized,02-09-2025
RSK002179,SHP004021,12,57,4227,31-10-2025,Inventory,Inventory Mismatch,Medium,Shipment,19510,Mitigated,Poor demand forecasting,Warehouse maintenance completed,08-11-2025
RSK002180,SHP005588,4,64,3085,06-11-2025,Logistics,Shipment Delay,High,Supplier,38799,Resolved,Incorrect inventory records,Additional quality inspection,12-11-2025
RSK002181,SHP000713,3,242,1097,23-02-2025,Supplier,Material Shortage,Low,Inventory,3579,Resolved,Warehouse power outage,Warehouse maintenance completed,26-02-2025
RSK002182,SHP010363,13,430,4493,11-05-2025,Supplier,Material Shortage,Medium,Customer,17308,Investigating,Customs clearance delay,Assigned alternate supplier,
RSK002183,SHP011175,11,291,588,09-07-2025,Product Quality,Packaging Damage,Medium,Supplier,6348,Mitigated,Warehouse power outage,Assigned alternate supplier,15-07-2025
RSK002184,SHP001235,17,60,4398,06-05-2025,Logistics,Lost Shipment,Medium,Shipment,18748,Resolved,Supplier production delay,Emergency procurement completed,08-05-2025
RSK002185,SHP005268,17,18,1371,14-07-2025,Logistics,Route Blockage,Medium,Warehouse,11852,Mitigated,Customs clearance delay,Assigned alternate supplier,28-07-2025
RSK002186,SHP009316,2,407,4962,23-08-2025,Transportation,Fuel Shortage,High,Supplier,97778,Investigating,Poor demand forecasting,Warehouse maintenance completed,
RSK002187,SHP008972,24,72,4335,30-11-2025,Warehouse,Storage Capacity Full,Low,Supplier,594,Resolved,Heavy rainfall disrupted transport,Emergency procurement completed,12-12-2025
RSK002188,SHP009315,5,115,1020,30-07-2025,Logistics,Route Blockage,Medium,Customer,12498,Resolved,Heavy rainfall disrupted transport,Expedited shipment,06-08-2025
RSK002189,SHP005380,14,286,2419,12-12-2025,Warehouse,Equipment Failure,High,Warehouse,25302,Resolved,Customs clearance delay,Assigned alternate supplier,16-12-2025
RSK002190,SHP011645,9,192,3651,23-04-2025,Logistics,Lost Shipment,Low,Shipment,3817,Mitigated,Packaging quality issue,Expedited shipment,05-05-2025
RSK002191,SHP006880,12,284,1195,13-09-2025,Product Quality,Manufacturing Defect,Low,Warehouse,2589,Resolved,Vehicle mechanical failure,Insurance claim initiated,15-09-2025
RSK002192,SHP008177,9,175,1060,29-04-2025,Inventory,Inventory Mismatch,Medium,Supplier,11111,Investigating,Incorrect inventory records,Expedited shipment,
RSK002193,SHP011423,4,471,3482,07-07-2025,Logistics,Wrong Delivery,Medium,Warehouse,10732,Resolved,Customs clearance delay,Assigned alternate supplier,11-07-2025
RSK002194,SHP008156,23,252,2070,29-08-2025,Inventory,Overstock,High,Shipment,54766,Resolved,Packaging quality issue,Insurance claim initiated,02-09-2025
RSK002195,SHP012397,23,272,1174,21-06-2025,Inventory,Inventory Mismatch,Medium,Customer,9622,Resolved,Warehouse power outage,Insurance claim initiated,02-07-2025
RSK002196,SHP002427,17,196,963,07-12-2025,Logistics,Route Blockage,Low,Shipment,3183,Resolved,Packaging quality issue,Emergency procurement completed,11-12-2025
RSK002197,SHP006704,20,147,4266,14-06-2025,Warehouse,Fire Alarm,Low,Warehouse,3838,Resolved,Customs clearance delay,Route optimized,15-06-2025
RSK002198,SHP002258,25,114,3687,14-09-2025,Inventory,Inventory Mismatch,Medium,Customer,21835,Resolved,Vehicle mechanical failure,Route optimized,24-09-2025
RSK002199,SHP012499,2,275,45,12-11-2025,Warehouse,Equipment Failure,Medium,Warehouse,21897,Resolved,Vehicle mechanical failure,Route optimized,18-11-2025
RSK002200,SHP013017,4,66,247,18-08-2025,Inventory,Stockout,Critical,Shipment,260752,Open,Poor demand forecasting,Emergency procurement completed,
RSK002201,SHP004349,6,142,2919,15-04-2025,Logistics,Shipment Delay,Low,Shipment,3476,Resolved,Packaging quality issue,Warehouse maintenance completed,23-04-2025
RSK002202,SHP009031,2,263,1316,29-10-2025,Logistics,Route Blockage,High,Warehouse,44516,Mitigated,Incorrect inventory records,Expedited shipment,31-10-2025
RSK002203,SHP007161,14,55,3165,07-02-2025,Weather,Flood,Medium,Inventory,19125,Resolved,Incorrect inventory records,Assigned alternate supplier,13-02-2025
RSK002204,SHP006753,7,295,1204,23-09-2025,Supplier,Material Shortage,Medium,Shipment,14719,Mitigated,Heavy rainfall disrupted transport,Insurance claim initiated,04-10-2025
RSK002205,SHP008622,7,207,1217,03-07-2025,Product Quality,Packaging Damage,Medium,Inventory,18906,Investigating,Vehicle mechanical failure,Route optimized,
RSK002206,SHP006416,22,269,3773,11-12-2025,Transportation,Fuel Shortage,Low,Warehouse,2832,Resolved,Warehouse power outage,Assigned alternate supplier,18-12-2025
RSK002207,SHP012836,20,11,668,23-01-2025,Supplier,Supplier Capacity Issue,Medium,Warehouse,21153,Mitigated,Poor demand forecasting,Additional quality inspection,06-02-2025
RSK002208,SHP004441,16,180,3292,15-08-2025,Product Quality,Damaged Goods,Low,Shipment,1186,Mitigated,Packaging quality issue,Route optimized,16-08-2025
RSK002209,SHP002223,11,54,1443,07-03-2025,Inventory,Inventory Mismatch,Low,Warehouse,4277,Resolved,Vehicle mechanical failure,Insurance claim initiated,16-03-2025
RSK002210,SHP006887,24,427,1318,24-07-2025,Weather,Heavy Rain,High,Shipment,85861,Resolved,Supplier production delay,Route optimized,25-07-2025
RSK002211,SHP004868,14,429,1093,26-07-2025,Logistics,Route Blockage,Low,Customer,3323,Resolved,Heavy rainfall disrupted transport,Insurance claim initiated,27-07-2025
RSK002212,SHP003431,8,34,2021,18-08-2025,Logistics,Route Blockage,Low,Shipment,1843,Resolved,Warehouse power outage,Warehouse maintenance completed,24-08-2025
RSK002213,SHP010265,2,490,4422,12-02-2025,Weather,Cyclone,Medium,Warehouse,7549,Mitigated,Customs clearance delay,Assigned alternate supplier,17-02-2025
RSK002214,SHP008729,8,36,449,18-11-2025,Inventory,Inventory Mismatch,Medium,Supplier,6342,Mitigated,Poor demand forecasting,Route optimized,25-11-2025
RSK002215,SHP002583,6,470,3225,19-01-2025,Logistics,Lost Shipment,Low,Customer,2470,Resolved,Vehicle mechanical failure,Assigned alternate supplier,20-01-2025
RSK002216,SHP005683,6,291,3299,22-05-2025,Warehouse,Fire Alarm,Medium,Warehouse,9303,Resolved,Incorrect inventory records,Insurance claim initiated,29-05-2025
RSK002217,SHP013834,8,331,3669,30-05-2025,Supplier,Late Delivery,Medium,Supplier,9693,Mitigated,Warehouse power outage,Insurance claim initiated,05-06-2025
RSK002218,SHP014878,19,348,3511,12-02-2025,Supplier,Material Shortage,Medium,Warehouse,22386,Resolved,Supplier production delay,Route optimized,15-02-2025
RSK002219,SHP002498,19,494,1365,22-07-2025,Logistics,Wrong Delivery,High,Shipment,40600,Investigating,Supplier production delay,Insurance claim initiated,
RSK002220,SHP005780,23,109,522,21-10-2025,Warehouse,Fire Alarm,Medium,Inventory,20685,Resolved,Supplier production delay,Emergency procurement completed,03-11-2025
RSK002221,SHP008327,9,448,3689,04-08-2025,Logistics,Lost Shipment,High,Supplier,30792,Open,Supplier production delay,Route optimized,
RSK002222,SHP013984,16,201,3815,04-05-2025,Logistics,Wrong Delivery,Medium,Warehouse,19766,Resolved,Poor demand forecasting,Insurance claim initiated,08-05-2025
RSK002223,SHP011212,6,276,336,19-07-2025,Product Quality,Damaged Goods,Medium,Customer,6864,Resolved,Heavy rainfall disrupted transport,Emergency procurement completed,22-07-2025
RSK002224,SHP001639,5,488,4032,16-07-2025,Product Quality,Manufacturing Defect,Low,Supplier,1497,Resolved,Heavy rainfall disrupted transport,Assigned alternate supplier,24-07-2025
RSK002225,SHP004595,24,39,3213,25-04-2025,Warehouse,Storage Capacity Full,High,Warehouse,51181,Resolved,Warehouse power outage,Additional quality inspection,01-05-2025
RSK002226,SHP014955,19,222,1885,21-07-2025,Weather,Cyclone,Medium,Supplier,7675,Resolved,Poor demand forecasting,Increased safety stock,26-07-2025
RSK002227,SHP010481,15,165,3887,01-06-2025,Inventory,Overstock,Medium,Shipment,18314,Resolved,Supplier production delay,Route optimized,07-06-2025
RSK002228,SHP000574,21,449,1614,29-03-2025,Inventory,Stockout,Low,Supplier,4387,Resolved,Supplier production delay,Additional quality inspection,03-04-2025
RSK002229,SHP010115,18,227,4752,22-07-2025,Logistics,Wrong Delivery,High,Warehouse,85694,Resolved,Warehouse power outage,Assigned alternate supplier,29-07-2025
RSK002230,SHP014409,7,459,453,03-12-2025,Logistics,Lost Shipment,Medium,Inventory,10008,Resolved,Poor demand forecasting,Insurance claim initiated,04-12-2025
RSK002231,SHP009270,11,398,3878,29-10-2025,Supplier,Supplier Capacity Issue,Low,Inventory,3151,Mitigated,Incorrect inventory records,Expedited shipment,12-11-2025
RSK002232,SHP002163,11,387,675,25-08-2025,Logistics,Wrong Delivery,Low,Supplier,4634,Resolved,Packaging quality issue,Route optimized,08-09-2025
RSK002233,SHP009278,19,255,1027,23-09-2025,Inventory,Stockout,Low,Warehouse,1524,Resolved,Incorrect inventory records,Expedited shipment,26-09-2025
RSK002234,SHP014460,24,410,354,19-04-2025,Logistics,Route Blockage,Low,Customer,1277,Resolved,Customs clearance delay,Insurance claim initiated,22-04-2025
RSK002235,SHP012206,9,217,4116,18-10-2025,Supplier,Supplier Capacity Issue,Medium,Customer,11749,Mitigated,Packaging quality issue,Insurance claim initiated,30-10-2025
RSK002236,SHP001270,2,72,131,25-01-2025,Transportation,Traffic Congestion,Medium,Shipment,17305,Mitigated,Warehouse power outage,Increased safety stock,08-02-2025
RSK002237,SHP011858,4,39,580,28-04-2025,Logistics,Route Blockage,Low,Supplier,4573,Resolved,Supplier production delay,Warehouse maintenance completed,01-05-2025
RSK002238,SHP003332,17,60,3067,21-08-2025,Logistics,Wrong Delivery,Low,Shipment,1168,Mitigated,Vehicle mechanical failure,Increased safety stock,30-08-2025
RSK002239,SHP008473,12,336,1228,26-09-2025,Logistics,Shipment Delay,Low,Inventory,2054,Investigating,Warehouse power outage,Assigned alternate supplier,
RSK002240,SHP011970,10,1,3480,17-08-2025,Warehouse,Fire Alarm,Medium,Inventory,19089,Resolved,Poor demand forecasting,Emergency procurement completed,28-08-2025
RSK002241,SHP000563,14,470,4790,28-07-2025,Financial,Currency Fluctuation,High,Inventory,77507,Investigating,Poor demand forecasting,Increased safety stock,
RSK002242,SHP000015,2,99,3959,15-05-2025,Supplier,Material Shortage,High,Customer,63697,Mitigated,Packaging quality issue,Expedited shipment,18-05-2025
RSK002243,SHP004323,15,158,130,23-09-2025,Logistics,Wrong Delivery,Low,Warehouse,1832,Resolved,Vehicle mechanical failure,Emergency procurement completed,24-09-2025
RSK002244,SHP013285,20,113,3454,26-12-2025,Logistics,Wrong Delivery,High,Customer,44627,Resolved,Vehicle mechanical failure,Assigned alternate supplier,01-01-2026
RSK002245,SHP001096,6,5,1650,11-02-2025,Logistics,Lost Shipment,Medium,Customer,6806,Resolved,Supplier production delay,Expedited shipment,22-02-2025
RSK002246,SHP006513,15,352,3274,07-05-2025,Inventory,Stockout,Low,Inventory,4474,Resolved,Vehicle mechanical failure,Emergency procurement completed,14-05-2025
RSK002247,SHP011093,7,347,4516,31-07-2025,Supplier,Supplier Capacity Issue,Low,Warehouse,3277,Investigating,Supplier production delay,Warehouse maintenance completed,
RSK002248,SHP006929,8,441,1758,21-01-2025,Logistics,Lost Shipment,High,Shipment,78747,Resolved,Customs clearance delay,Assigned alternate supplier,22-01-2025
RSK002249,SHP012673,6,142,4131,21-11-2025,Product Quality,Packaging Damage,Medium,Customer,8668,Resolved,Poor demand forecasting,Additional quality inspection,26-11-2025
RSK002250,SHP008316,15,211,1334,17-03-2025,Warehouse,Storage Capacity Full,Medium,Supplier,9781,Resolved,Packaging quality issue,Expedited shipment,27-03-2025
RSK002251,SHP001581,8,450,3500,19-11-2025,Weather,Heavy Rain,High,Customer,52945,Resolved,Warehouse power outage,Emergency procurement completed,29-11-2025
RSK002252,SHP007513,23,301,2528,18-01-2025,Inventory,Inventory Mismatch,High,Warehouse,50888,Resolved,Supplier production delay,Additional quality inspection,21-01-2025
RSK002253,SHP009472,19,312,3495,16-09-2025,Supplier,Late Delivery,Medium,Supplier,23950,Resolved,Customs clearance delay,Expedited shipment,29-09-2025
RSK002254,SHP010445,7,288,202,08-05-2025,Logistics,Shipment Delay,Medium,Supplier,5222,Investigating,Poor demand forecasting,Expedited shipment,
RSK002255,SHP002475,13,421,2081,07-04-2025,Logistics,Shipment Delay,Medium,Customer,7877,Investigating,Vehicle mechanical failure,Emergency procurement completed,
RSK002256,SHP011023,1,188,4619,02-12-2025,Logistics,Wrong Delivery,Medium,Inventory,24536,Mitigated,Incorrect inventory records,Warehouse maintenance completed,16-12-2025
RSK002257,SHP009939,20,171,2482,14-07-2025,Logistics,Wrong Delivery,Low,Supplier,1789,Resolved,Supplier production delay,Route optimized,26-07-2025
RSK002258,SHP008742,13,66,622,25-06-2025,Supplier,Supplier Capacity Issue,High,Shipment,86781,Open,Customs clearance delay,Warehouse maintenance completed,
RSK002259,SHP010548,25,391,3259,24-07-2025,Inventory,Stockout,Low,Shipment,4103,Investigating,Poor demand forecasting,Route optimized,
RSK002260,SHP008094,3,309,4396,09-01-2025,Inventory,Overstock,Medium,Inventory,11500,Resolved,Supplier production delay,Assigned alternate supplier,20-01-2025
RSK002261,SHP003345,6,198,3724,20-08-2025,Warehouse,Fire Alarm,Medium,Shipment,21689,Resolved,Incorrect inventory records,Assigned alternate supplier,24-08-2025
RSK002262,SHP005341,1,353,4441,06-04-2025,Supplier,Supplier Capacity Issue,Low,Warehouse,4391,Resolved,Packaging quality issue,Emergency procurement completed,08-04-2025
RSK002263,SHP001591,21,233,3396,10-02-2025,Supplier,Late Delivery,Medium,Inventory,14946,Mitigated,Incorrect inventory records,Expedited shipment,13-02-2025
RSK002264,SHP013137,1,63,586,03-11-2025,Logistics,Route Blockage,Medium,Customer,22941,Resolved,Packaging quality issue,Increased safety stock,10-11-2025
RSK002265,SHP009466,7,431,3585,05-01-2025,Warehouse,Power Failure,Medium,Customer,24254,Mitigated,Incorrect inventory records,Expedited shipment,19-01-2025
RSK002266,SHP012347,12,15,3003,14-12-2025,Warehouse,Fire Alarm,High,Inventory,52812,Resolved,Vehicle mechanical failure,Insurance claim initiated,24-12-2025
RSK002267,SHP005581,9,482,3968,28-07-2025,Inventory,Overstock,High,Shipment,95145,Resolved,Heavy rainfall disrupted transport,Additional quality inspection,10-08-2025
RSK002268,SHP004211,16,147,825,04-04-2025,Inventory,Inventory Mismatch,Critical,Shipment,105694,Mitigated,Warehouse power outage,Emergency procurement completed,13-04-2025
RSK002269,SHP009932,1,461,1498,25-12-2025,Supplier,Late Delivery,Low,Warehouse,2815,Resolved,Heavy rainfall disrupted transport,Assigned alternate supplier,01-01-2026
RSK002270,SHP011104,10,494,601,17-05-2025,Inventory,Stockout,Critical,Customer,227867,Resolved,Poor demand forecasting,Additional quality inspection,20-05-2025
RSK002271,SHP001931,4,12,3393,08-10-2025,Logistics,Shipment Delay,Low,Supplier,4028,Mitigated,Heavy rainfall disrupted transport,Insurance claim initiated,10-10-2025
RSK002272,SHP013624,12,357,972,17-08-2025,Inventory,Overstock,Medium,Supplier,19084,Mitigated,Warehouse power outage,Insurance claim initiated,31-08-2025
RSK002273,SHP014816,23,351,611,08-04-2025,Supplier,Material Shortage,Medium,Warehouse,12088,Investigating,Supplier production delay,Route optimized,
RSK002274,SHP007730,5,78,3456,23-07-2025,Product Quality,Packaging Damage,Low,Supplier,2581,Open,Supplier production delay,Assigned alternate supplier,
RSK002275,SHP004931,12,264,3316,14-07-2025,Warehouse,Equipment Failure,Low,Inventory,2107,Resolved,Supplier production delay,Additional quality inspection,20-07-2025
RSK002276,SHP013953,25,328,441,17-02-2025,Financial,Cost Increase,Medium,Shipment,5923,Resolved,Customs clearance delay,Warehouse maintenance completed,23-02-2025
RSK002277,SHP012743,7,272,4558,25-03-2025,Inventory,Overstock,Medium,Supplier,8569,Mitigated,Warehouse power outage,Expedited shipment,04-04-2025
RSK002278,SHP004851,21,352,3294,16-01-2025,Product Quality,Damaged Goods,Low,Shipment,2554,Resolved,Poor demand forecasting,Emergency procurement completed,26-01-2025
RSK002279,SHP008798,12,207,4419,10-04-2025,Product Quality,Manufacturing Defect,Low,Customer,1749,Investigating,Incorrect inventory records,Increased safety stock,
RSK002280,SHP008922,11,146,506,03-06-2025,Supplier,Material Shortage,Low,Customer,2243,Investigating,Poor demand forecasting,Route optimized,
RSK002281,SHP010454,5,483,1097,06-09-2025,Supplier,Late Delivery,Low,Supplier,4398,Resolved,Supplier production delay,Additional quality inspection,18-09-2025
RSK002282,SHP013720,23,156,1588,12-04-2025,Logistics,Lost Shipment,High,Inventory,99608,Mitigated,Customs clearance delay,Insurance claim initiated,18-04-2025
RSK002283,SHP014468,8,309,1130,26-02-2025,Supplier,Late Delivery,Medium,Inventory,10999,Mitigated,Warehouse power outage,Insurance claim initiated,08-03-2025
RSK002284,SHP012311,20,48,3369,10-02-2025,Warehouse,Power Failure,High,Supplier,38088,Resolved,Vehicle mechanical failure,Insurance claim initiated,18-02-2025
RSK002285,SHP011374,14,239,4630,26-06-2025,Supplier,Supplier Capacity Issue,High,Customer,26511,Resolved,Warehouse power outage,Emergency procurement completed,07-07-2025
RSK002286,SHP005109,13,456,3524,22-04-2025,Inventory,Inventory Mismatch,High,Customer,73978,Open,Vehicle mechanical failure,Insurance claim initiated,
RSK002287,SHP007760,24,439,4028,28-05-2025,Warehouse,Fire Alarm,Low,Inventory,2725,Resolved,Customs clearance delay,Expedited shipment,02-06-2025
RSK002288,SHP008367,21,99,4810,10-03-2025,Product Quality,Manufacturing Defect,Low,Warehouse,2547,Resolved,Packaging quality issue,Warehouse maintenance completed,18-03-2025
RSK002289,SHP008179,3,296,1406,27-09-2025,Logistics,Shipment Delay,High,Shipment,63851,Resolved,Poor demand forecasting,Warehouse maintenance completed,28-09-2025
RSK002290,SHP005990,13,183,3358,18-06-2025,Supplier,Late Delivery,Low,Supplier,1783,Resolved,Vehicle mechanical failure,Emergency procurement completed,21-06-2025
RSK002291,SHP006259,3,431,4540,11-11-2025,Logistics,Route Blockage,High,Supplier,48736,Resolved,Supplier production delay,Additional quality inspection,20-11-2025
RSK002292,SHP012002,12,74,3344,13-08-2025,Logistics,Route Blockage,Low,Warehouse,943,Resolved,Heavy rainfall disrupted transport,Warehouse maintenance completed,20-08-2025
RSK002293,SHP006278,18,99,2353,09-06-2025,Supplier,Material Shortage,Low,Shipment,3820,Resolved,Supplier production delay,Additional quality inspection,13-06-2025
RSK002294,SHP014994,3,169,211,23-06-2025,Warehouse,Power Failure,Medium,Supplier,16071,Open,Packaging quality issue,Assigned alternate supplier,
RSK002295,SHP006398,4,380,4346,19-04-2025,Inventory,Inventory Mismatch,Low,Shipment,1027,Resolved,Customs clearance delay,Insurance claim initiated,28-04-2025
RSK002296,SHP003984,11,94,4210,02-05-2025,Logistics,Shipment Delay,High,Customer,55050,Mitigated,Incorrect inventory records,Route optimized,13-05-2025
RSK002297,SHP006945,11,370,3365,01-09-2025,Logistics,Shipment Delay,Low,Supplier,4995,Resolved,Warehouse power outage,Route optimized,12-09-2025
RSK002298,SHP010708,14,140,2561,19-05-2025,Logistics,Wrong Delivery,Low,Shipment,1588,Resolved,Warehouse power outage,Insurance claim initiated,26-05-2025
RSK002299,SHP012300,10,226,895,21-11-2025,Warehouse,Storage Capacity Full,Low,Shipment,672,Resolved,Packaging quality issue,Warehouse maintenance completed,24-11-2025
RSK002300,SHP010391,6,345,4233,19-02-2025,Transportation,Fuel Shortage,Low,Shipment,2150,Resolved,Heavy rainfall disrupted transport,Additional quality inspection,03-03-2025
RSK002301,SHP009724,2,207,2520,17-08-2025,Inventory,Inventory Mismatch,Low,Inventory,745,Investigating,Warehouse power outage,Expedited shipment,
RSK002302,SHP014959,21,479,3356,07-10-2025,Logistics,Shipment Delay,Low,Inventory,4140,Open,Supplier production delay,Route optimized,
RSK002303,SHP007388,4,170,2635,07-05-2025,Logistics,Shipment Delay,Low,Shipment,3072,Mitigated,Incorrect inventory records,Expedited shipment,21-05-2025
RSK002304,SHP007130,22,88,2808,29-01-2025,Transportation,Vehicle Breakdown,Medium,Inventory,14877,Resolved,Warehouse power outage,Insurance claim initiated,07-02-2025
RSK002305,SHP006242,7,489,3094,17-09-2025,Inventory,Inventory Mismatch,Low,Shipment,2478,Investigating,Heavy rainfall disrupted transport,Expedited shipment,
RSK002306,SHP011119,4,318,1846,21-07-2025,Inventory,Inventory Mismatch,High,Inventory,48173,Resolved,Poor demand forecasting,Assigned alternate supplier,31-07-2025
RSK002307,SHP008927,1,83,3130,02-12-2025,Logistics,Wrong Delivery,High,Inventory,85981,Resolved,Supplier production delay,Warehouse maintenance completed,07-12-2025
RSK002308,SHP000397,6,229,365,06-07-2025,Supplier,Material Shortage,Low,Supplier,2927,Resolved,Vehicle mechanical failure,Expedited shipment,18-07-2025
RSK002309,SHP001980,4,455,3296,10-10-2025,Weather,Flood,Low,Supplier,993,Resolved,Customs clearance delay,Emergency procurement completed,16-10-2025
RSK002310,SHP006849,15,462,1880,08-04-2025,Warehouse,Equipment Failure,High,Shipment,61543,Mitigated,Heavy rainfall disrupted transport,Additional quality inspection,13-04-2025
RSK002311,SHP012181,23,74,1371,16-09-2025,Product Quality,Packaging Damage,Low,Shipment,3069,Resolved,Poor demand forecasting,Warehouse maintenance completed,30-09-2025
RSK002312,SHP010323,17,127,1187,28-05-2025,Product Quality,Packaging Damage,Low,Shipment,4604,Resolved,Packaging quality issue,Expedited shipment,07-06-2025
RSK002313,SHP005270,14,130,3757,09-09-2025,Supplier,Supplier Capacity Issue,High,Inventory,54605,Mitigated,Vehicle mechanical failure,Route optimized,17-09-2025
RSK002314,SHP001329,12,125,3354,06-02-2025,Inventory,Inventory Mismatch,Low,Warehouse,4562,Investigating,Packaging quality issue,Expedited shipment,
RSK002315,SHP014463,21,362,2637,01-05-2025,Supplier,Late Delivery,Medium,Supplier,23242,Mitigated,Vehicle mechanical failure,Expedited shipment,12-05-2025
RSK002316,SHP004661,10,186,747,24-03-2025,Logistics,Wrong Delivery,Medium,Customer,22547,Resolved,Vehicle mechanical failure,Increased safety stock,06-04-2025
RSK002317,SHP007601,17,444,48,26-06-2025,Warehouse,Equipment Failure,Medium,Inventory,7063,Investigating,Warehouse power outage,Increased safety stock,
RSK002318,SHP002153,25,325,4769,24-07-2025,Weather,Flood,Medium,Customer,13593,Resolved,Supplier production delay,Warehouse maintenance completed,04-08-2025
RSK002319,SHP010031,12,21,2173,13-09-2025,Warehouse,Equipment Failure,Low,Inventory,2108,Investigating,Vehicle mechanical failure,Assigned alternate supplier,
RSK002320,SHP001696,20,168,2844,28-12-2025,Logistics,Wrong Delivery,Medium,Warehouse,14343,Investigating,Heavy rainfall disrupted transport,Insurance claim initiated,
RSK002321,SHP013991,25,253,2588,20-03-2025,Inventory,Inventory Mismatch,Medium,Supplier,18004,Resolved,Incorrect inventory records,Warehouse maintenance completed,21-03-2025
RSK002322,SHP013681,21,38,1188,14-09-2025,Supplier,Supplier Capacity Issue,High,Customer,72271,Investigating,Heavy rainfall disrupted transport,Expedited shipment,
RSK002323,SHP010201,2,364,3658,25-05-2025,Inventory,Inventory Mismatch,Low,Supplier,4274,Investigating,Customs clearance delay,Route optimized,
RSK002324,SHP002663,5,417,1697,28-12-2025,Product Quality,Packaging Damage,Medium,Customer,5054,Resolved,Vehicle mechanical failure,Warehouse maintenance completed,04-01-2026
RSK002325,SHP000590,6,181,1587,21-04-2025,Warehouse,Storage Capacity Full,Medium,Inventory,24244,Resolved,Packaging quality issue,Warehouse maintenance completed,27-04-2025
RSK002326,SHP014894,17,417,95,31-03-2025,Logistics,Wrong Delivery,Low,Inventory,2414,Investigating,Vehicle mechanical failure,Route optimized,
RSK002327,SHP002463,12,74,3747,07-04-2025,Logistics,Shipment Delay,Medium,Supplier,22738,Resolved,Poor demand forecasting,Increased safety stock,12-04-2025
RSK002328,SHP009527,22,299,2952,26-11-2025,Transportation,Vehicle Breakdown,Medium,Warehouse,16221,Investigating,Supplier production delay,Warehouse maintenance completed,
RSK002329,SHP004552,1,360,2488,28-08-2025,Logistics,Shipment Delay,High,Inventory,72391,Mitigated,Customs clearance delay,Assigned alternate supplier,06-09-2025
RSK002330,SHP009923,20,387,600,06-08-2025,Supplier,Supplier Capacity Issue,High,Supplier,63145,Investigating,Supplier production delay,Emergency procurement completed,
RSK002331,SHP008203,17,491,3005,24-01-2025,Product Quality,Packaging Damage,Low,Customer,3810,Investigating,Packaging quality issue,Warehouse maintenance completed,
RSK002332,SHP013457,12,454,2519,29-08-2025,Supplier,Material Shortage,Medium,Warehouse,11234,Open,Poor demand forecasting,Expedited shipment,
RSK002333,SHP007704,18,96,1502,16-03-2025,Logistics,Route Blockage,Low,Inventory,4395,Resolved,Incorrect inventory records,Additional quality inspection,29-03-2025
RSK002334,SHP010106,16,284,3669,16-11-2025,Warehouse,Storage Capacity Full,High,Customer,79825,Resolved,Incorrect inventory records,Assigned alternate supplier,23-11-2025
RSK002335,SHP008326,8,117,4215,15-12-2025,Logistics,Wrong Delivery,High,Customer,84746,Resolved,Heavy rainfall disrupted transport,Warehouse maintenance completed,16-12-2025
RSK002336,SHP012748,20,424,2602,12-02-2025,Transportation,Vehicle Breakdown,Medium,Inventory,11241,Mitigated,Customs clearance delay,Emergency procurement completed,16-02-2025
RSK002337,SHP009253,23,126,4872,16-06-2025,Inventory,Stockout,Medium,Warehouse,8708,Mitigated,Poor demand forecasting,Expedited shipment,27-06-2025
RSK002338,SHP000719,12,57,2402,20-06-2025,Inventory,Overstock,Low,Warehouse,1567,Resolved,Packaging quality issue,Increased safety stock,29-06-2025
RSK002339,SHP012358,1,183,4389,16-06-2025,Supplier,Supplier Capacity Issue,Low,Warehouse,2871,Resolved,Packaging quality issue,Assigned alternate supplier,23-06-2025
RSK002340,SHP014891,9,476,2882,26-06-2025,Warehouse,Equipment Failure,Low,Customer,1724,Resolved,Incorrect inventory records,Additional quality inspection,10-07-2025
RSK002341,SHP000205,6,134,250,18-01-2025,Logistics,Route Blockage,Low,Inventory,720,Resolved,Packaging quality issue,Route optimized,19-01-2025
RSK002342,SHP004040,19,337,4134,23-12-2025,Logistics,Wrong Delivery,Low,Warehouse,885,Resolved,Vehicle mechanical failure,Insurance claim initiated,01-01-2026
RSK002343,SHP006489,7,257,3745,17-09-2025,Logistics,Shipment Delay,High,Shipment,44490,Mitigated,Customs clearance delay,Assigned alternate supplier,20-09-2025
RSK002344,SHP009399,21,150,1776,20-12-2025,Product Quality,Packaging Damage,High,Customer,29977,Resolved,Incorrect inventory records,Expedited shipment,02-01-2026
RSK002345,SHP008240,9,440,1497,20-01-2025,Inventory,Inventory Mismatch,Medium,Supplier,20302,Open,Supplier production delay,Emergency procurement completed,
RSK002346,SHP007936,15,335,2162,11-06-2025,Logistics,Wrong Delivery,Low,Supplier,4020,Mitigated,Warehouse power outage,Increased safety stock,22-06-2025
RSK002347,SHP006806,9,358,2884,09-10-2025,Product Quality,Damaged Goods,Medium,Shipment,10372,Resolved,Vehicle mechanical failure,Warehouse maintenance completed,14-10-2025
RSK002348,SHP009825,5,342,3444,12-10-2025,Warehouse,Power Failure,Medium,Inventory,20166,Resolved,Vehicle mechanical failure,Emergency procurement completed,26-10-2025
RSK002349,SHP008984,21,428,2226,06-11-2025,Financial,Cost Increase,High,Shipment,45600,Investigating,Warehouse power outage,Additional quality inspection,
RSK002350,SHP012502,18,323,4420,04-07-2025,Product Quality,Manufacturing Defect,High,Customer,85264,Resolved,Vehicle mechanical failure,Warehouse maintenance completed,11-07-2025
RSK002351,SHP006405,2,394,1188,18-12-2025,Logistics,Wrong Delivery,Medium,Shipment,13921,Resolved,Heavy rainfall disrupted transport,Additional quality inspection,30-12-2025
RSK002352,SHP007618,21,401,4019,12-03-2025,Logistics,Route Blockage,High,Customer,67178,Resolved,Packaging quality issue,Additional quality inspection,22-03-2025
RSK002353,SHP002901,17,480,3486,14-05-2025,Logistics,Wrong Delivery,Medium,Shipment,22653,Mitigated,Heavy rainfall disrupted transport,Warehouse maintenance completed,17-05-2025
RSK002354,SHP013874,20,287,6,31-10-2025,Supplier,Supplier Capacity Issue,Medium,Inventory,6633,Resolved,Heavy rainfall disrupted transport,Increased safety stock,07-11-2025
RSK002355,SHP003254,16,273,2546,26-11-2025,Logistics,Route Blockage,Medium,Inventory,23844,Resolved,Vehicle mechanical failure,Warehouse maintenance completed,09-12-2025
RSK002356,SHP011666,2,104,3129,15-03-2025,Supplier,Supplier Capacity Issue,Low,Customer,2605,Mitigated,Customs clearance delay,Emergency procurement completed,23-03-2025
RSK002357,SHP007749,24,120,907,24-01-2025,Logistics,Lost Shipment,High,Inventory,33592,Resolved,Packaging quality issue,Warehouse maintenance completed,05-02-2025
RSK002358,SHP002188,5,60,1815,19-10-2025,Inventory,Stockout,Low,Supplier,1200,Mitigated,Supplier production delay,Increased safety stock,25-10-2025
RSK002359,SHP011285,4,216,950,25-12-2025,Warehouse,Equipment Failure,Low,Customer,1281,Resolved,Customs clearance delay,Expedited shipment,30-12-2025
RSK002360,SHP010492,11,107,1072,14-05-2025,Logistics,Shipment Delay,Medium,Inventory,21253,Open,Vehicle mechanical failure,Insurance claim initiated,
RSK002361,SHP012126,7,251,3650,03-09-2025,Inventory,Overstock,Low,Shipment,2476,Mitigated,Heavy rainfall disrupted transport,Additional quality inspection,04-09-2025
RSK002362,SHP001715,19,149,4998,31-10-2025,Logistics,Wrong Delivery,High,Supplier,25453,Resolved,Heavy rainfall disrupted transport,Increased safety stock,06-11-2025
RSK002363,SHP003453,13,348,3099,22-04-2025,Financial,Currency Fluctuation,High,Warehouse,68097,Investigating,Heavy rainfall disrupted transport,Insurance claim initiated,
RSK002364,SHP002848,7,150,4457,10-05-2025,Logistics,Wrong Delivery,High,Customer,60363,Open,Heavy rainfall disrupted transport,Assigned alternate supplier,
RSK002365,SHP011914,2,301,674,10-03-2025,Inventory,Stockout,Medium,Inventory,8322,Mitigated,Poor demand forecasting,Additional quality inspection,14-03-2025
RSK002366,SHP012812,22,196,2014,12-01-2025,Inventory,Overstock,Medium,Supplier,15942,Resolved,Warehouse power outage,Assigned alternate supplier,22-01-2025
RSK002367,SHP001142,6,364,3538,07-02-2025,Supplier,Supplier Capacity Issue,Medium,Inventory,16381,Resolved,Customs clearance delay,Insurance claim initiated,10-02-2025
RSK002368,SHP002201,24,242,2374,02-09-2025,Inventory,Stockout,Critical,Supplier,102465,Mitigated,Warehouse power outage,Warehouse maintenance completed,13-09-2025
RSK002369,SHP009248,2,389,4636,26-05-2025,Logistics,Shipment Delay,Medium,Inventory,19686,Mitigated,Poor demand forecasting,Expedited shipment,08-06-2025
RSK002370,SHP008369,4,455,4107,06-04-2025,Logistics,Lost Shipment,Critical,Shipment,179049,Resolved,Vehicle mechanical failure,Warehouse maintenance completed,08-04-2025
RSK002371,SHP011077,6,270,721,06-06-2025,Weather,Heavy Rain,Medium,Shipment,11283,Resolved,Vehicle mechanical failure,Insurance claim initiated,19-06-2025
RSK002372,SHP000835,13,352,2476,02-01-2025,Product Quality,Manufacturing Defect,Low,Shipment,2878,Resolved,Poor demand forecasting,Route optimized,13-01-2025
RSK002373,SHP011386,2,257,350,07-05-2025,Logistics,Lost Shipment,Medium,Customer,9645,Resolved,Customs clearance delay,Emergency procurement completed,17-05-2025
RSK002374,SHP005992,11,483,2162,03-06-2025,Product Quality,Manufacturing Defect,High,Customer,79929,Mitigated,Customs clearance delay,Increased safety stock,13-06-2025
RSK002375,SHP006583,25,124,3777,14-10-2025,Supplier,Material Shortage,Low,Warehouse,4163,Mitigated,Incorrect inventory records,Expedited shipment,17-10-2025
RSK002376,SHP000795,16,448,2943,29-12-2025,Supplier,Supplier Capacity Issue,Medium,Shipment,13531,Resolved,Heavy rainfall disrupted transport,Warehouse maintenance completed,05-01-2026
RSK002377,SHP004698,12,41,2316,20-01-2025,Supplier,Supplier Capacity Issue,High,Customer,90725,Resolved,Poor demand forecasting,Route optimized,03-02-2025
RSK002378,SHP000203,16,239,3350,29-05-2025,Product Quality,Damaged Goods,Low,Inventory,3175,Resolved,Incorrect inventory records,Additional quality inspection,31-05-2025
RSK002379,SHP010128,10,349,3164,03-09-2025,Inventory,Inventory Mismatch,High,Customer,26569,Mitigated,Packaging quality issue,Warehouse maintenance completed,08-09-2025
RSK002380,SHP000587,2,272,554,05-03-2025,Logistics,Lost Shipment,Low,Inventory,1123,Resolved,Packaging quality issue,Route optimized,16-03-2025
RSK002381,SHP013981,2,73,1342,26-08-2025,Logistics,Shipment Delay,Low,Warehouse,1653,Resolved,Heavy rainfall disrupted transport,Assigned alternate supplier,02-09-2025
RSK002382,SHP014251,1,239,1270,13-12-2025,Product Quality,Manufacturing Defect,Low,Customer,2787,Open,Heavy rainfall disrupted transport,Expedited shipment,
RSK002383,SHP003104,7,250,1280,04-07-2025,Inventory,Overstock,Low,Supplier,3623,Resolved,Warehouse power outage,Assigned alternate supplier,18-07-2025
RSK002384,SHP013368,24,223,3898,20-12-2025,Inventory,Overstock,Medium,Supplier,7296,Investigating,Packaging quality issue,Warehouse maintenance completed,
RSK002385,SHP003176,1,137,665,08-01-2025,Warehouse,Power Failure,Low,Inventory,3130,Resolved,Customs clearance delay,Increased safety stock,20-01-2025
RSK002386,SHP009552,9,194,4834,12-10-2025,Supplier,Supplier Capacity Issue,High,Supplier,90037,Resolved,Supplier production delay,Expedited shipment,15-10-2025
RSK002387,SHP012303,4,404,4950,19-10-2025,Supplier,Supplier Capacity Issue,High,Customer,97060,Resolved,Vehicle mechanical failure,Additional quality inspection,23-10-2025
RSK002388,SHP013625,22,181,3862,19-07-2025,Logistics,Wrong Delivery,Critical,Warehouse,292853,Mitigated,Poor demand forecasting,Emergency procurement completed,24-07-2025
RSK002389,SHP006008,12,424,2891,14-07-2025,Financial,Currency Fluctuation,Low,Customer,4228,Resolved,Vehicle mechanical failure,Route optimized,19-07-2025
RSK002390,SHP001457,4,238,979,19-06-2025,Logistics,Route Blockage,High,Customer,56166,Resolved,Supplier production delay,Expedited shipment,23-06-2025
RSK002391,SHP011778,25,402,3245,10-10-2025,Warehouse,Storage Capacity Full,Medium,Warehouse,19197,Resolved,Customs clearance delay,Expedited shipment,21-10-2025
RSK002392,SHP007491,2,98,301,18-04-2025,Transportation,Vehicle Breakdown,Medium,Inventory,14902,Mitigated,Customs clearance delay,Additional quality inspection,20-04-2025
RSK002393,SHP011667,10,457,1888,04-01-2025,Logistics,Shipment Delay,High,Warehouse,41726,Resolved,Heavy rainfall disrupted transport,Increased safety stock,16-01-2025
RSK002394,SHP005034,14,173,4462,06-02-2025,Financial,Cost Increase,Low,Warehouse,3990,Mitigated,Warehouse power outage,Warehouse maintenance completed,17-02-2025
RSK002395,SHP008408,1,259,4366,22-04-2025,Warehouse,Equipment Failure,Low,Customer,3793,Resolved,Warehouse power outage,Emergency procurement completed,23-04-2025
RSK002396,SHP012414,8,96,997,07-11-2025,Logistics,Wrong Delivery,Medium,Warehouse,7870,Mitigated,Warehouse power outage,Warehouse maintenance completed,21-11-2025
RSK002397,SHP012151,2,150,14,28-11-2025,Supplier,Supplier Capacity Issue,Low,Shipment,2433,Resolved,Vehicle mechanical failure,Route optimized,07-12-2025
RSK002398,SHP013689,25,407,1717,25-08-2025,Warehouse,Power Failure,Low,Customer,4533,Mitigated,Poor demand forecasting,Insurance claim initiated,08-09-2025
RSK002399,SHP010680,16,216,1008,28-05-2025,Logistics,Route Blockage,High,Customer,74805,Mitigated,Incorrect inventory records,Increased safety stock,30-05-2025
RSK002400,SHP010875,25,365,777,18-03-2025,Logistics,Wrong Delivery,High,Shipment,30816,Mitigated,Heavy rainfall disrupted transport,Route optimized,19-03-2025
RSK002401,SHP005287,9,31,877,28-12-2025,Transportation,Fuel Shortage,Critical,Warehouse,287256,Mitigated,Packaging quality issue,Emergency procurement completed,30-12-2025
RSK002402,SHP011587,11,46,4817,09-09-2025,Logistics,Lost Shipment,High,Shipment,49616,Resolved,Supplier production delay,Emergency procurement completed,21-09-2025
RSK002403,SHP008236,1,252,4251,07-11-2025,Weather,Cyclone,High,Shipment,68851,Mitigated,Heavy rainfall disrupted transport,Emergency procurement completed,15-11-2025
RSK002404,SHP001559,9,195,1849,18-08-2025,Logistics,Lost Shipment,Low,Customer,1516,Resolved,Heavy rainfall disrupted transport,Increased safety stock,31-08-2025
RSK002405,SHP001374,21,73,1573,06-05-2025,Logistics,Lost Shipment,High,Shipment,62788,Mitigated,Heavy rainfall disrupted transport,Warehouse maintenance completed,08-05-2025
RSK002406,SHP005649,16,11,4754,09-12-2025,Product Quality,Packaging Damage,Low,Customer,4642,Investigating,Supplier production delay,Increased safety stock,
RSK002407,SHP008257,9,62,408,14-07-2025,Inventory,Stockout,High,Supplier,91092,Resolved,Customs clearance delay,Insurance claim initiated,22-07-2025
RSK002408,SHP006402,5,433,1994,24-10-2025,Product Quality,Damaged Goods,High,Inventory,26644,Resolved,Warehouse power outage,Additional quality inspection,27-10-2025
RSK002409,SHP002975,1,350,507,20-11-2025,Logistics,Wrong Delivery,Low,Inventory,4393,Resolved,Heavy rainfall disrupted transport,Expedited shipment,21-11-2025
RSK002410,SHP001554,24,382,3437,14-08-2025,Supplier,Late Delivery,Medium,Supplier,13446,Mitigated,Packaging quality issue,Emergency procurement completed,18-08-2025
RSK002411,SHP006734,24,147,2523,12-02-2025,Weather,Heavy Rain,Low,Warehouse,2578,Investigating,Warehouse power outage,Warehouse maintenance completed,
RSK002412,SHP004288,12,75,4244,17-08-2025,Supplier,Material Shortage,High,Supplier,50943,Resolved,Poor demand forecasting,Insurance claim initiated,29-08-2025
RSK002413,SHP013638,23,270,3752,29-05-2025,Logistics,Lost Shipment,Critical,Shipment,417655,Resolved,Packaging quality issue,Warehouse maintenance completed,11-06-2025
RSK002414,SHP002111,13,101,2093,08-07-2025,Supplier,Late Delivery,High,Customer,95965,Mitigated,Poor demand forecasting,Insurance claim initiated,10-07-2025
RSK002415,SHP007925,16,376,4976,11-03-2025,Logistics,Lost Shipment,Low,Shipment,3534,Resolved,Warehouse power outage,Additional quality inspection,19-03-2025
RSK002416,SHP002660,4,480,3757,10-08-2025,Inventory,Stockout,High,Warehouse,71879,Resolved,Customs clearance delay,Route optimized,24-08-2025
RSK002417,SHP004996,24,319,2440,01-04-2025,Product Quality,Packaging Damage,Low,Supplier,863,Resolved,Packaging quality issue,Additional quality inspection,15-04-2025
RSK002418,SHP001919,3,172,1049,30-10-2025,Inventory,Stockout,Medium,Inventory,10007,Resolved,Packaging quality issue,Expedited shipment,03-11-2025
RSK002419,SHP000183,4,15,2669,22-11-2025,Supplier,Late Delivery,Critical,Warehouse,358800,Mitigated,Incorrect inventory records,Emergency procurement completed,29-11-2025
RSK002420,SHP008449,25,198,283,09-05-2025,Logistics,Lost Shipment,Low,Inventory,3386,Mitigated,Packaging quality issue,Assigned alternate supplier,17-05-2025
RSK002421,SHP010842,11,486,2456,20-05-2025,Inventory,Inventory Mismatch,High,Customer,32497,Open,Incorrect inventory records,Assigned alternate supplier,
RSK002422,SHP009422,9,179,4003,22-02-2025,Logistics,Shipment Delay,Low,Customer,2499,Mitigated,Vehicle mechanical failure,Additional quality inspection,08-03-2025
RSK002423,SHP003500,11,67,544,01-01-2025,Product Quality,Manufacturing Defect,Critical,Inventory,440004,Resolved,Heavy rainfall disrupted transport,Assigned alternate supplier,07-01-2025
RSK002424,SHP005536,1,25,3460,20-11-2025,Warehouse,Storage Capacity Full,High,Supplier,26855,Resolved,Heavy rainfall disrupted transport,Additional quality inspection,03-12-2025
RSK002425,SHP010505,3,253,3163,01-03-2025,Logistics,Route Blockage,Low,Warehouse,2918,Resolved,Customs clearance delay,Increased safety stock,13-03-2025
RSK002426,SHP002977,17,253,4078,20-05-2025,Inventory,Stockout,Medium,Supplier,11598,Resolved,Poor demand forecasting,Additional quality inspection,22-05-2025
RSK002427,SHP000371,22,195,2365,23-02-2025,Inventory,Inventory Mismatch,Medium,Customer,23199,Resolved,Packaging quality issue,Assigned alternate supplier,09-03-2025
RSK002428,SHP009494,6,31,2065,24-06-2025,Transportation,Vehicle Breakdown,High,Inventory,26447,Resolved,Heavy rainfall disrupted transport,Assigned alternate supplier,29-06-2025
RSK002429,SHP000960,19,258,2926,03-03-2025,Supplier,Material Shortage,Low,Customer,4342,Investigating,Supplier production delay,Additional quality inspection,
RSK002430,SHP007360,11,292,4421,21-04-2025,Warehouse,Storage Capacity Full,High,Customer,49848,Open,Supplier production delay,Increased safety stock,
RSK002431,SHP004487,14,95,3075,14-12-2025,Financial,Currency Fluctuation,Critical,Shipment,254749,Resolved,Vehicle mechanical failure,Route optimized,19-12-2025
RSK002432,SHP009022,7,493,2773,14-12-2025,Logistics,Shipment Delay,Medium,Warehouse,9641,Investigating,Heavy rainfall disrupted transport,Insurance claim initiated,
RSK002433,SHP013523,24,192,2731,27-10-2025,Product Quality,Manufacturing Defect,Medium,Warehouse,8264,Resolved,Incorrect inventory records,Increased safety stock,07-11-2025
RSK002434,SHP004033,23,55,4000,09-08-2025,Warehouse,Equipment Failure,Medium,Inventory,17927,Mitigated,Warehouse power outage,Warehouse maintenance completed,14-08-2025
RSK002435,SHP010263,14,38,559,01-06-2025,Logistics,Wrong Delivery,Low,Supplier,4674,Resolved,Customs clearance delay,Expedited shipment,08-06-2025
RSK002436,SHP005141,7,373,981,08-03-2025,Transportation,Traffic Congestion,Low,Customer,717,Mitigated,Incorrect inventory records,Increased safety stock,10-03-2025
RSK002437,SHP010326,21,390,747,20-05-2025,Warehouse,Fire Alarm,Critical,Warehouse,293803,Resolved,Incorrect inventory records,Assigned alternate supplier,03-06-2025
RSK002438,SHP003338,7,211,2353,19-04-2025,Weather,Flood,Critical,Shipment,343507,Resolved,Poor demand forecasting,Insurance claim initiated,20-04-2025
RSK002439,SHP001866,7,443,2036,26-05-2025,Supplier,Late Delivery,Low,Warehouse,2051,Mitigated,Heavy rainfall disrupted transport,Additional quality inspection,03-06-2025
RSK002440,SHP004941,6,120,2013,11-05-2025,Logistics,Lost Shipment,Medium,Supplier,17953,Resolved,Customs clearance delay,Expedited shipment,14-05-2025
RSK002441,SHP006558,14,183,4195,16-01-2025,Supplier,Late Delivery,Low,Customer,1870,Resolved,Packaging quality issue,Route optimized,19-01-2025
RSK002442,SHP011513,7,225,4501,04-09-2025,Transportation,Fuel Shortage,High,Customer,37428,Investigating,Packaging quality issue,Increased safety stock,
RSK002443,SHP011853,20,101,3903,07-04-2025,Product Quality,Manufacturing Defect,Low,Customer,2065,Resolved,Vehicle mechanical failure,Emergency procurement completed,11-04-2025
RSK002444,SHP003035,22,434,4897,09-12-2025,Product Quality,Damaged Goods,High,Inventory,57943,Resolved,Poor demand forecasting,Warehouse maintenance completed,13-12-2025
RSK002445,SHP010369,12,76,950,03-11-2025,Logistics,Route Blockage,Critical,Inventory,403074,Mitigated,Heavy rainfall disrupted transport,Expedited shipment,06-11-2025
RSK002446,SHP012350,18,152,1601,16-12-2025,Inventory,Overstock,Low,Warehouse,3869,Resolved,Incorrect inventory records,Additional quality inspection,26-12-2025
RSK002447,SHP002689,6,107,4864,11-07-2025,Product Quality,Damaged Goods,Medium,Shipment,24474,Mitigated,Vehicle mechanical failure,Insurance claim initiated,15-07-2025
RSK002448,SHP006692,3,149,759,11-04-2025,Warehouse,Fire Alarm,Low,Warehouse,4386,Resolved,Warehouse power outage,Expedited shipment,19-04-2025
RSK002449,SHP002131,10,348,4901,17-01-2025,Warehouse,Equipment Failure,High,Supplier,74417,Investigating,Incorrect inventory records,Additional quality inspection,
RSK002450,SHP006845,17,335,1215,21-06-2025,Weather,Heavy Rain,Low,Shipment,4622,Resolved,Vehicle mechanical failure,Insurance claim initiated,03-07-2025
RSK002451,SHP009762,11,181,1232,20-03-2025,Logistics,Lost Shipment,Medium,Customer,18615,Mitigated,Warehouse power outage,Assigned alternate supplier,24-03-2025
RSK002452,SHP012579,24,263,1469,25-11-2025,Transportation,Vehicle Breakdown,Low,Shipment,3637,Resolved,Packaging quality issue,Warehouse maintenance completed,08-12-2025
RSK002453,SHP002932,4,249,4149,05-06-2025,Warehouse,Power Failure,High,Inventory,71897,Investigating,Vehicle mechanical failure,Route optimized,
RSK002454,SHP006264,14,485,202,05-03-2025,Product Quality,Packaging Damage,Medium,Shipment,7514,Resolved,Customs clearance delay,Emergency procurement completed,17-03-2025
RSK002455,SHP000559,12,339,1162,19-03-2025,Product Quality,Packaging Damage,Medium,Shipment,21729,Resolved,Poor demand forecasting,Emergency procurement completed,23-03-2025
RSK002456,SHP013601,22,337,2663,17-01-2025,Warehouse,Fire Alarm,Low,Shipment,4465,Investigating,Supplier production delay,Route optimized,
RSK002457,SHP013197,23,458,1684,02-09-2025,Warehouse,Equipment Failure,Low,Supplier,4787,Investigating,Poor demand forecasting,Expedited shipment,
RSK002458,SHP010531,21,94,4849,20-10-2025,Logistics,Lost Shipment,Low,Supplier,1898,Mitigated,Heavy rainfall disrupted transport,Insurance claim initiated,01-11-2025
RSK002459,SHP004424,18,306,3366,01-11-2025,Warehouse,Fire Alarm,Low,Shipment,4701,Mitigated,Warehouse power outage,Insurance claim initiated,05-11-2025
RSK002460,SHP007082,17,385,2608,07-10-2025,Logistics,Shipment Delay,Low,Supplier,2844,Resolved,Warehouse power outage,Insurance claim initiated,19-10-2025
RSK002461,SHP012490,16,288,2490,21-07-2025,Product Quality,Damaged Goods,Medium,Shipment,14238,Resolved,Supplier production delay,Insurance claim initiated,04-08-2025
RSK002462,SHP003507,18,332,907,27-03-2025,Logistics,Lost Shipment,Medium,Shipment,6228,Resolved,Supplier production delay,Warehouse maintenance completed,04-04-2025
RSK002463,SHP014163,2,121,3091,17-01-2025,Financial,Cost Increase,Low,Inventory,2229,Resolved,Supplier production delay,Emergency procurement completed,29-01-2025
RSK002464,SHP011993,13,216,349,12-12-2025,Supplier,Supplier Capacity Issue,High,Inventory,63532,Resolved,Packaging quality issue,Additional quality inspection,14-12-2025
RSK002465,SHP008941,13,376,169,26-08-2025,Inventory,Inventory Mismatch,Medium,Shipment,22582,Open,Vehicle mechanical failure,Additional quality inspection,
RSK002466,SHP003407,25,113,658,04-07-2025,Inventory,Stockout,Medium,Inventory,14149,Resolved,Packaging quality issue,Route optimized,11-07-2025
RSK002467,SHP008572,4,451,3204,30-05-2025,Warehouse,Equipment Failure,Medium,Shipment,15130,Resolved,Supplier production delay,Warehouse maintenance completed,31-05-2025
RSK002468,SHP011932,15,141,2168,16-08-2025,Inventory,Stockout,Low,Shipment,2092,Resolved,Poor demand forecasting,Assigned alternate supplier,21-08-2025
RSK002469,SHP008626,18,426,3091,05-07-2025,Supplier,Supplier Capacity Issue,High,Supplier,50279,Mitigated,Incorrect inventory records,Emergency procurement completed,14-07-2025
RSK002470,SHP010960,4,452,81,08-09-2025,Inventory,Overstock,Medium,Supplier,18321,Resolved,Supplier production delay,Assigned alternate supplier,15-09-2025
RSK002471,SHP006229,10,163,3065,19-08-2025,Inventory,Stockout,Low,Warehouse,1453,Resolved,Packaging quality issue,Insurance claim initiated,21-08-2025
RSK002472,SHP006377,24,5,1597,22-05-2025,Logistics,Wrong Delivery,Low,Supplier,4054,Resolved,Vehicle mechanical failure,Emergency procurement completed,01-06-2025
RSK002473,SHP001913,15,473,1518,29-10-2025,Weather,Cyclone,Medium,Supplier,5819,Open,Incorrect inventory records,Insurance claim initiated,
RSK002474,SHP014598,23,160,3713,25-10-2025,Inventory,Overstock,High,Supplier,84021,Investigating,Poor demand forecasting,Expedited shipment,
RSK002475,SHP010218,21,197,4196,13-11-2025,Inventory,Stockout,Medium,Supplier,19562,Mitigated,Customs clearance delay,Warehouse maintenance completed,16-11-2025
RSK002476,SHP000949,23,41,1686,02-06-2025,Inventory,Stockout,High,Shipment,91650,Open,Heavy rainfall disrupted transport,Expedited shipment,
RSK002477,SHP003039,4,131,3366,24-08-2025,Logistics,Wrong Delivery,Low,Warehouse,1775,Resolved,Incorrect inventory records,Insurance claim initiated,02-09-2025
RSK002478,SHP000869,1,73,3434,02-07-2025,Product Quality,Damaged Goods,Low,Shipment,1386,Resolved,Heavy rainfall disrupted transport,Additional quality inspection,03-07-2025
RSK002479,SHP012851,2,128,676,02-05-2025,Product Quality,Packaging Damage,Low,Supplier,4469,Resolved,Vehicle mechanical failure,Insurance claim initiated,10-05-2025
RSK002480,SHP005795,8,238,484,12-01-2025,Inventory,Stockout,Medium,Warehouse,17187,Resolved,Supplier production delay,Emergency procurement completed,19-01-2025
RSK002481,SHP014767,12,60,202,04-03-2025,Logistics,Wrong Delivery,Medium,Customer,8581,Resolved,Supplier production delay,Insurance claim initiated,08-03-2025
RSK002482,SHP010776,9,170,330,20-01-2025,Warehouse,Storage Capacity Full,Medium,Customer,20002,Resolved,Packaging quality issue,Additional quality inspection,28-01-2025
RSK002483,SHP004053,24,495,4061,25-07-2025,Logistics,Wrong Delivery,Low,Supplier,666,Resolved,Incorrect inventory records,Assigned alternate supplier,07-08-2025
RSK002484,SHP004245,20,481,3226,30-07-2025,Inventory,Stockout,Low,Customer,3689,Investigating,Poor demand forecasting,Increased safety stock,
RSK002485,SHP001839,7,116,74,27-11-2025,Warehouse,Fire Alarm,Low,Shipment,1321,Resolved,Incorrect inventory records,Route optimized,02-12-2025
RSK002486,SHP014813,6,478,2958,09-02-2025,Inventory,Overstock,Medium,Shipment,9705,Investigating,Packaging quality issue,Route optimized,
RSK002487,SHP014309,23,391,2455,31-08-2025,Supplier,Supplier Capacity Issue,Low,Warehouse,1863,Resolved,Incorrect inventory records,Assigned alternate supplier,02-09-2025
RSK002488,SHP014700,12,125,202,26-03-2025,Warehouse,Fire Alarm,Low,Supplier,3769,Investigating,Customs clearance delay,Expedited shipment,
RSK002489,SHP001157,21,360,2408,10-11-2025,Inventory,Overstock,High,Inventory,94922,Mitigated,Heavy rainfall disrupted transport,Emergency procurement completed,24-11-2025
RSK002490,SHP002624,11,75,3231,21-12-2025,Inventory,Stockout,Medium,Warehouse,11017,Open,Vehicle mechanical failure,Increased safety stock,
RSK002491,SHP000221,23,482,840,24-10-2025,Product Quality,Manufacturing Defect,Medium,Shipment,23972,Investigating,Packaging quality issue,Route optimized,
RSK002492,SHP001162,6,388,592,19-06-2025,Logistics,Wrong Delivery,Medium,Shipment,23302,Resolved,Poor demand forecasting,Additional quality inspection,28-06-2025
RSK002493,SHP006348,10,24,185,12-12-2025,Supplier,Material Shortage,Low,Supplier,3941,Resolved,Warehouse power outage,Additional quality inspection,23-12-2025
RSK002494,SHP011910,22,350,4858,19-01-2025,Warehouse,Equipment Failure,Medium,Supplier,5453,Resolved,Vehicle mechanical failure,Warehouse maintenance completed,23-01-2025
RSK002495,SHP006637,23,417,844,19-06-2025,Inventory,Stockout,High,Warehouse,97963,Mitigated,Incorrect inventory records,Assigned alternate supplier,03-07-2025
RSK002496,SHP005329,1,319,1822,25-06-2025,Inventory,Inventory Mismatch,High,Supplier,46442,Resolved,Incorrect inventory records,Emergency procurement completed,27-06-2025
RSK002497,SHP002683,9,247,3287,21-04-2025,Inventory,Overstock,Medium,Warehouse,6193,Investigating,Warehouse power outage,Route optimized,
RSK002498,SHP000031,4,135,548,19-06-2025,Supplier,Supplier Capacity Issue,Low,Supplier,4272,Investigating,Heavy rainfall disrupted transport,Increased safety stock,
RSK002499,SHP001066,6,164,792,15-06-2025,Transportation,Vehicle Breakdown,Low,Supplier,799,Resolved,Vehicle mechanical failure,Warehouse maintenance completed,23-06-2025
RSK002500,SHP000170,17,346,2633,16-09-2025,Warehouse,Fire Alarm,Medium,Inventory,15240,Mitigated,Incorrect inventory records,Insurance claim initiated,17-09-2025
RSK002501,SHP002472,22,290,1095,29-06-2025,Weather,Flood,High,Warehouse,74239,Mitigated,Packaging quality issue,Route optimized,09-07-2025
RSK002502,SHP002026,6,447,4943,03-09-2025,Warehouse,Fire Alarm,Low,Customer,851,Resolved,Vehicle mechanical failure,Warehouse maintenance completed,14-09-2025
RSK002503,SHP006650,11,440,3317,26-12-2025,Supplier,Late Delivery,Critical,Inventory,234277,Resolved,Heavy rainfall disrupted transport,Emergency procurement completed,03-01-2026
RSK002504,SHP014256,5,476,2245,06-04-2025,Supplier,Late Delivery,Low,Customer,2219,Mitigated,Heavy rainfall disrupted transport,Warehouse maintenance completed,16-04-2025
RSK002505,SHP005011,14,45,3908,04-08-2025,Inventory,Stockout,Low,Inventory,4153,Resolved,Heavy rainfall disrupted transport,Expedited shipment,17-08-2025
RSK002506,SHP007592,2,474,4936,02-11-2025,Supplier,Material Shortage,Low,Warehouse,4442,Resolved,Supplier production delay,Additional quality inspection,09-11-2025
RSK002507,SHP006353,7,122,1029,30-08-2025,Logistics,Shipment Delay,Low,Customer,1077,Resolved,Heavy rainfall disrupted transport,Expedited shipment,01-09-2025
RSK002508,SHP006907,12,136,158,18-09-2025,Inventory,Overstock,Low,Shipment,3536,Investigating,Poor demand forecasting,Additional quality inspection,
RSK002509,SHP005757,10,393,2935,27-07-2025,Logistics,Shipment Delay,Low,Shipment,1886,Mitigated,Incorrect inventory records,Expedited shipment,10-08-2025
RSK002510,SHP009114,17,198,1201,29-08-2025,Weather,Cyclone,Low,Inventory,3113,Investigating,Supplier production delay,Insurance claim initiated,
RSK002511,SHP005227,9,440,4648,14-10-2025,Financial,Currency Fluctuation,Medium,Supplier,15868,Resolved,Supplier production delay,Insurance claim initiated,21-10-2025
RSK002512,SHP001817,25,408,4353,17-12-2025,Logistics,Lost Shipment,Low,Warehouse,1753,Resolved,Heavy rainfall disrupted transport,Emergency procurement completed,21-12-2025
RSK002513,SHP008931,3,282,2157,10-10-2025,Logistics,Shipment Delay,Low,Customer,3739,Mitigated,Incorrect inventory records,Warehouse maintenance completed,18-10-2025
RSK002514,SHP013215,14,175,2890,16-07-2025,Logistics,Wrong Delivery,Low,Shipment,2825,Investigating,Supplier production delay,Emergency procurement completed,
RSK002515,SHP004640,12,289,639,13-07-2025,Product Quality,Manufacturing Defect,High,Shipment,54344,Resolved,Customs clearance delay,Emergency procurement completed,22-07-2025
RSK002516,SHP013063,7,154,4127,14-03-2025,Logistics,Shipment Delay,Medium,Shipment,10138,Resolved,Heavy rainfall disrupted transport,Insurance claim initiated,18-03-2025
RSK002517,SHP010482,23,172,692,28-03-2025,Inventory,Stockout,Low,Warehouse,4952,Resolved,Vehicle mechanical failure,Route optimized,11-04-2025
RSK002518,SHP012163,22,435,2113,24-11-2025,Warehouse,Fire Alarm,High,Shipment,48288,Resolved,Poor demand forecasting,Additional quality inspection,06-12-2025
RSK002519,SHP007982,15,136,3946,18-02-2025,Inventory,Overstock,Low,Customer,576,Resolved,Warehouse power outage,Emergency procurement completed,24-02-2025
RSK002520,SHP005141,18,251,432,05-12-2025,Warehouse,Equipment Failure,Low,Warehouse,4244,Resolved,Heavy rainfall disrupted transport,Additional quality inspection,06-12-2025
RSK002521,SHP014924,2,134,4611,28-06-2025,Financial,Cost Increase,Medium,Inventory,15080,Investigating,Incorrect inventory records,Additional quality inspection,
RSK002522,SHP006146,2,495,4998,09-05-2025,Warehouse,Equipment Failure,Medium,Customer,14739,Resolved,Customs clearance delay,Insurance claim initiated,16-05-2025
RSK002523,SHP013914,6,272,4852,18-01-2025,Logistics,Route Blockage,Low,Shipment,4503,Resolved,Incorrect inventory records,Expedited shipment,23-01-2025
RSK002524,SHP008045,12,186,4132,18-05-2025,Warehouse,Fire Alarm,High,Customer,42397,Resolved,Customs clearance delay,Additional quality inspection,24-05-2025
RSK002525,SHP003707,6,390,4779,28-03-2025,Warehouse,Equipment Failure,Medium,Inventory,23970,Investigating,Packaging quality issue,Expedited shipment,
RSK002526,SHP004801,8,252,2026,16-03-2025,Inventory,Stockout,Medium,Shipment,17354,Resolved,Heavy rainfall disrupted transport,Route optimized,23-03-2025
RSK002527,SHP004046,7,199,3867,24-11-2025,Logistics,Shipment Delay,Low,Warehouse,2787,Resolved,Supplier production delay,Increased safety stock,25-11-2025
RSK002528,SHP013905,11,59,2633,25-01-2025,Supplier,Late Delivery,Medium,Inventory,7340,Resolved,Poor demand forecasting,Assigned alternate supplier,02-02-2025
RSK002529,SHP011428,11,95,2441,11-11-2025,Warehouse,Equipment Failure,Low,Inventory,898,Investigating,Vehicle mechanical failure,Route optimized,
RSK002530,SHP014951,3,40,1767,24-03-2025,Logistics,Wrong Delivery,Low,Inventory,2957,Investigating,Packaging quality issue,Increased safety stock,
RSK002531,SHP008336,25,184,2894,07-05-2025,Warehouse,Storage Capacity Full,Low,Warehouse,1376,Mitigated,Supplier production delay,Warehouse maintenance completed,16-05-2025
RSK002532,SHP007620,21,431,3538,26-12-2025,Supplier,Material Shortage,High,Shipment,25867,Investigating,Packaging quality issue,Assigned alternate supplier,
RSK002533,SHP000369,9,391,3791,26-01-2025,Supplier,Material Shortage,Low,Inventory,1546,Mitigated,Heavy rainfall disrupted transport,Additional quality inspection,09-02-2025
RSK002534,SHP011166,4,342,3425,01-12-2025,Supplier,Late Delivery,Medium,Customer,18892,Resolved,Poor demand forecasting,Additional quality inspection,12-12-2025
RSK002535,SHP014085,6,22,3591,15-06-2025,Product Quality,Packaging Damage,Medium,Supplier,16931,Investigating,Warehouse power outage,Warehouse maintenance completed,
RSK002536,SHP003657,10,47,4191,24-11-2025,Product Quality,Packaging Damage,Critical,Customer,438883,Resolved,Warehouse power outage,Increased safety stock,30-11-2025
RSK002537,SHP002136,18,430,45,12-11-2025,Product Quality,Damaged Goods,Critical,Inventory,386375,Mitigated,Packaging quality issue,Insurance claim initiated,16-11-2025
RSK002538,SHP007001,18,76,4026,29-09-2025,Inventory,Overstock,Low,Warehouse,3215,Investigating,Warehouse power outage,Assigned alternate supplier,
RSK002539,SHP013855,25,387,328,22-10-2025,Logistics,Route Blockage,Low,Shipment,4102,Resolved,Warehouse power outage,Emergency procurement completed,05-11-2025
RSK002540,SHP012180,11,138,1982,16-08-2025,Product Quality,Manufacturing Defect,Low,Supplier,4596,Investigating,Vehicle mechanical failure,Additional quality inspection,
RSK002541,SHP010218,5,314,1415,26-01-2025,Logistics,Wrong Delivery,Low,Supplier,1755,Resolved,Poor demand forecasting,Warehouse maintenance completed,09-02-2025
RSK002542,SHP007836,6,294,749,03-11-2025,Supplier,Late Delivery,Medium,Shipment,10805,Mitigated,Heavy rainfall disrupted transport,Assigned alternate supplier,11-11-2025
RSK002543,SHP004319,16,384,2896,11-09-2025,Logistics,Wrong Delivery,Low,Inventory,686,Resolved,Packaging quality issue,Additional quality inspection,18-09-2025
RSK002544,SHP002332,24,245,4154,11-01-2025,Logistics,Route Blockage,Low,Inventory,996,Resolved,Heavy rainfall disrupted transport,Warehouse maintenance completed,22-01-2025
RSK002545,SHP007201,14,41,1996,28-07-2025,Inventory,Stockout,Low,Inventory,3175,Resolved,Supplier production delay,Emergency procurement completed,02-08-2025
RSK002546,SHP000371,11,81,3604,23-06-2025,Supplier,Material Shortage,High,Customer,63727,Mitigated,Poor demand forecasting,Insurance claim initiated,25-06-2025
RSK002547,SHP008566,12,97,3276,25-12-2025,Weather,Heavy Rain,Low,Inventory,992,Resolved,Incorrect inventory records,Increased safety stock,26-12-2025
RSK002548,SHP007238,4,163,287,14-07-2025,Logistics,Wrong Delivery,Medium,Supplier,10931,Resolved,Incorrect inventory records,Expedited shipment,15-07-2025
RSK002549,SHP005906,13,259,4944,04-03-2025,Warehouse,Storage Capacity Full,Low,Shipment,2920,Resolved,Customs clearance delay,Emergency procurement completed,09-03-2025
RSK002550,SHP008930,9,378,942,21-12-2025,Logistics,Lost Shipment,Medium,Customer,7343,Resolved,Supplier production delay,Increased safety stock,30-12-2025
RSK002551,SHP004260,10,411,27,13-09-2025,Logistics,Wrong Delivery,High,Warehouse,81321,Resolved,Packaging quality issue,Route optimized,18-09-2025
RSK002552,SHP014548,20,412,1419,08-06-2025,Logistics,Route Blockage,Medium,Warehouse,10598,Resolved,Supplier production delay,Assigned alternate supplier,14-06-2025
RSK002553,SHP003563,25,58,3272,11-12-2025,Inventory,Stockout,Medium,Warehouse,11545,Investigating,Poor demand forecasting,Assigned alternate supplier,
RSK002554,SHP011058,7,224,4517,15-11-2025,Inventory,Inventory Mismatch,High,Inventory,51249,Investigating,Heavy rainfall disrupted transport,Assigned alternate supplier,
RSK002555,SHP001917,10,270,3210,14-06-2025,Inventory,Inventory Mismatch,Medium,Warehouse,24359,Investigating,Supplier production delay,Additional quality inspection,
RSK002556,SHP009907,16,408,1262,30-03-2025,Weather,Heavy Rain,Low,Warehouse,4408,Resolved,Vehicle mechanical failure,Additional quality inspection,03-04-2025
RSK002557,SHP010229,23,329,1081,11-08-2025,Logistics,Route Blockage,High,Inventory,91054,Mitigated,Incorrect inventory records,Emergency procurement completed,14-08-2025
RSK002558,SHP011984,19,362,2450,26-03-2025,Warehouse,Storage Capacity Full,Medium,Warehouse,16910,Resolved,Vehicle mechanical failure,Additional quality inspection,04-04-2025
RSK002559,SHP005676,5,297,2099,13-05-2025,Inventory,Overstock,High,Shipment,92591,Resolved,Poor demand forecasting,Assigned alternate supplier,15-05-2025
RSK002560,SHP014589,13,280,3261,05-12-2025,Inventory,Stockout,High,Warehouse,44781,Resolved,Poor demand forecasting,Additional quality inspection,18-12-2025
RSK002561,SHP011933,5,432,4172,07-12-2025,Logistics,Lost Shipment,Critical,Customer,316367,Investigating,Packaging quality issue,Insurance claim initiated,
RSK002562,SHP008137,21,264,2439,07-03-2025,Inventory,Inventory Mismatch,Low,Warehouse,4632,Resolved,Poor demand forecasting,Route optimized,14-03-2025
RSK002563,SHP011093,19,222,4200,02-10-2025,Logistics,Route Blockage,High,Inventory,31074,Investigating,Warehouse power outage,Additional quality inspection,
RSK002564,SHP009993,19,20,4347,03-04-2025,Warehouse,Storage Capacity Full,Low,Shipment,3994,Resolved,Supplier production delay,Route optimized,09-04-2025
RSK002565,SHP003567,13,340,4559,13-09-2025,Inventory,Inventory Mismatch,Low,Warehouse,1631,Resolved,Warehouse power outage,Insurance claim initiated,14-09-2025
RSK002566,SHP008542,17,350,3369,02-03-2025,Product Quality,Manufacturing Defect,Medium,Customer,19746,Resolved,Packaging quality issue,Route optimized,03-03-2025
RSK002567,SHP013064,22,441,3576,22-08-2025,Inventory,Inventory Mismatch,Low,Warehouse,2475,Investigating,Supplier production delay,Expedited shipment,
RSK002568,SHP014156,10,2,2126,16-01-2025,Logistics,Wrong Delivery,High,Inventory,93574,Open,Vehicle mechanical failure,Additional quality inspection,
RSK002569,SHP011861,8,164,3514,07-09-2025,Logistics,Shipment Delay,Medium,Supplier,18411,Resolved,Heavy rainfall disrupted transport,Route optimized,18-09-2025
RSK002570,SHP004354,3,178,2261,19-08-2025,Inventory,Inventory Mismatch,Low,Supplier,3206,Resolved,Vehicle mechanical failure,Expedited shipment,25-08-2025
RSK002571,SHP000578,16,248,875,16-10-2025,Logistics,Wrong Delivery,Low,Warehouse,4403,Resolved,Warehouse power outage,Assigned alternate supplier,19-10-2025
RSK002572,SHP012908,16,23,308,11-05-2025,Inventory,Inventory Mismatch,Medium,Warehouse,8784,Resolved,Vehicle mechanical failure,Increased safety stock,20-05-2025
RSK002573,SHP009207,4,48,2759,12-03-2025,Transportation,Vehicle Breakdown,Low,Customer,4661,Investigating,Heavy rainfall disrupted transport,Expedited shipment,
RSK002574,SHP002256,22,359,3026,22-04-2025,Transportation,Fuel Shortage,High,Shipment,75992,Mitigated,Incorrect inventory records,Additional quality inspection,24-04-2025
RSK002575,SHP002110,22,250,4607,29-09-2025,Product Quality,Packaging Damage,High,Warehouse,79252,Open,Packaging quality issue,Assigned alternate supplier,
RSK002576,SHP011808,8,382,1432,25-07-2025,Supplier,Late Delivery,Low,Customer,777,Investigating,Supplier production delay,Warehouse maintenance completed,
RSK002577,SHP000280,15,148,387,19-04-2025,Logistics,Shipment Delay,Medium,Warehouse,20088,Investigating,Vehicle mechanical failure,Warehouse maintenance completed,
RSK002578,SHP013267,20,468,416,09-11-2025,Inventory,Stockout,Medium,Customer,5242,Resolved,Poor demand forecasting,Additional quality inspection,12-11-2025
RSK002579,SHP006881,1,493,4083,05-05-2025,Warehouse,Power Failure,Medium,Warehouse,11266,Resolved,Incorrect inventory records,Assigned alternate supplier,14-05-2025
RSK002580,SHP001988,16,37,1112,09-04-2025,Warehouse,Power Failure,High,Customer,68749,Resolved,Vehicle mechanical failure,Additional quality inspection,18-04-2025
RSK002581,SHP002637,12,134,1410,12-10-2025,Logistics,Route Blockage,Low,Warehouse,2006,Resolved,Heavy rainfall disrupted transport,Emergency procurement completed,19-10-2025
RSK002582,SHP007566,1,478,1926,16-07-2025,Logistics,Shipment Delay,Low,Shipment,1075,Resolved,Warehouse power outage,Assigned alternate supplier,30-07-2025
RSK002583,SHP008066,2,452,1841,27-07-2025,Supplier,Material Shortage,Medium,Inventory,10558,Resolved,Packaging quality issue,Expedited shipment,03-08-2025
RSK002584,SHP001222,18,319,1324,24-12-2025,Product Quality,Packaging Damage,Low,Supplier,2710,Resolved,Customs clearance delay,Emergency procurement completed,01-01-2026
RSK002585,SHP011933,25,353,4632,12-11-2025,Product Quality,Damaged Goods,Low,Warehouse,2890,Resolved,Supplier production delay,Emergency procurement completed,17-11-2025
RSK002586,SHP001826,5,352,4138,01-10-2025,Warehouse,Storage Capacity Full,Low,Warehouse,926,Resolved,Poor demand forecasting,Emergency procurement completed,02-10-2025
RSK002587,SHP003891,14,219,2823,05-04-2025,Warehouse,Storage Capacity Full,Medium,Warehouse,20550,Mitigated,Packaging quality issue,Warehouse maintenance completed,08-04-2025
RSK002588,SHP004036,19,60,1844,04-12-2025,Financial,Currency Fluctuation,Medium,Shipment,21799,Investigating,Supplier production delay,Increased safety stock,
RSK002589,SHP003076,22,47,2360,12-07-2025,Logistics,Route Blockage,Critical,Inventory,178563,Resolved,Customs clearance delay,Assigned alternate supplier,14-07-2025
RSK002590,SHP012253,6,13,404,28-01-2025,Warehouse,Fire Alarm,High,Warehouse,46685,Resolved,Customs clearance delay,Insurance claim initiated,11-02-2025
RSK002591,SHP002730,2,388,3444,22-04-2025,Logistics,Route Blockage,Critical,Customer,182431,Resolved,Incorrect inventory records,Additional quality inspection,05-05-2025
RSK002592,SHP012263,24,480,3581,15-10-2025,Warehouse,Equipment Failure,Low,Warehouse,3474,Investigating,Vehicle mechanical failure,Warehouse maintenance completed,
RSK002593,SHP012579,19,456,1057,17-11-2025,Supplier,Material Shortage,Low,Warehouse,1592,Resolved,Poor demand forecasting,Insurance claim initiated,01-12-2025
RSK002594,SHP010676,14,293,4076,18-09-2025,Warehouse,Fire Alarm,High,Customer,53013,Mitigated,Customs clearance delay,Route optimized,27-09-2025
RSK002595,SHP009694,25,380,1423,26-04-2025,Inventory,Stockout,Low,Shipment,1622,Resolved,Vehicle mechanical failure,Emergency procurement completed,30-04-2025
RSK002596,SHP003137,9,464,4536,16-07-2025,Product Quality,Damaged Goods,Low,Shipment,1527,Resolved,Poor demand forecasting,Insurance claim initiated,25-07-2025
RSK002597,SHP008678,8,490,2610,06-04-2025,Logistics,Lost Shipment,Low,Supplier,2457,Resolved,Heavy rainfall disrupted transport,Warehouse maintenance completed,15-04-2025
RSK002598,SHP008572,15,300,3937,06-02-2025,Supplier,Supplier Capacity Issue,Medium,Supplier,20582,Resolved,Supplier production delay,Expedited shipment,12-02-2025
RSK002599,SHP007232,25,225,203,22-12-2025,Warehouse,Power Failure,High,Warehouse,36333,Investigating,Poor demand forecasting,Route optimized,
RSK002600,SHP000103,24,252,99,29-10-2025,Logistics,Shipment Delay,Low,Inventory,2422,Mitigated,Incorrect inventory records,Assigned alternate supplier,04-11-2025
RSK002601,SHP010088,3,104,3631,28-11-2025,Logistics,Lost Shipment,Low,Shipment,3836,Mitigated,Incorrect inventory records,Route optimized,05-12-2025
RSK002602,SHP012793,7,13,3552,16-05-2025,Supplier,Late Delivery,Medium,Shipment,12925,Resolved,Heavy rainfall disrupted transport,Increased safety stock,23-05-2025
RSK002603,SHP014904,16,3,3606,28-04-2025,Logistics,Lost Shipment,Medium,Customer,14153,Resolved,Customs clearance delay,Warehouse maintenance completed,04-05-2025
RSK002604,SHP011912,7,326,4912,11-10-2025,Weather,Flood,Low,Inventory,1045,Investigating,Customs clearance delay,Assigned alternate supplier,
RSK002605,SHP000632,10,452,1487,03-03-2025,Product Quality,Manufacturing Defect,Medium,Warehouse,11886,Investigating,Incorrect inventory records,Warehouse maintenance completed,
RSK002606,SHP005347,10,35,4592,02-10-2025,Transportation,Traffic Congestion,Medium,Warehouse,19487,Resolved,Heavy rainfall disrupted transport,Emergency procurement completed,08-10-2025
RSK002607,SHP010486,22,26,4695,29-05-2025,Inventory,Inventory Mismatch,Low,Inventory,1271,Mitigated,Heavy rainfall disrupted transport,Warehouse maintenance completed,12-06-2025
RSK002608,SHP003303,12,425,2943,03-02-2025,Warehouse,Power Failure,Low,Supplier,546,Investigating,Warehouse power outage,Expedited shipment,
RSK002609,SHP005897,24,431,4881,22-03-2025,Supplier,Supplier Capacity Issue,Low,Customer,3144,Resolved,Warehouse power outage,Route optimized,26-03-2025
RSK002610,SHP011394,17,6,3383,30-07-2025,Warehouse,Fire Alarm,High,Shipment,57578,Mitigated,Warehouse power outage,Assigned alternate supplier,02-08-2025
RSK002611,SHP005210,20,486,922,24-09-2025,Weather,Cyclone,Low,Warehouse,3116,Resolved,Vehicle mechanical failure,Assigned alternate supplier,30-09-2025
RSK002612,SHP011554,24,206,4497,29-07-2025,Warehouse,Power Failure,Medium,Customer,21518,Investigating,Warehouse power outage,Warehouse maintenance completed,
RSK002613,SHP010524,22,19,3899,12-12-2025,Inventory,Overstock,Low,Customer,3789,Resolved,Warehouse power outage,Warehouse maintenance completed,16-12-2025
RSK002614,SHP005222,1,238,4859,19-07-2025,Supplier,Supplier Capacity Issue,Low,Warehouse,1916,Investigating,Packaging quality issue,Additional quality inspection,
RSK002615,SHP003765,13,250,3349,12-01-2025,Inventory,Inventory Mismatch,Low,Inventory,985,Mitigated,Customs clearance delay,Additional quality inspection,21-01-2025
RSK002616,SHP013373,17,341,1656,05-07-2025,Inventory,Overstock,Low,Inventory,2002,Mitigated,Vehicle mechanical failure,Additional quality inspection,07-07-2025
RSK002617,SHP011301,9,226,4157,22-08-2025,Warehouse,Storage Capacity Full,High,Customer,74865,Resolved,Vehicle mechanical failure,Increased safety stock,30-08-2025
RSK002618,SHP013965,2,246,4116,19-03-2025,Inventory,Overstock,Medium,Inventory,16130,Resolved,Poor demand forecasting,Warehouse maintenance completed,28-03-2025
RSK002619,SHP004182,10,17,4870,08-10-2025,Logistics,Route Blockage,Low,Customer,1744,Investigating,Warehouse power outage,Insurance claim initiated,
RSK002620,SHP010945,2,279,1492,08-09-2025,Inventory,Overstock,High,Inventory,39192,Mitigated,Packaging quality issue,Increased safety stock,17-09-2025
RSK002621,SHP002953,22,343,383,06-10-2025,Inventory,Overstock,Low,Customer,2543,Open,Warehouse power outage,Assigned alternate supplier,
RSK002622,SHP009817,8,418,3289,24-07-2025,Logistics,Wrong Delivery,High,Shipment,64812,Resolved,Poor demand forecasting,Route optimized,26-07-2025
RSK002623,SHP011254,15,72,2295,08-08-2025,Inventory,Inventory Mismatch,Medium,Warehouse,15239,Mitigated,Heavy rainfall disrupted transport,Warehouse maintenance completed,11-08-2025
RSK002624,SHP012886,17,354,2201,24-10-2025,Warehouse,Fire Alarm,Low,Shipment,4065,Resolved,Heavy rainfall disrupted transport,Insurance claim initiated,06-11-2025
RSK002625,SHP009447,4,481,2961,24-10-2025,Supplier,Late Delivery,High,Supplier,59979,Resolved,Poor demand forecasting,Insurance claim initiated,03-11-2025
RSK002626,SHP008177,3,143,4096,04-09-2025,Weather,Heavy Rain,High,Customer,84897,Mitigated,Warehouse power outage,Insurance claim initiated,12-09-2025
RSK002627,SHP009479,15,265,1042,20-02-2025,Logistics,Wrong Delivery,Low,Shipment,784,Mitigated,Incorrect inventory records,Insurance claim initiated,21-02-2025
RSK002628,SHP005447,17,73,2855,26-05-2025,Logistics,Route Blockage,High,Shipment,58126,Resolved,Vehicle mechanical failure,Expedited shipment,01-06-2025
RSK002629,SHP005855,24,399,4352,26-08-2025,Warehouse,Power Failure,Medium,Supplier,6933,Investigating,Heavy rainfall disrupted transport,Expedited shipment,
RSK002630,SHP009155,23,322,1073,04-07-2025,Inventory,Inventory Mismatch,High,Warehouse,73517,Resolved,Warehouse power outage,Route optimized,16-07-2025
RSK002631,SHP008366,2,183,3887,15-05-2025,Inventory,Inventory Mismatch,Low,Customer,2827,Resolved,Packaging quality issue,Route optimized,21-05-2025
RSK002632,SHP014969,23,56,1064,23-02-2025,Warehouse,Power Failure,Critical,Inventory,122712,Resolved,Poor demand forecasting,Increased safety stock,26-02-2025
RSK002633,SHP011349,1,73,2003,24-07-2025,Transportation,Fuel Shortage,Medium,Supplier,5153,Mitigated,Warehouse power outage,Additional quality inspection,27-07-2025
RSK002634,SHP007367,2,359,4634,20-05-2025,Warehouse,Power Failure,Medium,Warehouse,18156,Resolved,Incorrect inventory records,Warehouse maintenance completed,24-05-2025
RSK002635,SHP001473,24,481,4386,09-10-2025,Financial,Cost Increase,Medium,Inventory,24258,Resolved,Incorrect inventory records,Assigned alternate supplier,12-10-2025
RSK002636,SHP005937,1,317,3155,13-07-2025,Supplier,Late Delivery,Medium,Warehouse,23521,Resolved,Poor demand forecasting,Emergency procurement completed,17-07-2025
RSK002637,SHP014141,6,422,696,14-11-2025,Logistics,Shipment Delay,Medium,Warehouse,21893,Mitigated,Poor demand forecasting,Increased safety stock,27-11-2025
RSK002638,SHP012947,24,441,4517,06-05-2025,Inventory,Inventory Mismatch,Medium,Warehouse,14021,Resolved,Warehouse power outage,Route optimized,16-05-2025
RSK002639,SHP003113,25,313,1462,12-11-2025,Inventory,Stockout,Low,Warehouse,2381,Investigating,Vehicle mechanical failure,Assigned alternate supplier,
RSK002640,SHP011250,1,330,2393,06-06-2025,Logistics,Lost Shipment,High,Customer,77841,Resolved,Customs clearance delay,Warehouse maintenance completed,14-06-2025
RSK002641,SHP006512,2,13,4040,16-10-2025,Logistics,Shipment Delay,High,Warehouse,78091,Resolved,Packaging quality issue,Additional quality inspection,23-10-2025
RSK002642,SHP006927,20,492,518,28-06-2025,Supplier,Supplier Capacity Issue,Low,Inventory,2261,Mitigated,Vehicle mechanical failure,Assigned alternate supplier,06-07-2025
RSK002643,SHP002072,20,441,2974,26-06-2025,Supplier,Late Delivery,Medium,Customer,23016,Mitigated,Packaging quality issue,Insurance claim initiated,03-07-2025
RSK002644,SHP009737,9,351,2112,04-10-2025,Transportation,Traffic Congestion,Low,Supplier,2288,Mitigated,Packaging quality issue,Emergency procurement completed,06-10-2025
RSK002645,SHP006306,10,97,617,30-06-2025,Inventory,Stockout,High,Supplier,46690,Resolved,Customs clearance delay,Insurance claim initiated,08-07-2025
RSK002646,SHP014691,9,312,4872,30-03-2025,Product Quality,Damaged Goods,Low,Customer,2184,Open,Warehouse power outage,Emergency procurement completed,
RSK002647,SHP008327,18,464,4741,22-06-2025,Supplier,Material Shortage,Medium,Supplier,9142,Investigating,Heavy rainfall disrupted transport,Warehouse maintenance completed,
RSK002648,SHP002810,4,367,3076,12-05-2025,Logistics,Wrong Delivery,High,Shipment,87010,Resolved,Heavy rainfall disrupted transport,Emergency procurement completed,19-05-2025
RSK002649,SHP012901,25,386,2146,10-09-2025,Inventory,Stockout,Low,Customer,708,Resolved,Incorrect inventory records,Expedited shipment,17-09-2025
RSK002650,SHP000624,9,189,3148,17-03-2025,Supplier,Supplier Capacity Issue,Medium,Customer,22105,Mitigated,Poor demand forecasting,Emergency procurement completed,28-03-2025
RSK002651,SHP007412,2,320,3230,22-08-2025,Inventory,Overstock,Medium,Warehouse,10135,Resolved,Heavy rainfall disrupted transport,Emergency procurement completed,01-09-2025
RSK002652,SHP002307,7,492,1214,24-03-2025,Logistics,Lost Shipment,Low,Warehouse,3008,Open,Incorrect inventory records,Emergency procurement completed,
RSK002653,SHP000779,14,207,2599,21-09-2025,Supplier,Material Shortage,Low,Shipment,3333,Resolved,Incorrect inventory records,Insurance claim initiated,25-09-2025
RSK002654,SHP001867,14,475,488,08-01-2025,Supplier,Late Delivery,Low,Supplier,3975,Resolved,Vehicle mechanical failure,Increased safety stock,16-01-2025
RSK002655,SHP012361,22,97,1472,02-11-2025,Logistics,Wrong Delivery,Medium,Warehouse,5270,Resolved,Incorrect inventory records,Warehouse maintenance completed,07-11-2025
RSK002656,SHP007567,19,420,4785,08-06-2025,Inventory,Stockout,Medium,Supplier,20799,Mitigated,Heavy rainfall disrupted transport,Increased safety stock,16-06-2025
RSK002657,SHP002664,7,496,1305,08-11-2025,Product Quality,Damaged Goods,High,Inventory,33270,Resolved,Heavy rainfall disrupted transport,Increased safety stock,16-11-2025
RSK002658,SHP014540,18,252,2297,14-04-2025,Warehouse,Fire Alarm,Low,Supplier,3201,Resolved,Incorrect inventory records,Insurance claim initiated,18-04-2025
RSK002659,SHP007576,20,299,1107,04-02-2025,Logistics,Wrong Delivery,Low,Supplier,2875,Resolved,Vehicle mechanical failure,Assigned alternate supplier,15-02-2025
RSK002660,SHP003323,18,288,607,28-10-2025,Supplier,Late Delivery,Low,Supplier,4363,Resolved,Heavy rainfall disrupted transport,Route optimized,06-11-2025
RSK002661,SHP009006,15,226,4781,14-11-2025,Product Quality,Packaging Damage,Low,Shipment,597,Resolved,Heavy rainfall disrupted transport,Route optimized,16-11-2025
RSK002662,SHP012901,22,19,4145,02-09-2025,Logistics,Route Blockage,Medium,Shipment,6292,Investigating,Supplier production delay,Assigned alternate supplier,
RSK002663,SHP001051,3,49,1997,11-06-2025,Weather,Flood,Low,Warehouse,1494,Mitigated,Vehicle mechanical failure,Increased safety stock,14-06-2025
RSK002664,SHP013382,1,238,4737,10-08-2025,Transportation,Vehicle Breakdown,Medium,Warehouse,23030,Resolved,Customs clearance delay,Route optimized,21-08-2025
RSK002665,SHP005654,25,3,746,01-01-2025,Supplier,Material Shortage,Medium,Supplier,17230,Resolved,Incorrect inventory records,Additional quality inspection,05-01-2025
RSK002666,SHP000225,24,292,782,08-11-2025,Supplier,Supplier Capacity Issue,Medium,Inventory,10260,Resolved,Heavy rainfall disrupted transport,Warehouse maintenance completed,11-11-2025
RSK002667,SHP001573,4,185,4135,26-08-2025,Product Quality,Damaged Goods,Medium,Shipment,22562,Resolved,Packaging quality issue,Insurance claim initiated,29-08-2025
RSK002668,SHP009867,5,493,4652,04-12-2025,Warehouse,Fire Alarm,Low,Supplier,2907,Mitigated,Incorrect inventory records,Warehouse maintenance completed,14-12-2025
RSK002669,SHP005631,14,85,972,02-12-2025,Product Quality,Manufacturing Defect,Low,Warehouse,4577,Resolved,Supplier production delay,Assigned alternate supplier,10-12-2025
RSK002670,SHP001728,8,355,3012,24-10-2025,Warehouse,Storage Capacity Full,Low,Supplier,3768,Open,Vehicle mechanical failure,Additional quality inspection,
RSK002671,SHP014979,21,8,3251,19-11-2025,Logistics,Wrong Delivery,Critical,Shipment,484355,Mitigated,Packaging quality issue,Route optimized,20-11-2025
RSK002672,SHP010763,21,145,965,14-11-2025,Logistics,Shipment Delay,Low,Inventory,3475,Open,Warehouse power outage,Additional quality inspection,
RSK002673,SHP010536,22,425,1698,24-07-2025,Product Quality,Manufacturing Defect,Medium,Inventory,19463,Resolved,Vehicle mechanical failure,Additional quality inspection,25-07-2025
RSK002674,SHP014886,6,148,2422,10-01-2025,Transportation,Traffic Congestion,Low,Shipment,3752,Mitigated,Warehouse power outage,Expedited shipment,22-01-2025
RSK002675,SHP003490,23,362,1887,27-10-2025,Supplier,Late Delivery,Low,Supplier,4406,Investigating,Packaging quality issue,Increased safety stock,
RSK002676,SHP009484,17,309,144,07-04-2025,Logistics,Shipment Delay,Low,Customer,2736,Mitigated,Customs clearance delay,Insurance claim initiated,11-04-2025
RSK002677,SHP014179,25,500,3404,21-07-2025,Supplier,Material Shortage,Low,Supplier,1688,Resolved,Supplier production delay,Route optimized,24-07-2025
RSK002678,SHP001962,20,495,4575,25-05-2025,Logistics,Lost Shipment,Low,Supplier,2675,Resolved,Customs clearance delay,Increased safety stock,06-06-2025
RSK002679,SHP008472,20,380,3838,05-06-2025,Weather,Heavy Rain,Low,Inventory,1912,Resolved,Vehicle mechanical failure,Expedited shipment,18-06-2025
RSK002680,SHP010720,8,131,3898,28-02-2025,Inventory,Inventory Mismatch,Medium,Shipment,19659,Resolved,Packaging quality issue,Assigned alternate supplier,10-03-2025
RSK002681,SHP000521,20,264,475,13-06-2025,Inventory,Stockout,Medium,Supplier,7158,Resolved,Supplier production delay,Increased safety stock,14-06-2025
RSK002682,SHP003046,6,285,2840,13-09-2025,Weather,Flood,Low,Supplier,2090,Resolved,Supplier production delay,Warehouse maintenance completed,15-09-2025
RSK002683,SHP014147,10,114,3817,11-06-2025,Product Quality,Manufacturing Defect,High,Supplier,66938,Open,Supplier production delay,Assigned alternate supplier,
RSK002684,SHP005843,7,177,3033,02-05-2025,Logistics,Lost Shipment,High,Warehouse,60911,Resolved,Warehouse power outage,Warehouse maintenance completed,09-05-2025
RSK002685,SHP013737,19,222,4027,04-03-2025,Warehouse,Equipment Failure,High,Warehouse,26979,Open,Supplier production delay,Route optimized,
RSK002686,SHP006045,15,392,1074,15-10-2025,Warehouse,Power Failure,Low,Supplier,2317,Open,Packaging quality issue,Insurance claim initiated,
RSK002687,SHP000390,21,22,3277,12-09-2025,Warehouse,Equipment Failure,Medium,Shipment,13883,Investigating,Supplier production delay,Assigned alternate supplier,
RSK002688,SHP011365,11,43,3035,09-05-2025,Logistics,Route Blockage,Low,Customer,664,Resolved,Vehicle mechanical failure,Expedited shipment,12-05-2025
RSK002689,SHP010028,5,201,613,15-10-2025,Warehouse,Equipment Failure,Medium,Supplier,7491,Investigating,Poor demand forecasting,Additional quality inspection,
RSK002690,SHP013197,2,25,1742,26-04-2025,Product Quality,Damaged Goods,Medium,Shipment,9002,Resolved,Warehouse power outage,Route optimized,01-05-2025
RSK002691,SHP010931,22,389,1182,04-11-2025,Logistics,Shipment Delay,Low,Customer,3958,Resolved,Heavy rainfall disrupted transport,Insurance claim initiated,15-11-2025
RSK002692,SHP007265,5,301,1858,08-04-2025,Product Quality,Manufacturing Defect,Low,Supplier,1113,Resolved,Vehicle mechanical failure,Warehouse maintenance completed,14-04-2025
RSK002693,SHP012365,20,90,3457,16-03-2025,Inventory,Inventory Mismatch,High,Warehouse,27581,Resolved,Customs clearance delay,Emergency procurement completed,29-03-2025
RSK002694,SHP013759,13,330,4622,19-07-2025,Warehouse,Fire Alarm,Medium,Shipment,22979,Resolved,Packaging quality issue,Increased safety stock,23-07-2025
RSK002695,SHP008734,24,310,3001,21-07-2025,Product Quality,Packaging Damage,Medium,Shipment,21160,Mitigated,Incorrect inventory records,Assigned alternate supplier,29-07-2025
RSK002696,SHP014421,14,314,2774,06-07-2025,Transportation,Traffic Congestion,High,Supplier,28923,Resolved,Heavy rainfall disrupted transport,Assigned alternate supplier,18-07-2025
RSK002697,SHP009638,25,458,2269,04-12-2025,Product Quality,Manufacturing Defect,Low,Customer,1655,Mitigated,Warehouse power outage,Increased safety stock,12-12-2025
RSK002698,SHP005443,13,389,3091,07-01-2025,Supplier,Material Shortage,Critical,Warehouse,417408,Resolved,Warehouse power outage,Warehouse maintenance completed,20-01-2025
RSK002699,SHP006233,6,479,3619,18-12-2025,Inventory,Overstock,Critical,Warehouse,295597,Resolved,Heavy rainfall disrupted transport,Expedited shipment,24-12-2025
RSK002700,SHP006629,10,392,376,03-09-2025,Inventory,Stockout,Medium,Supplier,7140,Resolved,Vehicle mechanical failure,Emergency procurement completed,09-09-2025
RSK002701,SHP001538,22,183,3879,02-04-2025,Weather,Cyclone,Low,Supplier,4191,Resolved,Incorrect inventory records,Additional quality inspection,10-04-2025
RSK002702,SHP008900,6,492,4076,20-04-2025,Supplier,Supplier Capacity Issue,High,Supplier,90609,Resolved,Poor demand forecasting,Insurance claim initiated,02-05-2025
RSK002703,SHP007187,19,44,1151,06-11-2025,Logistics,Lost Shipment,Low,Customer,2503,Resolved,Warehouse power outage,Assigned alternate supplier,19-11-2025
RSK002704,SHP003781,16,160,3431,08-11-2025,Logistics,Wrong Delivery,Medium,Warehouse,23050,Mitigated,Incorrect inventory records,Additional quality inspection,16-11-2025
RSK002705,SHP011892,7,105,4559,20-06-2025,Logistics,Shipment Delay,Low,Shipment,2644,Resolved,Supplier production delay,Emergency procurement completed,03-07-2025
RSK002706,SHP011996,24,261,4875,11-04-2025,Supplier,Supplier Capacity Issue,Low,Shipment,2203,Investigating,Customs clearance delay,Warehouse maintenance completed,
RSK002707,SHP011147,19,359,3256,07-11-2025,Inventory,Overstock,Low,Shipment,3924,Mitigated,Vehicle mechanical failure,Warehouse maintenance completed,20-11-2025
RSK002708,SHP012608,1,216,1780,13-05-2025,Logistics,Lost Shipment,Low,Warehouse,4712,Resolved,Poor demand forecasting,Expedited shipment,16-05-2025
RSK002709,SHP001118,16,2,2958,08-08-2025,Inventory,Overstock,Low,Shipment,4694,Investigating,Supplier production delay,Assigned alternate supplier,
RSK002710,SHP011983,3,240,4111,03-10-2025,Logistics,Lost Shipment,Medium,Warehouse,13184,Resolved,Packaging quality issue,Assigned alternate supplier,12-10-2025
RSK002711,SHP004886,18,386,4577,19-12-2025,Warehouse,Storage Capacity Full,Low,Supplier,3359,Resolved,Poor demand forecasting,Assigned alternate supplier,22-12-2025
RSK002712,SHP012226,13,488,1509,27-10-2025,Supplier,Late Delivery,Medium,Warehouse,24870,Resolved,Customs clearance delay,Additional quality inspection,30-10-2025
RSK002713,SHP013866,12,146,1059,01-06-2025,Logistics,Shipment Delay,Medium,Inventory,19151,Mitigated,Warehouse power outage,Route optimized,08-06-2025
RSK002714,SHP012660,19,270,545,06-10-2025,Transportation,Traffic Congestion,High,Warehouse,56425,Investigating,Heavy rainfall disrupted transport,Warehouse maintenance completed,
RSK002715,SHP012482,10,174,2528,16-08-2025,Logistics,Lost Shipment,Low,Customer,2242,Investigating,Packaging quality issue,Emergency procurement completed,
RSK002716,SHP013548,10,111,4433,30-11-2025,Warehouse,Fire Alarm,Low,Customer,2652,Resolved,Poor demand forecasting,Emergency procurement completed,01-12-2025
RSK002717,SHP005576,4,57,3709,09-10-2025,Supplier,Material Shortage,High,Customer,58091,Resolved,Poor demand forecasting,Emergency procurement completed,17-10-2025
RSK002718,SHP009008,11,500,1868,19-05-2025,Supplier,Supplier Capacity Issue,Low,Customer,4522,Investigating,Poor demand forecasting,Route optimized,
RSK002719,SHP009801,20,12,2573,16-06-2025,Logistics,Route Blockage,Medium,Supplier,16005,Resolved,Poor demand forecasting,Warehouse maintenance completed,30-06-2025
RSK002720,SHP004309,19,323,3098,15-05-2025,Inventory,Overstock,Medium,Inventory,10096,Resolved,Warehouse power outage,Additional quality inspection,25-05-2025
RSK002721,SHP002761,2,286,2112,07-05-2025,Inventory,Overstock,High,Inventory,70403,Resolved,Vehicle mechanical failure,Assigned alternate supplier,16-05-2025
RSK002722,SHP012264,11,234,347,13-07-2025,Inventory,Inventory Mismatch,Low,Supplier,3865,Mitigated,Supplier production delay,Route optimized,24-07-2025
RSK002723,SHP012686,25,111,4267,01-02-2025,Supplier,Material Shortage,Low,Warehouse,2456,Resolved,Supplier production delay,Insurance claim initiated,14-02-2025
RSK002724,SHP003174,6,180,2269,17-08-2025,Inventory,Inventory Mismatch,Medium,Inventory,7922,Resolved,Vehicle mechanical failure,Emergency procurement completed,29-08-2025
RSK002725,SHP014521,4,81,633,03-09-2025,Logistics,Shipment Delay,High,Warehouse,30049,Resolved,Packaging quality issue,Insurance claim initiated,11-09-2025
RSK002726,SHP004694,23,163,1157,16-08-2025,Product Quality,Damaged Goods,Low,Shipment,1493,Mitigated,Warehouse power outage,Warehouse maintenance completed,27-08-2025
RSK002727,SHP001439,12,325,2415,05-11-2025,Product Quality,Packaging Damage,Low,Shipment,2745,Resolved,Poor demand forecasting,Assigned alternate supplier,19-11-2025
RSK002728,SHP011701,15,205,1988,23-04-2025,Inventory,Stockout,Low,Warehouse,1184,Resolved,Incorrect inventory records,Warehouse maintenance completed,02-05-2025
RSK002729,SHP004503,23,476,2216,14-01-2025,Product Quality,Damaged Goods,Medium,Supplier,11524,Resolved,Warehouse power outage,Expedited shipment,15-01-2025
RSK002730,SHP013671,8,492,1455,26-10-2025,Logistics,Shipment Delay,Medium,Supplier,6072,Resolved,Incorrect inventory records,Expedited shipment,01-11-2025
RSK002731,SHP005405,20,1,2623,04-11-2025,Weather,Heavy Rain,Medium,Supplier,9424,Mitigated,Poor demand forecasting,Emergency procurement completed,17-11-2025
RSK002732,SHP010497,10,178,2976,22-11-2025,Supplier,Supplier Capacity Issue,Medium,Warehouse,5343,Mitigated,Packaging quality issue,Insurance claim initiated,29-11-2025
RSK002733,SHP000753,14,430,2093,13-07-2025,Warehouse,Storage Capacity Full,Medium,Supplier,15996,Investigating,Heavy rainfall disrupted transport,Additional quality inspection,
RSK002734,SHP005443,1,491,4475,21-10-2025,Inventory,Overstock,Medium,Supplier,6890,Mitigated,Heavy rainfall disrupted transport,Emergency procurement completed,30-10-2025
RSK002735,SHP005671,24,188,266,08-12-2025,Inventory,Overstock,Medium,Warehouse,9970,Resolved,Poor demand forecasting,Increased safety stock,22-12-2025
RSK002736,SHP002655,13,105,2114,22-11-2025,Logistics,Wrong Delivery,Medium,Customer,23801,Resolved,Warehouse power outage,Increased safety stock,25-11-2025
RSK002737,SHP006192,18,334,4969,22-07-2025,Logistics,Wrong Delivery,Low,Shipment,1123,Resolved,Supplier production delay,Emergency procurement completed,27-07-2025
RSK002738,SHP004634,15,50,3405,19-11-2025,Transportation,Fuel Shortage,High,Shipment,93182,Open,Vehicle mechanical failure,Expedited shipment,
RSK002739,SHP001991,1,344,154,13-06-2025,Logistics,Route Blockage,Medium,Shipment,23605,Mitigated,Packaging quality issue,Insurance claim initiated,17-06-2025
RSK002740,SHP008288,8,211,1317,17-05-2025,Inventory,Overstock,Medium,Shipment,15972,Resolved,Customs clearance delay,Insurance claim initiated,24-05-2025
RSK002741,SHP006603,15,374,3093,20-02-2025,Product Quality,Manufacturing Defect,Low,Customer,1628,Resolved,Poor demand forecasting,Assigned alternate supplier,23-02-2025
RSK002742,SHP006153,9,24,2508,10-10-2025,Product Quality,Packaging Damage,Low,Supplier,3277,Resolved,Supplier production delay,Warehouse maintenance completed,17-10-2025
RSK002743,SHP001702,4,216,3346,19-09-2025,Warehouse,Power Failure,Low,Shipment,3153,Resolved,Customs clearance delay,Additional quality inspection,21-09-2025
RSK002744,SHP003931,14,139,990,03-02-2025,Weather,Cyclone,Low,Shipment,4468,Resolved,Warehouse power outage,Increased safety stock,12-02-2025
RSK002745,SHP009502,3,347,2918,01-07-2025,Warehouse,Equipment Failure,Medium,Inventory,13104,Investigating,Heavy rainfall disrupted transport,Insurance claim initiated,
RSK002746,SHP013523,25,479,168,26-10-2025,Logistics,Lost Shipment,Low,Shipment,871,Open,Supplier production delay,Emergency procurement completed,
RSK002747,SHP008635,10,33,4398,15-11-2025,Supplier,Supplier Capacity Issue,Medium,Inventory,20323,Resolved,Warehouse power outage,Route optimized,21-11-2025
RSK002748,SHP012087,19,394,4864,07-02-2025,Financial,Cost Increase,Low,Customer,809,Mitigated,Heavy rainfall disrupted transport,Additional quality inspection,16-02-2025
RSK002749,SHP009778,14,334,1566,24-02-2025,Financial,Currency Fluctuation,Low,Customer,1977,Resolved,Heavy rainfall disrupted transport,Route optimized,09-03-2025
RSK002750,SHP010399,11,262,4486,09-03-2025,Supplier,Supplier Capacity Issue,Medium,Shipment,23275,Investigating,Poor demand forecasting,Warehouse maintenance completed,
RSK002751,SHP009586,12,127,795,27-09-2025,Logistics,Lost Shipment,Medium,Supplier,14272,Resolved,Poor demand forecasting,Route optimized,05-10-2025
RSK002752,SHP004366,15,387,1042,03-08-2025,Logistics,Shipment Delay,Low,Supplier,4591,Open,Supplier production delay,Increased safety stock,
RSK002753,SHP006178,4,179,4358,12-01-2025,Inventory,Inventory Mismatch,High,Inventory,63081,Resolved,Poor demand forecasting,Emergency procurement completed,22-01-2025
RSK002754,SHP014912,7,475,116,06-09-2025,Product Quality,Packaging Damage,Low,Supplier,3208,Resolved,Packaging quality issue,Emergency procurement completed,14-09-2025
RSK002755,SHP007139,1,485,1148,28-02-2025,Warehouse,Power Failure,Low,Shipment,3848,Resolved,Heavy rainfall disrupted transport,Route optimized,01-03-2025
RSK002756,SHP013952,21,76,843,11-10-2025,Product Quality,Damaged Goods,High,Supplier,87001,Resolved,Warehouse power outage,Increased safety stock,23-10-2025
RSK002757,SHP013797,5,372,4406,25-07-2025,Inventory,Overstock,Low,Inventory,3486,Resolved,Warehouse power outage,Emergency procurement completed,27-07-2025
RSK002758,SHP003444,12,426,1341,28-11-2025,Inventory,Overstock,Medium,Inventory,5295,Resolved,Incorrect inventory records,Assigned alternate supplier,02-12-2025
RSK002759,SHP002836,25,52,3967,26-05-2025,Logistics,Lost Shipment,Medium,Warehouse,21685,Mitigated,Poor demand forecasting,Assigned alternate supplier,27-05-2025
RSK002760,SHP001633,15,430,1282,29-08-2025,Logistics,Lost Shipment,Low,Supplier,2785,Resolved,Warehouse power outage,Insurance claim initiated,08-09-2025
RSK002761,SHP014020,16,304,4906,17-03-2025,Supplier,Late Delivery,Critical,Customer,320151,Mitigated,Packaging quality issue,Expedited shipment,27-03-2025
RSK002762,SHP007703,10,19,3731,02-02-2025,Inventory,Stockout,High,Customer,30713,Resolved,Packaging quality issue,Expedited shipment,08-02-2025
RSK002763,SHP013614,24,323,2450,14-03-2025,Inventory,Overstock,Low,Supplier,2821,Resolved,Poor demand forecasting,Assigned alternate supplier,28-03-2025
RSK002764,SHP013706,23,235,3261,07-06-2025,Inventory,Stockout,Medium,Inventory,23340,Investigating,Warehouse power outage,Emergency procurement completed,
RSK002765,SHP001747,7,104,913,03-05-2025,Logistics,Lost Shipment,Medium,Warehouse,12797,Resolved,Supplier production delay,Increased safety stock,11-05-2025
RSK002766,SHP004969,18,194,1532,14-04-2025,Inventory,Overstock,Low,Supplier,4736,Investigating,Incorrect inventory records,Route optimized,
RSK002767,SHP004675,15,115,4181,04-04-2025,Logistics,Lost Shipment,High,Supplier,39103,Resolved,Heavy rainfall disrupted transport,Route optimized,06-04-2025
RSK002768,SHP008810,23,312,4465,17-09-2025,Warehouse,Power Failure,Low,Shipment,4082,Resolved,Customs clearance delay,Route optimized,26-09-2025
RSK002769,SHP009833,12,480,4407,22-03-2025,Warehouse,Fire Alarm,Low,Supplier,1340,Resolved,Supplier production delay,Additional quality inspection,30-03-2025
RSK002770,SHP003152,6,211,1758,21-09-2025,Product Quality,Manufacturing Defect,High,Warehouse,26912,Mitigated,Vehicle mechanical failure,Assigned alternate supplier,04-10-2025
RSK002771,SHP012388,3,304,2000,08-02-2025,Logistics,Lost Shipment,Low,Customer,4540,Resolved,Poor demand forecasting,Increased safety stock,22-02-2025
RSK002772,SHP006438,21,433,3908,23-05-2025,Product Quality,Damaged Goods,Medium,Customer,11471,Resolved,Heavy rainfall disrupted transport,Insurance claim initiated,24-05-2025
RSK002773,SHP006643,12,11,891,20-11-2025,Warehouse,Power Failure,Low,Shipment,1424,Resolved,Packaging quality issue,Warehouse maintenance completed,24-11-2025
RSK002774,SHP014422,22,498,1075,01-08-2025,Logistics,Wrong Delivery,Low,Supplier,4993,Resolved,Vehicle mechanical failure,Additional quality inspection,03-08-2025
RSK002775,SHP001762,19,243,3981,01-02-2025,Logistics,Wrong Delivery,Low,Customer,500,Open,Packaging quality issue,Route optimized,
RSK002776,SHP013287,14,85,1680,16-03-2025,Supplier,Late Delivery,Medium,Inventory,6265,Resolved,Warehouse power outage,Expedited shipment,28-03-2025
RSK002777,SHP005940,23,204,3282,04-02-2025,Logistics,Lost Shipment,Critical,Supplier,359774,Resolved,Warehouse power outage,Increased safety stock,16-02-2025
RSK002778,SHP014387,19,392,851,07-05-2025,Warehouse,Fire Alarm,Medium,Inventory,17223,Resolved,Heavy rainfall disrupted transport,Additional quality inspection,15-05-2025
RSK002779,SHP009813,7,330,2199,06-06-2025,Inventory,Stockout,Medium,Supplier,13025,Resolved,Warehouse power outage,Additional quality inspection,11-06-2025
RSK002780,SHP007700,11,371,3757,20-07-2025,Logistics,Lost Shipment,Low,Shipment,2620,Resolved,Vehicle mechanical failure,Additional quality inspection,25-07-2025
RSK002781,SHP003609,18,489,4947,18-05-2025,Logistics,Shipment Delay,Medium,Inventory,5343,Resolved,Heavy rainfall disrupted transport,Warehouse maintenance completed,24-05-2025
RSK002782,SHP001696,17,62,1714,01-06-2025,Supplier,Supplier Capacity Issue,High,Customer,88247,Resolved,Vehicle mechanical failure,Emergency procurement completed,13-06-2025
RSK002783,SHP011045,19,132,1188,11-07-2025,Warehouse,Power Failure,Medium,Inventory,6433,Mitigated,Incorrect inventory records,Assigned alternate supplier,12-07-2025
RSK002784,SHP012660,7,389,847,06-01-2025,Logistics,Shipment Delay,Low,Inventory,1968,Resolved,Packaging quality issue,Route optimized,16-01-2025
RSK002785,SHP010231,19,200,4481,22-01-2025,Weather,Cyclone,Medium,Shipment,24079,Mitigated,Incorrect inventory records,Additional quality inspection,26-01-2025
RSK002786,SHP000191,13,428,3691,19-12-2025,Product Quality,Packaging Damage,Low,Customer,1661,Resolved,Warehouse power outage,Insurance claim initiated,23-12-2025
RSK002787,SHP001994,19,430,3703,06-01-2025,Supplier,Material Shortage,Medium,Supplier,14874,Mitigated,Customs clearance delay,Emergency procurement completed,14-01-2025
RSK002788,SHP001919,4,481,335,31-07-2025,Logistics,Lost Shipment,High,Customer,29418,Resolved,Packaging quality issue,Emergency procurement completed,09-08-2025
RSK002789,SHP014644,22,224,4097,20-01-2025,Inventory,Overstock,Medium,Supplier,19338,Mitigated,Incorrect inventory records,Additional quality inspection,28-01-2025
RSK002790,SHP010607,14,460,1455,21-02-2025,Inventory,Stockout,Medium,Supplier,5931,Resolved,Packaging quality issue,Route optimized,25-02-2025
RSK002791,SHP008410,16,143,4219,12-11-2025,Logistics,Route Blockage,Medium,Inventory,10562,Resolved,Vehicle mechanical failure,Expedited shipment,26-11-2025
RSK002792,SHP003696,5,6,1431,05-12-2025,Logistics,Shipment Delay,Low,Supplier,3654,Open,Warehouse power outage,Insurance claim initiated,
RSK002793,SHP000914,7,473,2108,29-08-2025,Inventory,Stockout,Medium,Warehouse,6557,Resolved,Warehouse power outage,Emergency procurement completed,03-09-2025
RSK002794,SHP000165,6,23,4049,16-04-2025,Supplier,Material Shortage,Low,Warehouse,4362,Investigating,Vehicle mechanical failure,Increased safety stock,
RSK002795,SHP007335,7,379,2141,13-11-2025,Inventory,Overstock,Critical,Supplier,298544,Investigating,Poor demand forecasting,Additional quality inspection,
RSK002796,SHP004981,11,217,3483,05-11-2025,Logistics,Lost Shipment,Low,Customer,1536,Mitigated,Heavy rainfall disrupted transport,Route optimized,17-11-2025
RSK002797,SHP014372,18,395,4388,02-10-2025,Logistics,Lost Shipment,Low,Inventory,1369,Resolved,Supplier production delay,Route optimized,09-10-2025
RSK002798,SHP001077,20,210,2689,09-06-2025,Inventory,Stockout,High,Shipment,62195,Mitigated,Supplier production delay,Additional quality inspection,20-06-2025
RSK002799,SHP000526,16,197,2440,15-02-2025,Product Quality,Packaging Damage,Low,Warehouse,2328,Mitigated,Vehicle mechanical failure,Insurance claim initiated,01-03-2025
RSK002800,SHP012885,21,172,3294,21-12-2025,Logistics,Shipment Delay,Medium,Supplier,12762,Resolved,Supplier production delay,Expedited shipment,22-12-2025
RSK002801,SHP012878,5,464,2785,02-07-2025,Logistics,Route Blockage,Low,Shipment,1294,Investigating,Warehouse power outage,Increased safety stock,
RSK002802,SHP007610,24,113,2311,26-12-2025,Logistics,Lost Shipment,Critical,Inventory,376872,Resolved,Heavy rainfall disrupted transport,Expedited shipment,27-12-2025
RSK002803,SHP006475,16,421,1698,08-08-2025,Supplier,Late Delivery,Low,Inventory,1448,Investigating,Poor demand forecasting,Insurance claim initiated,
RSK002804,SHP005867,11,287,1460,19-03-2025,Logistics,Wrong Delivery,Critical,Shipment,157672,Resolved,Vehicle mechanical failure,Increased safety stock,30-03-2025
RSK002805,SHP001914,10,240,4051,12-10-2025,Logistics,Shipment Delay,Low,Shipment,2380,Mitigated,Vehicle mechanical failure,Insurance claim initiated,18-10-2025
RSK002806,SHP000521,4,203,607,21-11-2025,Supplier,Material Shortage,Medium,Customer,13700,Resolved,Poor demand forecasting,Expedited shipment,24-11-2025
RSK002807,SHP008584,6,371,3178,20-05-2025,Supplier,Late Delivery,Medium,Inventory,12390,Resolved,Packaging quality issue,Insurance claim initiated,30-05-2025
RSK002808,SHP002304,2,335,2187,31-05-2025,Supplier,Late Delivery,Low,Warehouse,3549,Mitigated,Customs clearance delay,Route optimized,04-06-2025
RSK002809,SHP010464,14,374,3814,04-02-2025,Warehouse,Fire Alarm,Medium,Customer,19211,Resolved,Warehouse power outage,Additional quality inspection,13-02-2025
RSK002810,SHP014873,21,166,3019,12-04-2025,Supplier,Supplier Capacity Issue,Low,Shipment,1235,Mitigated,Heavy rainfall disrupted transport,Emergency procurement completed,16-04-2025
RSK002811,SHP002754,25,426,2461,23-03-2025,Logistics,Lost Shipment,Low,Customer,2041,Investigating,Supplier production delay,Assigned alternate supplier,
RSK002812,SHP013001,12,383,4172,23-12-2025,Inventory,Inventory Mismatch,Low,Shipment,4374,Open,Incorrect inventory records,Route optimized,
RSK002813,SHP010285,12,458,1954,25-04-2025,Inventory,Overstock,Low,Customer,3232,Mitigated,Poor demand forecasting,Route optimized,09-05-2025
RSK002814,SHP004783,5,124,2258,16-09-2025,Inventory,Overstock,Low,Supplier,1527,Mitigated,Incorrect inventory records,Emergency procurement completed,25-09-2025
RSK002815,SHP003837,6,131,156,23-11-2025,Supplier,Supplier Capacity Issue,Critical,Warehouse,420901,Resolved,Poor demand forecasting,Insurance claim initiated,25-11-2025
RSK002816,SHP009788,20,212,4626,19-11-2025,Product Quality,Damaged Goods,Low,Shipment,4024,Investigating,Vehicle mechanical failure,Expedited shipment,
RSK002817,SHP006215,25,444,2467,15-02-2025,Supplier,Late Delivery,High,Shipment,49053,Resolved,Vehicle mechanical failure,Emergency procurement completed,23-02-2025
RSK002818,SHP012058,17,50,2301,25-02-2025,Supplier,Material Shortage,Medium,Warehouse,17276,Mitigated,Customs clearance delay,Emergency procurement completed,28-02-2025
RSK002819,SHP007067,11,45,3909,22-10-2025,Logistics,Shipment Delay,Medium,Shipment,19046,Resolved,Incorrect inventory records,Warehouse maintenance completed,31-10-2025
RSK002820,SHP011960,18,45,3073,31-12-2025,Product Quality,Damaged Goods,Medium,Warehouse,8488,Resolved,Packaging quality issue,Assigned alternate supplier,12-01-2026
RSK002821,SHP013638,9,212,1329,23-10-2025,Supplier,Material Shortage,High,Customer,73017,Investigating,Supplier production delay,Expedited shipment,
RSK002822,SHP004522,6,12,1862,28-12-2025,Inventory,Stockout,Low,Warehouse,4130,Mitigated,Warehouse power outage,Additional quality inspection,09-01-2026
RSK002823,SHP004388,7,209,3462,26-04-2025,Warehouse,Power Failure,Low,Shipment,4358,Investigating,Poor demand forecasting,Assigned alternate supplier,
RSK002824,SHP003552,22,86,4463,28-03-2025,Supplier,Material Shortage,Medium,Shipment,24761,Investigating,Warehouse power outage,Route optimized,
RSK002825,SHP001799,14,242,3578,02-07-2025,Warehouse,Power Failure,Low,Warehouse,4865,Investigating,Poor demand forecasting,Assigned alternate supplier,
RSK002826,SHP009838,22,27,1447,02-05-2025,Product Quality,Damaged Goods,Low,Supplier,1438,Investigating,Heavy rainfall disrupted transport,Additional quality inspection,
RSK002827,SHP011807,7,7,4542,14-12-2025,Inventory,Stockout,Low,Customer,4749,Resolved,Customs clearance delay,Expedited shipment,28-12-2025
RSK002828,SHP004709,12,343,1117,13-04-2025,Inventory,Inventory Mismatch,Low,Warehouse,3744,Mitigated,Heavy rainfall disrupted transport,Expedited shipment,27-04-2025
RSK002829,SHP010193,14,2,3605,18-04-2025,Inventory,Inventory Mismatch,Medium,Customer,22160,Resolved,Incorrect inventory records,Increased safety stock,30-04-2025
RSK002830,SHP011719,20,225,3429,21-10-2025,Logistics,Shipment Delay,Medium,Warehouse,10781,Resolved,Customs clearance delay,Warehouse maintenance completed,25-10-2025
RSK002831,SHP010110,21,228,679,21-11-2025,Warehouse,Fire Alarm,Medium,Shipment,11266,Resolved,Heavy rainfall disrupted transport,Assigned alternate supplier,04-12-2025
RSK002832,SHP000670,22,186,4806,11-12-2025,Logistics,Shipment Delay,Low,Supplier,720,Resolved,Poor demand forecasting,Route optimized,22-12-2025
RSK002833,SHP012807,15,274,4885,13-10-2025,Warehouse,Fire Alarm,Low,Supplier,1260,Resolved,Vehicle mechanical failure,Warehouse maintenance completed,20-10-2025
RSK002834,SHP005981,19,86,3594,18-03-2025,Supplier,Late Delivery,Low,Warehouse,1259,Mitigated,Vehicle mechanical failure,Assigned alternate supplier,19-03-2025
RSK002835,SHP003574,4,461,1654,14-02-2025,Weather,Cyclone,Low,Inventory,3306,Open,Customs clearance delay,Increased safety stock,
RSK002836,SHP006888,4,41,807,10-03-2025,Logistics,Shipment Delay,Low,Inventory,3513,Mitigated,Customs clearance delay,Warehouse maintenance completed,12-03-2025
RSK002837,SHP011038,23,285,4970,20-06-2025,Transportation,Traffic Congestion,Low,Warehouse,3012,Resolved,Incorrect inventory records,Assigned alternate supplier,21-06-2025
RSK002838,SHP010994,7,477,844,10-01-2025,Transportation,Traffic Congestion,Medium,Customer,24003,Mitigated,Supplier production delay,Additional quality inspection,15-01-2025
RSK002839,SHP014834,11,146,4772,31-03-2025,Inventory,Stockout,Medium,Customer,12468,Resolved,Poor demand forecasting,Increased safety stock,09-04-2025
RSK002840,SHP000235,9,97,2638,07-03-2025,Supplier,Material Shortage,Low,Customer,3285,Resolved,Customs clearance delay,Additional quality inspection,10-03-2025
RSK002841,SHP004992,22,264,3125,03-04-2025,Inventory,Inventory Mismatch,Medium,Supplier,10755,Mitigated,Poor demand forecasting,Additional quality inspection,16-04-2025
RSK002842,SHP010124,22,236,2098,14-07-2025,Inventory,Stockout,High,Customer,89441,Resolved,Incorrect inventory records,Additional quality inspection,28-07-2025
RSK002843,SHP003189,6,180,2192,02-10-2025,Inventory,Inventory Mismatch,High,Customer,38462,Resolved,Supplier production delay,Increased safety stock,07-10-2025
RSK002844,SHP013168,23,458,4135,01-07-2025,Supplier,Supplier Capacity Issue,Medium,Warehouse,8487,Resolved,Vehicle mechanical failure,Emergency procurement completed,11-07-2025
RSK002845,SHP011374,3,240,4663,01-09-2025,Product Quality,Damaged Goods,High,Shipment,77599,Mitigated,Poor demand forecasting,Increased safety stock,04-09-2025
RSK002846,SHP002062,6,54,3014,22-10-2025,Warehouse,Storage Capacity Full,Medium,Warehouse,16138,Mitigated,Incorrect inventory records,Increased safety stock,29-10-2025
RSK002847,SHP009317,4,316,2391,01-10-2025,Inventory,Stockout,Low,Shipment,3588,Resolved,Heavy rainfall disrupted transport,Expedited shipment,12-10-2025
RSK002848,SHP008573,17,77,3103,25-06-2025,Logistics,Lost Shipment,Critical,Customer,444059,Resolved,Customs clearance delay,Route optimized,05-07-2025
RSK002849,SHP009286,3,189,1225,12-10-2025,Supplier,Supplier Capacity Issue,Medium,Warehouse,10438,Mitigated,Warehouse power outage,Warehouse maintenance completed,24-10-2025
RSK002850,SHP014201,22,271,3790,19-11-2025,Logistics,Route Blockage,Medium,Supplier,21466,Resolved,Customs clearance delay,Additional quality inspection,28-11-2025
RSK002851,SHP002023,17,74,1370,01-09-2025,Product Quality,Packaging Damage,High,Supplier,30441,Resolved,Customs clearance delay,Route optimized,12-09-2025
RSK002852,SHP000611,25,222,3218,24-10-2025,Supplier,Supplier Capacity Issue,Medium,Customer,23314,Mitigated,Supplier production delay,Route optimized,28-10-2025
RSK002853,SHP004346,1,3,1437,21-12-2025,Inventory,Stockout,Medium,Warehouse,7660,Mitigated,Supplier production delay,Warehouse maintenance completed,23-12-2025
RSK002854,SHP012148,18,7,191,24-12-2025,Logistics,Shipment Delay,Low,Customer,3301,Investigating,Vehicle mechanical failure,Additional quality inspection,
RSK002855,SHP012243,24,261,3825,17-05-2025,Logistics,Lost Shipment,Medium,Customer,9705,Investigating,Customs clearance delay,Emergency procurement completed,
RSK002856,SHP004058,13,346,873,27-03-2025,Supplier,Supplier Capacity Issue,Critical,Inventory,390648,Mitigated,Packaging quality issue,Increased safety stock,31-03-2025
RSK002857,SHP000444,5,369,1697,08-08-2025,Supplier,Supplier Capacity Issue,Low,Inventory,3751,Resolved,Customs clearance delay,Increased safety stock,22-08-2025
RSK002858,SHP001508,19,461,2392,28-04-2025,Logistics,Wrong Delivery,High,Supplier,84337,Mitigated,Packaging quality issue,Expedited shipment,04-05-2025
RSK002859,SHP005711,13,454,2939,25-09-2025,Warehouse,Power Failure,High,Inventory,54906,Investigating,Supplier production delay,Assigned alternate supplier,
RSK002860,SHP011227,7,370,2433,11-12-2025,Product Quality,Manufacturing Defect,Medium,Warehouse,20810,Mitigated,Packaging quality issue,Warehouse maintenance completed,12-12-2025
RSK002861,SHP011596,5,27,1341,01-06-2025,Supplier,Material Shortage,Critical,Inventory,429885,Mitigated,Warehouse power outage,Insurance claim initiated,06-06-2025
RSK002862,SHP004842,25,352,723,05-08-2025,Logistics,Lost Shipment,Low,Inventory,1986,Resolved,Customs clearance delay,Warehouse maintenance completed,16-08-2025
RSK002863,SHP009081,3,174,158,15-06-2025,Logistics,Wrong Delivery,Medium,Supplier,6362,Resolved,Vehicle mechanical failure,Assigned alternate supplier,29-06-2025
RSK002864,SHP014117,6,311,4531,16-07-2025,Weather,Cyclone,Medium,Supplier,21306,Open,Warehouse power outage,Additional quality inspection,
RSK002865,SHP006542,12,237,1758,08-05-2025,Logistics,Route Blockage,Low,Warehouse,4527,Mitigated,Warehouse power outage,Increased safety stock,21-05-2025
RSK002866,SHP009906,22,163,4353,07-10-2025,Supplier,Late Delivery,Medium,Inventory,16177,Resolved,Incorrect inventory records,Expedited shipment,15-10-2025
RSK002867,SHP007583,5,21,392,01-10-2025,Logistics,Route Blockage,Low,Inventory,3323,Investigating,Customs clearance delay,Route optimized,
RSK002868,SHP003067,3,364,824,09-09-2025,Logistics,Lost Shipment,High,Customer,51872,Mitigated,Poor demand forecasting,Expedited shipment,14-09-2025
RSK002869,SHP002770,20,143,278,24-02-2025,Logistics,Lost Shipment,Medium,Shipment,23462,Investigating,Incorrect inventory records,Emergency procurement completed,
RSK002870,SHP007959,17,115,4586,10-11-2025,Financial,Currency Fluctuation,Low,Customer,2419,Mitigated,Poor demand forecasting,Insurance claim initiated,23-11-2025
RSK002871,SHP001627,7,261,1612,23-11-2025,Logistics,Lost Shipment,High,Inventory,39014,Investigating,Packaging quality issue,Increased safety stock,
RSK002872,SHP011850,13,17,2523,16-11-2025,Inventory,Stockout,Medium,Customer,12083,Open,Vehicle mechanical failure,Increased safety stock,
RSK002873,SHP013724,16,442,1202,27-12-2025,Inventory,Stockout,Medium,Shipment,18669,Resolved,Vehicle mechanical failure,Additional quality inspection,02-01-2026
RSK002874,SHP013463,11,269,2997,15-01-2025,Logistics,Shipment Delay,Medium,Supplier,21767,Resolved,Poor demand forecasting,Insurance claim initiated,22-01-2025
RSK002875,SHP003596,6,387,4358,19-07-2025,Inventory,Overstock,Low,Customer,4541,Resolved,Warehouse power outage,Additional quality inspection,31-07-2025
RSK002876,SHP010337,6,53,1645,23-12-2025,Product Quality,Damaged Goods,Medium,Inventory,17587,Resolved,Customs clearance delay,Additional quality inspection,01-01-2026
RSK002877,SHP006707,14,319,3528,11-01-2025,Weather,Heavy Rain,Medium,Supplier,10384,Resolved,Packaging quality issue,Additional quality inspection,25-01-2025
RSK002878,SHP006467,2,115,4221,28-05-2025,Inventory,Overstock,Low,Supplier,631,Mitigated,Supplier production delay,Additional quality inspection,30-05-2025
RSK002879,SHP011561,11,239,891,17-06-2025,Logistics,Shipment Delay,Medium,Supplier,16344,Resolved,Heavy rainfall disrupted transport,Route optimized,27-06-2025
RSK002880,SHP009536,7,24,2870,02-11-2025,Inventory,Inventory Mismatch,High,Shipment,43749,Open,Incorrect inventory records,Expedited shipment,
RSK002881,SHP010980,1,483,2041,18-03-2025,Logistics,Shipment Delay,Medium,Customer,16843,Resolved,Poor demand forecasting,Assigned alternate supplier,29-03-2025
RSK002882,SHP011618,16,283,3205,17-02-2025,Inventory,Inventory Mismatch,Low,Warehouse,3867,Resolved,Vehicle mechanical failure,Emergency procurement completed,24-02-2025
RSK002883,SHP010699,21,208,4663,23-06-2025,Supplier,Material Shortage,Medium,Supplier,10328,Investigating,Packaging quality issue,Insurance claim initiated,
RSK002884,SHP005197,24,162,2583,18-06-2025,Warehouse,Equipment Failure,High,Inventory,53360,Resolved,Warehouse power outage,Route optimized,02-07-2025
RSK002885,SHP007045,9,477,3171,06-07-2025,Supplier,Supplier Capacity Issue,Low,Supplier,3816,Resolved,Incorrect inventory records,Increased safety stock,10-07-2025
RSK002886,SHP004992,20,461,4045,12-04-2025,Warehouse,Equipment Failure,Medium,Supplier,22076,Investigating,Poor demand forecasting,Assigned alternate supplier,
RSK002887,SHP008754,24,379,3186,03-08-2025,Warehouse,Power Failure,Low,Supplier,3647,Resolved,Heavy rainfall disrupted transport,Insurance claim initiated,07-08-2025
RSK002888,SHP001672,8,426,2034,13-11-2025,Product Quality,Manufacturing Defect,Low,Shipment,4159,Resolved,Warehouse power outage,Insurance claim initiated,27-11-2025
RSK002889,SHP010091,18,351,4335,21-04-2025,Supplier,Supplier Capacity Issue,Medium,Warehouse,24109,Resolved,Warehouse power outage,Warehouse maintenance completed,24-04-2025
RSK002890,SHP008122,1,52,1107,23-03-2025,Product Quality,Packaging Damage,Medium,Customer,19687,Mitigated,Customs clearance delay,Warehouse maintenance completed,04-04-2025
RSK002891,SHP005581,23,204,3039,04-12-2025,Logistics,Shipment Delay,Medium,Customer,17220,Investigating,Packaging quality issue,Increased safety stock,
RSK002892,SHP012554,10,294,886,12-04-2025,Inventory,Stockout,Medium,Inventory,8921,Mitigated,Heavy rainfall disrupted transport,Insurance claim initiated,22-04-2025
RSK002893,SHP000864,18,55,4086,14-09-2025,Logistics,Wrong Delivery,Low,Inventory,3220,Resolved,Incorrect inventory records,Increased safety stock,27-09-2025
RSK002894,SHP013382,12,140,492,25-01-2025,Supplier,Supplier Capacity Issue,High,Supplier,37488,Investigating,Customs clearance delay,Warehouse maintenance completed,
RSK002895,SHP003544,10,335,138,31-08-2025,Logistics,Lost Shipment,Medium,Customer,7295,Resolved,Supplier production delay,Route optimized,01-09-2025
RSK002896,SHP004743,12,86,3950,14-06-2025,Weather,Cyclone,Low,Warehouse,2015,Resolved,Supplier production delay,Expedited shipment,17-06-2025
RSK002897,SHP010013,10,350,4355,11-05-2025,Inventory,Overstock,Low,Inventory,1865,Mitigated,Packaging quality issue,Warehouse maintenance completed,12-05-2025
RSK002898,SHP013321,19,456,1175,18-03-2025,Inventory,Inventory Mismatch,Low,Inventory,3416,Mitigated,Packaging quality issue,Increased safety stock,30-03-2025
RSK002899,SHP001347,11,450,4978,17-03-2025,Inventory,Inventory Mismatch,High,Shipment,44749,Resolved,Vehicle mechanical failure,Assigned alternate supplier,31-03-2025
RSK002900,SHP000663,6,277,3750,11-06-2025,Product Quality,Damaged Goods,Medium,Shipment,17977,Resolved,Incorrect inventory records,Insurance claim initiated,15-06-2025
RSK002901,SHP005225,14,365,4069,05-01-2025,Product Quality,Packaging Damage,Low,Supplier,865,Mitigated,Incorrect inventory records,Insurance claim initiated,07-01-2025
RSK002902,SHP014902,2,249,801,27-09-2025,Logistics,Shipment Delay,Medium,Customer,14389,Mitigated,Poor demand forecasting,Emergency procurement completed,10-10-2025
RSK002903,SHP014406,20,455,3682,19-11-2025,Logistics,Lost Shipment,Medium,Shipment,22925,Resolved,Warehouse power outage,Warehouse maintenance completed,25-11-2025
RSK002904,SHP013787,18,420,4237,28-11-2025,Logistics,Shipment Delay,Low,Customer,1627,Resolved,Heavy rainfall disrupted transport,Insurance claim initiated,29-11-2025
RSK002905,SHP005355,16,272,2888,25-06-2025,Supplier,Late Delivery,Critical,Inventory,362777,Resolved,Packaging quality issue,Increased safety stock,04-07-2025
RSK002906,SHP014917,4,465,3612,10-09-2025,Logistics,Route Blockage,Medium,Shipment,6315,Investigating,Warehouse power outage,Assigned alternate supplier,
RSK002907,SHP003067,21,51,3523,22-07-2025,Financial,Currency Fluctuation,Medium,Shipment,16783,Investigating,Heavy rainfall disrupted transport,Emergency procurement completed,
RSK002908,SHP009013,24,135,4233,24-05-2025,Product Quality,Packaging Damage,High,Inventory,94145,Resolved,Incorrect inventory records,Increased safety stock,02-06-2025
RSK002909,SHP008240,22,401,1612,07-05-2025,Logistics,Route Blockage,Medium,Shipment,6457,Resolved,Heavy rainfall disrupted transport,Route optimized,20-05-2025
RSK002910,SHP012968,12,200,2687,19-06-2025,Warehouse,Power Failure,High,Shipment,81514,Resolved,Poor demand forecasting,Route optimized,29-06-2025
RSK002911,SHP013609,8,188,1088,04-10-2025,Inventory,Overstock,Medium,Customer,23097,Resolved,Incorrect inventory records,Insurance claim initiated,13-10-2025
RSK002912,SHP003635,7,401,1219,06-12-2025,Supplier,Late Delivery,Medium,Supplier,6158,Open,Customs clearance delay,Emergency procurement completed,
RSK002913,SHP000102,16,267,4634,19-03-2025,Transportation,Traffic Congestion,Medium,Warehouse,12603,Investigating,Vehicle mechanical failure,Expedited shipment,
RSK002914,SHP005303,16,498,362,26-11-2025,Inventory,Inventory Mismatch,Low,Supplier,3124,Resolved,Incorrect inventory records,Expedited shipment,28-11-2025
RSK002915,SHP013571,23,334,3119,23-05-2025,Inventory,Stockout,High,Inventory,67139,Resolved,Warehouse power outage,Assigned alternate supplier,29-05-2025
RSK002916,SHP014190,5,143,1881,07-03-2025,Logistics,Shipment Delay,Low,Supplier,2626,Investigating,Supplier production delay,Route optimized,
RSK002917,SHP010724,24,89,1516,13-08-2025,Supplier,Late Delivery,Medium,Warehouse,22985,Resolved,Packaging quality issue,Emergency procurement completed,20-08-2025
RSK002918,SHP003312,9,309,1986,10-05-2025,Warehouse,Storage Capacity Full,Low,Warehouse,2832,Mitigated,Warehouse power outage,Increased safety stock,17-05-2025
RSK002919,SHP003661,22,371,1119,21-12-2025,Product Quality,Manufacturing Defect,Low,Supplier,3192,Investigating,Warehouse power outage,Expedited shipment,
RSK002920,SHP001450,17,169,1749,27-09-2025,Transportation,Fuel Shortage,Medium,Inventory,15963,Mitigated,Packaging quality issue,Increased safety stock,28-09-2025
RSK002921,SHP002424,14,29,3485,07-03-2025,Supplier,Late Delivery,Low,Supplier,1362,Resolved,Vehicle mechanical failure,Assigned alternate supplier,21-03-2025
RSK002922,SHP004499,20,351,4930,18-03-2025,Logistics,Route Blockage,Medium,Warehouse,14312,Mitigated,Supplier production delay,Route optimized,27-03-2025
RSK002923,SHP009452,12,486,4648,21-09-2025,Inventory,Overstock,Low,Warehouse,1298,Resolved,Warehouse power outage,Additional quality inspection,25-09-2025
RSK002924,SHP008982,22,94,3452,10-02-2025,Transportation,Vehicle Breakdown,High,Warehouse,75422,Resolved,Packaging quality issue,Warehouse maintenance completed,24-02-2025
RSK002925,SHP008243,23,340,2439,31-08-2025,Weather,Cyclone,Low,Supplier,4815,Resolved,Supplier production delay,Warehouse maintenance completed,01-09-2025
RSK002926,SHP010706,18,5,2574,16-09-2025,Inventory,Overstock,Medium,Inventory,23200,Mitigated,Heavy rainfall disrupted transport,Assigned alternate supplier,18-09-2025
RSK002927,SHP010411,24,86,3829,17-06-2025,Logistics,Shipment Delay,Low,Inventory,1818,Resolved,Poor demand forecasting,Route optimized,01-07-2025
RSK002928,SHP000513,3,405,1530,03-06-2025,Logistics,Shipment Delay,Medium,Shipment,17475,Investigating,Vehicle mechanical failure,Expedited shipment,
RSK002929,SHP003163,3,64,987,15-11-2025,Inventory,Stockout,Low,Warehouse,2585,Resolved,Vehicle mechanical failure,Emergency procurement completed,25-11-2025
RSK002930,SHP006257,7,154,635,13-09-2025,Transportation,Vehicle Breakdown,Medium,Shipment,7766,Resolved,Warehouse power outage,Assigned alternate supplier,20-09-2025
RSK002931,SHP003239,7,48,2253,02-10-2025,Warehouse,Power Failure,Low,Warehouse,3132,Investigating,Supplier production delay,Expedited shipment,
RSK002932,SHP008045,25,408,3686,22-10-2025,Weather,Flood,High,Shipment,91917,Mitigated,Heavy rainfall disrupted transport,Warehouse maintenance completed,29-10-2025
RSK002933,SHP010282,2,237,4116,20-02-2025,Supplier,Late Delivery,Low,Customer,3310,Mitigated,Incorrect inventory records,Assigned alternate supplier,06-03-2025
RSK002934,SHP008932,14,415,683,18-12-2025,Supplier,Supplier Capacity Issue,Medium,Inventory,10625,Resolved,Supplier production delay,Insurance claim initiated,25-12-2025
RSK002935,SHP004813,18,341,3204,04-04-2025,Warehouse,Power Failure,Low,Shipment,1484,Resolved,Heavy rainfall disrupted transport,Insurance claim initiated,16-04-2025
RSK002936,SHP001279,12,386,4579,12-07-2025,Financial,Currency Fluctuation,High,Supplier,27839,Investigating,Packaging quality issue,Emergency procurement completed,
RSK002937,SHP002797,16,342,3959,06-10-2025,Transportation,Vehicle Breakdown,Medium,Shipment,15760,Investigating,Heavy rainfall disrupted transport,Route optimized,
RSK002938,SHP007883,14,212,2936,12-10-2025,Product Quality,Damaged Goods,Medium,Warehouse,22940,Resolved,Incorrect inventory records,Warehouse maintenance completed,19-10-2025
RSK002939,SHP006886,13,117,4089,12-07-2025,Warehouse,Power Failure,Medium,Customer,6836,Resolved,Heavy rainfall disrupted transport,Expedited shipment,24-07-2025
RSK002940,SHP000346,22,118,2938,25-03-2025,Product Quality,Damaged Goods,Low,Supplier,4765,Mitigated,Customs clearance delay,Expedited shipment,29-03-2025
RSK002941,SHP006975,3,10,2710,26-05-2025,Weather,Heavy Rain,Low,Inventory,754,Mitigated,Heavy rainfall disrupted transport,Increased safety stock,03-06-2025
RSK002942,SHP006666,13,256,3644,10-11-2025,Inventory,Inventory Mismatch,Low,Inventory,1589,Investigating,Vehicle mechanical failure,Insurance claim initiated,
RSK002943,SHP001615,14,379,1600,12-12-2025,Financial,Currency Fluctuation,Low,Inventory,595,Resolved,Heavy rainfall disrupted transport,Increased safety stock,26-12-2025
RSK002944,SHP003837,25,218,4702,14-03-2025,Supplier,Material Shortage,High,Supplier,31054,Resolved,Vehicle mechanical failure,Warehouse maintenance completed,19-03-2025
RSK002945,SHP005384,4,255,4761,18-03-2025,Supplier,Material Shortage,Low,Shipment,4898,Resolved,Poor demand forecasting,Additional quality inspection,21-03-2025
RSK002946,SHP005907,18,217,3476,26-12-2025,Inventory,Inventory Mismatch,Low,Supplier,1577,Resolved,Supplier production delay,Additional quality inspection,01-01-2026
RSK002947,SHP006632,16,422,4776,04-06-2025,Inventory,Stockout,Medium,Supplier,21171,Resolved,Heavy rainfall disrupted transport,Increased safety stock,12-06-2025
RSK002948,SHP005999,24,6,3779,28-05-2025,Inventory,Overstock,Medium,Supplier,9651,Resolved,Incorrect inventory records,Assigned alternate supplier,07-06-2025
RSK002949,SHP011608,15,143,199,25-08-2025,Warehouse,Storage Capacity Full,Low,Shipment,3604,Resolved,Warehouse power outage,Assigned alternate supplier,02-09-2025
RSK002950,SHP002755,24,63,278,23-12-2025,Logistics,Wrong Delivery,Low,Inventory,1355,Investigating,Packaging quality issue,Warehouse maintenance completed,
RSK002951,SHP009772,24,421,4441,17-02-2025,Product Quality,Damaged Goods,Medium,Warehouse,23337,Resolved,Packaging quality issue,Assigned alternate supplier,24-02-2025
RSK002952,SHP006903,13,244,1652,01-07-2025,Product Quality,Manufacturing Defect,High,Warehouse,42832,Investigating,Supplier production delay,Route optimized,
RSK002953,SHP006325,5,164,3869,05-02-2025,Supplier,Material Shortage,Medium,Inventory,7518,Resolved,Customs clearance delay,Warehouse maintenance completed,10-02-2025
RSK002954,SHP006617,14,356,3173,06-10-2025,Supplier,Supplier Capacity Issue,Medium,Inventory,21010,Open,Incorrect inventory records,Assigned alternate supplier,
RSK002955,SHP010233,2,217,655,21-09-2025,Transportation,Traffic Congestion,Low,Warehouse,2847,Resolved,Heavy rainfall disrupted transport,Increased safety stock,22-09-2025
RSK002956,SHP004838,13,272,1946,01-12-2025,Weather,Flood,Low,Customer,4668,Mitigated,Warehouse power outage,Route optimized,03-12-2025
RSK002957,SHP010632,5,151,1326,02-01-2025,Inventory,Stockout,Low,Supplier,1802,Resolved,Vehicle mechanical failure,Expedited shipment,07-01-2025
RSK002958,SHP010942,19,68,1386,23-11-2025,Inventory,Inventory Mismatch,High,Supplier,36055,Resolved,Incorrect inventory records,Assigned alternate supplier,26-11-2025
RSK002959,SHP000509,3,419,2686,28-02-2025,Logistics,Shipment Delay,High,Supplier,61698,Investigating,Packaging quality issue,Assigned alternate supplier,
RSK002960,SHP003445,4,441,4687,17-01-2025,Product Quality,Manufacturing Defect,High,Shipment,66187,Resolved,Warehouse power outage,Expedited shipment,19-01-2025
RSK002961,SHP006010,13,485,3154,19-04-2025,Supplier,Material Shortage,Low,Inventory,2081,Investigating,Supplier production delay,Emergency procurement completed,
RSK002962,SHP001380,20,295,2034,24-01-2025,Logistics,Route Blockage,Medium,Inventory,21387,Mitigated,Supplier production delay,Additional quality inspection,25-01-2025
RSK002963,SHP013698,25,377,417,28-09-2025,Logistics,Shipment Delay,Critical,Customer,317277,Mitigated,Incorrect inventory records,Insurance claim initiated,11-10-2025
RSK002964,SHP008670,8,479,676,18-10-2025,Inventory,Overstock,High,Inventory,25941,Mitigated,Warehouse power outage,Expedited shipment,19-10-2025
RSK002965,SHP004228,7,417,620,19-10-2025,Supplier,Late Delivery,Low,Warehouse,2305,Resolved,Vehicle mechanical failure,Expedited shipment,02-11-2025
RSK002966,SHP008422,8,3,1138,15-07-2025,Product Quality,Manufacturing Defect,Critical,Supplier,146000,Resolved,Poor demand forecasting,Route optimized,27-07-2025
RSK002967,SHP014207,15,137,871,01-04-2025,Inventory,Inventory Mismatch,Medium,Shipment,17305,Resolved,Packaging quality issue,Warehouse maintenance completed,08-04-2025
RSK002968,SHP004209,9,256,3033,19-03-2025,Logistics,Lost Shipment,Medium,Supplier,24287,Mitigated,Customs clearance delay,Emergency procurement completed,02-04-2025
RSK002969,SHP005210,21,50,3988,06-08-2025,Supplier,Supplier Capacity Issue,High,Customer,90988,Open,Poor demand forecasting,Assigned alternate supplier,
RSK002970,SHP013417,3,267,617,20-04-2025,Logistics,Route Blockage,Low,Shipment,3138,Resolved,Vehicle mechanical failure,Assigned alternate supplier,24-04-2025
RSK002971,SHP000988,13,43,2628,05-03-2025,Supplier,Material Shortage,Low,Inventory,4616,Mitigated,Supplier production delay,Increased safety stock,09-03-2025
RSK002972,SHP009061,5,333,318,24-11-2025,Warehouse,Power Failure,Low,Warehouse,4889,Resolved,Supplier production delay,Expedited shipment,25-11-2025
RSK002973,SHP004763,22,422,2244,25-11-2025,Supplier,Late Delivery,High,Supplier,97440,Resolved,Vehicle mechanical failure,Route optimized,07-12-2025
RSK002974,SHP008681,13,344,2826,03-10-2025,Warehouse,Fire Alarm,High,Customer,43941,Mitigated,Incorrect inventory records,Additional quality inspection,05-10-2025
RSK002975,SHP008308,4,293,3416,06-10-2025,Transportation,Traffic Congestion,Medium,Customer,11400,Resolved,Warehouse power outage,Expedited shipment,17-10-2025
RSK002976,SHP003364,21,18,2101,08-03-2025,Warehouse,Power Failure,Medium,Shipment,12730,Resolved,Heavy rainfall disrupted transport,Warehouse maintenance completed,15-03-2025
RSK002977,SHP014094,22,242,1922,05-10-2025,Product Quality,Damaged Goods,Critical,Supplier,133042,Mitigated,Supplier production delay,Emergency procurement completed,06-10-2025
RSK002978,SHP003687,5,267,3002,29-03-2025,Logistics,Lost Shipment,Medium,Inventory,19776,Resolved,Incorrect inventory records,Emergency procurement completed,03-04-2025
RSK002979,SHP005751,2,496,1397,02-03-2025,Inventory,Overstock,High,Customer,32516,Resolved,Incorrect inventory records,Emergency procurement completed,07-03-2025
RSK002980,SHP000363,20,139,1877,05-10-2025,Supplier,Late Delivery,Low,Supplier,2665,Resolved,Heavy rainfall disrupted transport,Expedited shipment,17-10-2025
RSK002981,SHP000599,20,327,1846,15-09-2025,Logistics,Lost Shipment,Medium,Warehouse,11239,Open,Incorrect inventory records,Insurance claim initiated,
RSK002982,SHP011257,11,357,3594,27-08-2025,Product Quality,Manufacturing Defect,Critical,Inventory,184287,Resolved,Packaging quality issue,Additional quality inspection,07-09-2025
RSK002983,SHP008310,11,431,660,14-03-2025,Logistics,Shipment Delay,Low,Warehouse,581,Resolved,Poor demand forecasting,Emergency procurement completed,28-03-2025
RSK002984,SHP005484,22,141,648,09-07-2025,Logistics,Route Blockage,Medium,Customer,11812,Resolved,Warehouse power outage,Assigned alternate supplier,17-07-2025
RSK002985,SHP008523,19,109,2393,16-01-2025,Warehouse,Power Failure,Medium,Supplier,13624,Resolved,Packaging quality issue,Increased safety stock,27-01-2025
RSK002986,SHP008840,22,255,575,05-08-2025,Inventory,Overstock,High,Warehouse,99847,Resolved,Poor demand forecasting,Increased safety stock,08-08-2025
RSK002987,SHP006501,6,123,1802,20-08-2025,Product Quality,Damaged Goods,Low,Shipment,3298,Resolved,Incorrect inventory records,Emergency procurement completed,01-09-2025
RSK002988,SHP000576,9,22,3614,21-06-2025,Warehouse,Equipment Failure,High,Customer,53571,Open,Incorrect inventory records,Assigned alternate supplier,
RSK002989,SHP011369,10,90,3230,30-06-2025,Warehouse,Fire Alarm,Critical,Shipment,209349,Mitigated,Vehicle mechanical failure,Route optimized,07-07-2025
RSK002990,SHP007544,5,410,1321,18-07-2025,Logistics,Wrong Delivery,Low,Inventory,4035,Resolved,Packaging quality issue,Warehouse maintenance completed,24-07-2025
RSK002991,SHP003801,14,472,291,10-04-2025,Warehouse,Equipment Failure,Medium,Supplier,21111,Resolved,Heavy rainfall disrupted transport,Emergency procurement completed,23-04-2025
RSK002992,SHP011436,8,48,2875,29-01-2025,Financial,Currency Fluctuation,Medium,Inventory,14560,Investigating,Supplier production delay,Emergency procurement completed,
RSK002993,SHP011823,19,136,2430,20-08-2025,Warehouse,Equipment Failure,Low,Inventory,2020,Investigating,Heavy rainfall disrupted transport,Assigned alternate supplier,
RSK002994,SHP004054,2,212,2079,08-09-2025,Supplier,Material Shortage,High,Inventory,78843,Resolved,Warehouse power outage,Increased safety stock,11-09-2025
RSK002995,SHP003347,9,170,2165,10-10-2025,Product Quality,Damaged Goods,Low,Warehouse,2086,Mitigated,Supplier production delay,Warehouse maintenance completed,16-10-2025
RSK002996,SHP001469,13,181,4885,20-04-2025,Product Quality,Damaged Goods,Medium,Warehouse,14206,Mitigated,Incorrect inventory records,Increased safety stock,01-05-2025
RSK002997,SHP014759,21,424,315,18-08-2025,Warehouse,Power Failure,Low,Shipment,1529,Mitigated,Vehicle mechanical failure,Expedited shipment,20-08-2025
RSK002998,SHP009024,15,305,2091,14-12-2025,Supplier,Material Shortage,Low,Supplier,3339,Resolved,Customs clearance delay,Increased safety stock,16-12-2025
RSK002999,SHP005163,23,50,3257,08-03-2025,Weather,Cyclone,High,Customer,43838,Mitigated,Poor demand forecasting,Emergency procurement completed,22-03-2025
RSK003000,SHP006777,8,384,3153,12-12-2025,Warehouse,Fire Alarm,Critical,Warehouse,109147,Resolved,Vehicle mechanical failure,Insurance claim initiated,14-12-2025
RSK003001,SHP013380,1,96,4569,05-03-2025,Warehouse,Equipment Failure,Medium,Shipment,6566,Resolved,Supplier production delay,Emergency procurement completed,10-03-2025
RSK003002,SHP005167,6,491,925,23-03-2025,Transportation,Traffic Congestion,Low,Supplier,2764,Open,Incorrect inventory records,Emergency procurement completed,
RSK003003,SHP002962,7,130,3862,27-04-2025,Weather,Cyclone,High,Customer,52958,Resolved,Packaging quality issue,Additional quality inspection,06-05-2025
RSK003004,SHP009730,16,268,2908,10-01-2025,Inventory,Overstock,Low,Supplier,3249,Resolved,Packaging quality issue,Increased safety stock,20-01-2025
RSK003005,SHP004128,9,389,1997,24-07-2025,Warehouse,Storage Capacity Full,Low,Supplier,858,Investigating,Supplier production delay,Route optimized,
RSK003006,SHP007151,6,440,2234,21-04-2025,Product Quality,Damaged Goods,Low,Customer,2415,Investigating,Warehouse power outage,Route optimized,
RSK003007,SHP010637,20,471,4848,18-03-2025,Supplier,Supplier Capacity Issue,Low,Inventory,4576,Mitigated,Packaging quality issue,Route optimized,01-04-2025
RSK003008,SHP012725,7,395,1780,14-04-2025,Supplier,Late Delivery,Low,Customer,4893,Resolved,Incorrect inventory records,Expedited shipment,21-04-2025
RSK003009,SHP001881,12,57,1670,04-10-2025,Inventory,Inventory Mismatch,Low,Customer,3283,Resolved,Packaging quality issue,Increased safety stock,05-10-2025
RSK003010,SHP007536,15,315,2637,04-11-2025,Logistics,Lost Shipment,Low,Shipment,1297,Investigating,Supplier production delay,Warehouse maintenance completed,
RSK003011,SHP006247,11,300,1950,01-02-2025,Product Quality,Manufacturing Defect,High,Shipment,45324,Resolved,Incorrect inventory records,Insurance claim initiated,13-02-2025
RSK003012,SHP005626,10,346,2931,30-06-2025,Warehouse,Power Failure,Medium,Customer,12251,Resolved,Customs clearance delay,Emergency procurement completed,04-07-2025
RSK003013,SHP003822,12,169,1420,10-04-2025,Logistics,Wrong Delivery,High,Customer,34945,Resolved,Incorrect inventory records,Expedited shipment,13-04-2025
RSK003014,SHP008799,16,141,2002,20-09-2025,Weather,Heavy Rain,Critical,Customer,419394,Resolved,Incorrect inventory records,Emergency procurement completed,27-09-2025
RSK003015,SHP007260,11,16,4284,09-07-2025,Logistics,Wrong Delivery,Medium,Warehouse,6327,Resolved,Incorrect inventory records,Emergency procurement completed,12-07-2025
RSK003016,SHP014549,21,193,752,22-08-2025,Supplier,Late Delivery,Critical,Supplier,446284,Open,Vehicle mechanical failure,Additional quality inspection,
RSK003017,SHP014981,24,268,3350,09-04-2025,Logistics,Lost Shipment,Medium,Inventory,5211,Resolved,Incorrect inventory records,Increased safety stock,23-04-2025
RSK003018,SHP013753,8,293,245,15-08-2025,Inventory,Inventory Mismatch,Medium,Inventory,13059,Investigating,Warehouse power outage,Assigned alternate supplier,
RSK003019,SHP000716,20,21,452,03-03-2025,Logistics,Wrong Delivery,Low,Inventory,2986,Resolved,Packaging quality issue,Warehouse maintenance completed,13-03-2025
RSK003020,SHP001031,9,329,3042,10-11-2025,Warehouse,Fire Alarm,Low,Supplier,1445,Mitigated,Vehicle mechanical failure,Assigned alternate supplier,22-11-2025
RSK003021,SHP011209,14,182,776,05-10-2025,Logistics,Route Blockage,Medium,Customer,16212,Resolved,Heavy rainfall disrupted transport,Insurance claim initiated,10-10-2025
RSK003022,SHP014742,24,105,3506,09-11-2025,Product Quality,Manufacturing Defect,Medium,Warehouse,22680,Investigating,Heavy rainfall disrupted transport,Assigned alternate supplier,
RSK003023,SHP010285,1,411,46,04-01-2025,Logistics,Shipment Delay,Critical,Customer,442396,Mitigated,Supplier production delay,Insurance claim initiated,11-01-2025
RSK003024,SHP003789,24,204,3979,05-07-2025,Logistics,Route Blockage,Low,Warehouse,1254,Investigating,Packaging quality issue,Emergency procurement completed,
RSK003025,SHP014661,12,152,1666,18-01-2025,Supplier,Late Delivery,Medium,Customer,17702,Resolved,Warehouse power outage,Expedited shipment,28-01-2025
RSK003026,SHP000739,2,374,2042,20-10-2025,Logistics,Wrong Delivery,Medium,Customer,13481,Resolved,Supplier production delay,Warehouse maintenance completed,24-10-2025
RSK003027,SHP008214,20,477,2799,10-11-2025,Product Quality,Damaged Goods,High,Warehouse,69994,Resolved,Poor demand forecasting,Expedited shipment,15-11-2025
RSK003028,SHP005957,18,201,3862,16-10-2025,Warehouse,Storage Capacity Full,Medium,Supplier,10147,Open,Warehouse power outage,Warehouse maintenance completed,
RSK003029,SHP011072,10,377,1868,27-09-2025,Logistics,Shipment Delay,Medium,Shipment,22399,Investigating,Poor demand forecasting,Assigned alternate supplier,
RSK003030,SHP008460,4,346,4581,22-02-2025,Logistics,Route Blockage,Medium,Customer,15785,Resolved,Heavy rainfall disrupted transport,Route optimized,27-02-2025
RSK003031,SHP013234,5,429,4382,06-02-2025,Logistics,Wrong Delivery,High,Shipment,41190,Investigating,Incorrect inventory records,Expedited shipment,
RSK003032,SHP011164,8,473,873,04-12-2025,Logistics,Wrong Delivery,High,Supplier,74950,Mitigated,Supplier production delay,Warehouse maintenance completed,08-12-2025
RSK003033,SHP005098,7,315,2591,03-02-2025,Supplier,Material Shortage,Low,Shipment,630,Resolved,Vehicle mechanical failure,Expedited shipment,09-02-2025
RSK003034,SHP003812,18,292,1684,26-11-2025,Product Quality,Manufacturing Defect,Low,Warehouse,508,Resolved,Incorrect inventory records,Insurance claim initiated,09-12-2025
RSK003035,SHP001266,16,145,3656,01-02-2025,Logistics,Route Blockage,Medium,Warehouse,12247,Resolved,Poor demand forecasting,Warehouse maintenance completed,08-02-2025
RSK003036,SHP002637,11,64,3472,01-03-2025,Inventory,Inventory Mismatch,High,Supplier,70620,Resolved,Poor demand forecasting,Insurance claim initiated,15-03-2025
RSK003037,SHP011121,19,443,4261,30-04-2025,Product Quality,Packaging Damage,High,Warehouse,82631,Resolved,Heavy rainfall disrupted transport,Emergency procurement completed,06-05-2025
RSK003038,SHP012164,24,486,2585,28-12-2025,Inventory,Stockout,Low,Customer,4583,Resolved,Supplier production delay,Expedited shipment,09-01-2026
RSK003039,SHP012673,5,424,197,19-08-2025,Logistics,Wrong Delivery,High,Shipment,84292,Mitigated,Customs clearance delay,Route optimized,02-09-2025
RSK003040,SHP014270,10,193,3648,14-04-2025,Logistics,Lost Shipment,High,Inventory,45017,Resolved,Warehouse power outage,Route optimized,20-04-2025
RSK003041,SHP012392,3,145,2374,23-10-2025,Logistics,Wrong Delivery,Critical,Supplier,472725,Open,Packaging quality issue,Expedited shipment,
RSK003042,SHP014686,22,411,197,23-07-2025,Product Quality,Packaging Damage,Medium,Shipment,16847,Resolved,Incorrect inventory records,Emergency procurement completed,29-07-2025
RSK003043,SHP008175,23,167,4885,02-09-2025,Inventory,Overstock,Medium,Customer,7109,Mitigated,Packaging quality issue,Emergency procurement completed,07-09-2025
RSK003044,SHP004181,23,254,57,22-05-2025,Logistics,Lost Shipment,Low,Inventory,782,Resolved,Heavy rainfall disrupted transport,Warehouse maintenance completed,05-06-2025
RSK003045,SHP001448,6,415,3948,24-06-2025,Inventory,Inventory Mismatch,Medium,Supplier,9524,Resolved,Vehicle mechanical failure,Insurance claim initiated,01-07-2025
RSK003046,SHP008464,18,350,1327,28-12-2025,Inventory,Inventory Mismatch,Low,Warehouse,1426,Resolved,Customs clearance delay,Route optimized,31-12-2025
RSK003047,SHP000493,1,394,938,31-07-2025,Weather,Cyclone,Medium,Warehouse,15749,Mitigated,Supplier production delay,Increased safety stock,09-08-2025
RSK003048,SHP006444,11,118,1217,26-08-2025,Supplier,Supplier Capacity Issue,Low,Customer,4492,Investigating,Incorrect inventory records,Emergency procurement completed,
RSK003049,SHP006572,24,443,53,18-11-2025,Logistics,Wrong Delivery,Medium,Customer,11907,Resolved,Customs clearance delay,Expedited shipment,02-12-2025
RSK003050,SHP005485,25,84,2386,04-09-2025,Logistics,Shipment Delay,Medium,Supplier,13717,Investigating,Incorrect inventory records,Increased safety stock,
RSK003051,SHP000746,1,426,3333,04-05-2025,Product Quality,Damaged Goods,High,Shipment,59746,Resolved,Incorrect inventory records,Emergency procurement completed,09-05-2025
RSK003052,SHP003211,3,223,716,30-01-2025,Logistics,Shipment Delay,High,Warehouse,61450,Investigating,Warehouse power outage,Assigned alternate supplier,
RSK003053,SHP013549,18,346,972,11-12-2025,Inventory,Overstock,Low,Shipment,1636,Mitigated,Heavy rainfall disrupted transport,Additional quality inspection,21-12-2025
RSK003054,SHP004203,3,481,3019,14-12-2025,Transportation,Fuel Shortage,Medium,Shipment,16500,Resolved,Supplier production delay,Emergency procurement completed,23-12-2025
RSK003055,SHP009160,9,370,2964,13-11-2025,Product Quality,Manufacturing Defect,Low,Customer,2151,Resolved,Customs clearance delay,Expedited shipment,21-11-2025
RSK003056,SHP013310,1,245,3882,09-08-2025,Supplier,Supplier Capacity Issue,High,Warehouse,87936,Resolved,Incorrect inventory records,Increased safety stock,21-08-2025
RSK003057,SHP001201,16,458,2005,10-09-2025,Warehouse,Equipment Failure,Low,Supplier,4619,Resolved,Warehouse power outage,Warehouse maintenance completed,24-09-2025
RSK003058,SHP003794,15,393,4783,01-05-2025,Inventory,Stockout,Low,Supplier,3619,Mitigated,Packaging quality issue,Emergency procurement completed,13-05-2025
RSK003059,SHP003770,21,211,3338,23-11-2025,Logistics,Route Blockage,Low,Shipment,4499,Mitigated,Incorrect inventory records,Insurance claim initiated,03-12-2025
RSK003060,SHP010771,1,334,156,18-03-2025,Logistics,Lost Shipment,Low,Inventory,4200,Resolved,Packaging quality issue,Insurance claim initiated,23-03-2025
RSK003061,SHP007071,23,386,3730,27-07-2025,Weather,Heavy Rain,Low,Supplier,3036,Resolved,Heavy rainfall disrupted transport,Emergency procurement completed,01-08-2025
RSK003062,SHP002268,3,248,808,25-12-2025,Inventory,Stockout,High,Customer,91307,Resolved,Customs clearance delay,Insurance claim initiated,29-12-2025
RSK003063,SHP003955,12,411,2734,26-11-2025,Logistics,Lost Shipment,Critical,Warehouse,313815,Investigating,Heavy rainfall disrupted transport,Additional quality inspection,
RSK003064,SHP014193,17,124,4734,17-08-2025,Logistics,Wrong Delivery,Medium,Customer,15329,Resolved,Warehouse power outage,Expedited shipment,20-08-2025
RSK003065,SHP013146,3,257,812,23-09-2025,Supplier,Supplier Capacity Issue,High,Inventory,25041,Resolved,Incorrect inventory records,Increased safety stock,01-10-2025
RSK003066,SHP006013,10,490,1013,06-03-2025,Logistics,Route Blockage,Critical,Inventory,112253,Resolved,Customs clearance delay,Warehouse maintenance completed,10-03-2025
RSK003067,SHP003866,20,457,3804,12-02-2025,Inventory,Inventory Mismatch,High,Shipment,65106,Resolved,Supplier production delay,Warehouse maintenance completed,23-02-2025
RSK003068,SHP007612,25,470,759,28-08-2025,Warehouse,Fire Alarm,Medium,Shipment,8623,Resolved,Heavy rainfall disrupted transport,Increased safety stock,10-09-2025
RSK003069,SHP004079,6,253,178,16-11-2025,Supplier,Material Shortage,High,Customer,43532,Resolved,Vehicle mechanical failure,Insurance claim initiated,17-11-2025
RSK003070,SHP002871,13,350,4865,28-11-2025,Warehouse,Equipment Failure,Low,Warehouse,4186,Resolved,Warehouse power outage,Route optimized,03-12-2025
RSK003071,SHP010254,19,437,3574,24-02-2025,Warehouse,Storage Capacity Full,Low,Inventory,4185,Resolved,Warehouse power outage,Warehouse maintenance completed,05-03-2025
RSK003072,SHP014779,22,495,3322,22-10-2025,Weather,Cyclone,Medium,Customer,7175,Resolved,Heavy rainfall disrupted transport,Additional quality inspection,27-10-2025
RSK003073,SHP003524,5,354,3850,03-04-2025,Supplier,Supplier Capacity Issue,Low,Customer,3456,Investigating,Vehicle mechanical failure,Insurance claim initiated,
RSK003074,SHP005955,24,41,3497,23-03-2025,Supplier,Late Delivery,Low,Shipment,4736,Resolved,Supplier production delay,Warehouse maintenance completed,05-04-2025
RSK003075,SHP004315,10,30,1331,17-07-2025,Inventory,Overstock,Medium,Customer,19523,Mitigated,Supplier production delay,Insurance claim initiated,31-07-2025
RSK003076,SHP013956,5,289,4900,06-09-2025,Supplier,Material Shortage,Medium,Customer,5247,Resolved,Incorrect inventory records,Emergency procurement completed,17-09-2025
RSK003077,SHP002203,21,463,3103,10-07-2025,Logistics,Route Blockage,Medium,Customer,13323,Mitigated,Heavy rainfall disrupted transport,Increased safety stock,23-07-2025
RSK003078,SHP007745,22,421,3084,02-04-2025,Product Quality,Manufacturing Defect,Medium,Warehouse,22292,Resolved,Poor demand forecasting,Additional quality inspection,10-04-2025
RSK003079,SHP005437,8,41,2486,13-04-2025,Logistics,Wrong Delivery,High,Supplier,27907,Resolved,Customs clearance delay,Assigned alternate supplier,18-04-2025
RSK003080,SHP010240,22,305,2532,07-11-2025,Weather,Heavy Rain,Low,Customer,2292,Mitigated,Customs clearance delay,Additional quality inspection,19-11-2025
RSK003081,SHP001082,5,404,1196,05-02-2025,Warehouse,Fire Alarm,Low,Inventory,4015,Mitigated,Incorrect inventory records,Expedited shipment,15-02-2025
RSK003082,SHP007487,15,256,3816,30-06-2025,Logistics,Shipment Delay,Medium,Supplier,19671,Investigating,Vehicle mechanical failure,Warehouse maintenance completed,
RSK003083,SHP013745,4,127,4463,01-03-2025,Logistics,Shipment Delay,High,Inventory,25401,Resolved,Vehicle mechanical failure,Additional quality inspection,14-03-2025
RSK003084,SHP003738,4,213,3436,04-10-2025,Product Quality,Damaged Goods,Medium,Inventory,24752,Resolved,Poor demand forecasting,Additional quality inspection,09-10-2025
RSK003085,SHP001489,8,494,1614,18-09-2025,Inventory,Inventory Mismatch,Medium,Warehouse,5901,Resolved,Supplier production delay,Insurance claim initiated,30-09-2025
RSK003086,SHP004696,23,264,4607,13-07-2025,Logistics,Route Blockage,Medium,Customer,17385,Resolved,Supplier production delay,Assigned alternate supplier,23-07-2025
RSK003087,SHP004017,4,263,4596,19-02-2025,Inventory,Stockout,Medium,Customer,13481,Mitigated,Packaging quality issue,Route optimized,27-02-2025
RSK003088,SHP009328,16,240,3951,19-05-2025,Supplier,Late Delivery,Medium,Warehouse,15787,Resolved,Warehouse power outage,Additional quality inspection,26-05-2025
RSK003089,SHP006472,23,275,3460,09-08-2025,Logistics,Lost Shipment,Low,Warehouse,3477,Resolved,Customs clearance delay,Warehouse maintenance completed,22-08-2025
RSK003090,SHP004183,1,291,2614,17-01-2025,Warehouse,Equipment Failure,Low,Inventory,1185,Resolved,Poor demand forecasting,Route optimized,27-01-2025
RSK003091,SHP014613,2,54,2582,07-02-2025,Transportation,Fuel Shortage,Medium,Inventory,17557,Resolved,Poor demand forecasting,Increased safety stock,08-02-2025
RSK003092,SHP011325,23,254,1330,14-05-2025,Inventory,Overstock,Low,Customer,4373,Open,Incorrect inventory records,Route optimized,
RSK003093,SHP012732,10,414,4886,18-02-2025,Transportation,Vehicle Breakdown,Medium,Shipment,14919,Resolved,Customs clearance delay,Assigned alternate supplier,21-02-2025
RSK003094,SHP007279,19,265,2418,20-11-2025,Warehouse,Storage Capacity Full,High,Inventory,58234,Resolved,Customs clearance delay,Warehouse maintenance completed,29-11-2025
RSK003095,SHP014983,5,134,4063,02-07-2025,Warehouse,Storage Capacity Full,High,Customer,28521,Mitigated,Poor demand forecasting,Assigned alternate supplier,11-07-2025
RSK003096,SHP001619,20,377,3487,05-08-2025,Inventory,Stockout,Medium,Warehouse,20124,Open,Incorrect inventory records,Assigned alternate supplier,
RSK003097,SHP014178,25,154,545,13-04-2025,Supplier,Material Shortage,Medium,Supplier,24198,Resolved,Vehicle mechanical failure,Increased safety stock,23-04-2025
RSK003098,SHP004499,4,485,1332,13-12-2025,Warehouse,Equipment Failure,High,Warehouse,54731,Investigating,Vehicle mechanical failure,Route optimized,
RSK003099,SHP004442,12,137,3563,03-06-2025,Inventory,Stockout,Low,Shipment,791,Resolved,Warehouse power outage,Warehouse maintenance completed,17-06-2025
RSK003100,SHP007762,22,16,2372,11-10-2025,Logistics,Route Blockage,Low,Inventory,1681,Resolved,Incorrect inventory records,Increased safety stock,20-10-2025
RSK003101,SHP000287,11,258,3228,01-08-2025,Inventory,Overstock,High,Supplier,38286,Resolved,Warehouse power outage,Assigned alternate supplier,13-08-2025
RSK003102,SHP010091,2,493,1072,12-11-2025,Weather,Heavy Rain,High,Supplier,98022,Resolved,Heavy rainfall disrupted transport,Increased safety stock,20-11-2025
RSK003103,SHP008552,1,48,4713,12-08-2025,Logistics,Lost Shipment,Low,Supplier,4643,Investigating,Warehouse power outage,Increased safety stock,
RSK003104,SHP011996,22,477,1357,03-05-2025,Inventory,Inventory Mismatch,Low,Warehouse,3911,Resolved,Warehouse power outage,Warehouse maintenance completed,15-05-2025
RSK003105,SHP008948,3,381,2022,26-05-2025,Inventory,Stockout,Low,Customer,1913,Resolved,Customs clearance delay,Warehouse maintenance completed,01-06-2025
RSK003106,SHP010446,7,14,570,14-05-2025,Weather,Heavy Rain,Low,Customer,2318,Mitigated,Customs clearance delay,Expedited shipment,18-05-2025
RSK003107,SHP000419,21,390,616,28-12-2025,Weather,Heavy Rain,High,Warehouse,39608,Mitigated,Heavy rainfall disrupted transport,Additional quality inspection,03-01-2026
RSK003108,SHP003463,19,436,2561,17-04-2025,Supplier,Supplier Capacity Issue,Low,Warehouse,4332,Investigating,Packaging quality issue,Expedited shipment,
RSK003109,SHP004802,7,498,4561,10-11-2025,Inventory,Stockout,High,Warehouse,60463,Resolved,Poor demand forecasting,Expedited shipment,14-11-2025
RSK003110,SHP004031,24,254,580,08-03-2025,Inventory,Inventory Mismatch,High,Inventory,52123,Open,Supplier production delay,Route optimized,
RSK003111,SHP006771,23,266,2700,22-06-2025,Inventory,Inventory Mismatch,High,Inventory,39643,Resolved,Heavy rainfall disrupted transport,Assigned alternate supplier,29-06-2025
RSK003112,SHP004117,25,54,2749,25-12-2025,Inventory,Overstock,Medium,Shipment,14415,Investigating,Warehouse power outage,Increased safety stock,
RSK003113,SHP003191,1,376,4669,11-08-2025,Logistics,Lost Shipment,Medium,Warehouse,8979,Resolved,Customs clearance delay,Additional quality inspection,15-08-2025
RSK003114,SHP010633,14,7,4719,25-08-2025,Supplier,Material Shortage,Low,Customer,2542,Investigating,Poor demand forecasting,Route optimized,
RSK003115,SHP013071,15,69,3358,09-09-2025,Product Quality,Damaged Goods,Low,Inventory,3122,Mitigated,Incorrect inventory records,Route optimized,22-09-2025
RSK003116,SHP014326,17,8,2608,19-02-2025,Logistics,Lost Shipment,Low,Customer,3846,Resolved,Poor demand forecasting,Expedited shipment,23-02-2025
RSK003117,SHP005111,14,162,4236,11-04-2025,Logistics,Lost Shipment,High,Inventory,50769,Resolved,Incorrect inventory records,Emergency procurement completed,23-04-2025
RSK003118,SHP000851,1,282,3401,29-04-2025,Logistics,Route Blockage,Medium,Supplier,18644,Resolved,Incorrect inventory records,Warehouse maintenance completed,11-05-2025
RSK003119,SHP008724,16,200,4562,06-08-2025,Logistics,Lost Shipment,High,Warehouse,64329,Resolved,Supplier production delay,Additional quality inspection,13-08-2025
RSK003120,SHP010784,4,409,1259,13-01-2025,Logistics,Route Blockage,Low,Inventory,4923,Resolved,Warehouse power outage,Insurance claim initiated,21-01-2025
RSK003121,SHP000240,23,305,1706,18-11-2025,Logistics,Lost Shipment,Medium,Supplier,5100,Mitigated,Customs clearance delay,Assigned alternate supplier,20-11-2025
RSK003122,SHP006330,16,318,1138,18-12-2025,Product Quality,Damaged Goods,High,Supplier,70748,Investigating,Poor demand forecasting,Emergency procurement completed,
RSK003123,SHP011968,4,190,3072,14-03-2025,Weather,Flood,Low,Supplier,4005,Mitigated,Packaging quality issue,Route optimized,22-03-2025
RSK003124,SHP012804,18,476,1079,20-09-2025,Warehouse,Equipment Failure,Medium,Shipment,12434,Investigating,Vehicle mechanical failure,Route optimized,
RSK003125,SHP007454,4,315,4048,30-11-2025,Warehouse,Storage Capacity Full,Low,Supplier,4231,Investigating,Warehouse power outage,Additional quality inspection,
RSK003126,SHP010121,12,274,4555,25-06-2025,Logistics,Route Blockage,Low,Customer,3422,Resolved,Warehouse power outage,Assigned alternate supplier,03-07-2025
RSK003127,SHP014061,11,107,3111,20-08-2025,Inventory,Overstock,Low,Supplier,3452,Resolved,Warehouse power outage,Insurance claim initiated,30-08-2025
RSK003128,SHP004903,12,345,3402,15-03-2025,Logistics,Lost Shipment,Low,Customer,2760,Resolved,Poor demand forecasting,Expedited shipment,16-03-2025
RSK003129,SHP011003,21,90,828,09-04-2025,Warehouse,Storage Capacity Full,Medium,Shipment,13828,Resolved,Poor demand forecasting,Expedited shipment,20-04-2025
RSK003130,SHP014079,19,373,3609,02-11-2025,Weather,Cyclone,High,Shipment,25421,Resolved,Supplier production delay,Increased safety stock,09-11-2025
RSK003131,SHP003898,11,182,4584,10-03-2025,Logistics,Route Blockage,Low,Customer,4647,Resolved,Warehouse power outage,Insurance claim initiated,20-03-2025
RSK003132,SHP008993,2,212,2295,16-08-2025,Logistics,Lost Shipment,High,Shipment,60092,Resolved,Supplier production delay,Emergency procurement completed,29-08-2025
RSK003133,SHP007029,14,436,3343,24-05-2025,Transportation,Fuel Shortage,Medium,Warehouse,9174,Resolved,Poor demand forecasting,Assigned alternate supplier,25-05-2025
RSK003134,SHP009746,12,6,3906,12-12-2025,Logistics,Wrong Delivery,Medium,Customer,12843,Resolved,Supplier production delay,Increased safety stock,14-12-2025
RSK003135,SHP006857,6,125,4841,19-09-2025,Logistics,Wrong Delivery,Low,Shipment,4411,Resolved,Supplier production delay,Assigned alternate supplier,24-09-2025
RSK003136,SHP003829,10,148,3867,23-07-2025,Supplier,Material Shortage,High,Inventory,70717,Resolved,Vehicle mechanical failure,Warehouse maintenance completed,02-08-2025
RSK003137,SHP004988,25,142,3965,20-08-2025,Logistics,Shipment Delay,High,Customer,86553,Mitigated,Vehicle mechanical failure,Insurance claim initiated,30-08-2025
RSK003138,SHP001173,13,283,3597,28-01-2025,Inventory,Stockout,Low,Shipment,3719,Investigating,Supplier production delay,Emergency procurement completed,
RSK003139,SHP002431,18,137,2356,07-09-2025,Logistics,Lost Shipment,Medium,Warehouse,18736,Investigating,Poor demand forecasting,Additional quality inspection,
RSK003140,SHP010160,17,31,1775,30-12-2025,Product Quality,Packaging Damage,Medium,Supplier,23478,Resolved,Supplier production delay,Route optimized,09-01-2026
RSK003141,SHP014391,1,297,1533,14-07-2025,Product Quality,Damaged Goods,Critical,Shipment,152800,Mitigated,Poor demand forecasting,Increased safety stock,17-07-2025
RSK003142,SHP009656,2,118,257,27-06-2025,Logistics,Wrong Delivery,Medium,Warehouse,19222,Resolved,Incorrect inventory records,Insurance claim initiated,28-06-2025
RSK003143,SHP005570,20,330,1733,17-07-2025,Logistics,Route Blockage,Medium,Customer,18865,Resolved,Packaging quality issue,Warehouse maintenance completed,26-07-2025
RSK003144,SHP001445,21,210,205,28-07-2025,Warehouse,Equipment Failure,Low,Inventory,4298,Resolved,Supplier production delay,Emergency procurement completed,29-07-2025
RSK003145,SHP012429,22,168,4153,25-11-2025,Inventory,Inventory Mismatch,Low,Inventory,2817,Resolved,Supplier production delay,Increased safety stock,29-11-2025
RSK003146,SHP009156,15,25,3728,03-09-2025,Logistics,Shipment Delay,High,Inventory,74247,Open,Supplier production delay,Assigned alternate supplier,
RSK003147,SHP002097,4,347,468,07-02-2025,Logistics,Shipment Delay,Low,Supplier,3407,Resolved,Incorrect inventory records,Expedited shipment,09-02-2025
RSK003148,SHP002211,4,413,807,10-11-2025,Inventory,Inventory Mismatch,High,Supplier,92304,Resolved,Poor demand forecasting,Insurance claim initiated,19-11-2025
RSK003149,SHP007683,16,461,1209,05-09-2025,Weather,Flood,High,Supplier,56161,Resolved,Vehicle mechanical failure,Insurance claim initiated,15-09-2025
RSK003150,SHP002126,21,445,4756,29-09-2025,Financial,Cost Increase,Medium,Shipment,21033,Investigating,Poor demand forecasting,Route optimized,
RSK003151,SHP012395,13,155,3160,24-04-2025,Warehouse,Power Failure,Low,Customer,2065,Resolved,Vehicle mechanical failure,Increased safety stock,08-05-2025
RSK003152,SHP014840,25,68,4482,16-07-2025,Supplier,Late Delivery,Medium,Inventory,24406,Resolved,Customs clearance delay,Route optimized,21-07-2025
RSK003153,SHP004067,3,236,4436,15-04-2025,Supplier,Material Shortage,Low,Supplier,859,Mitigated,Customs clearance delay,Additional quality inspection,29-04-2025
RSK003154,SHP008015,11,227,3820,11-12-2025,Supplier,Material Shortage,Medium,Customer,18659,Mitigated,Poor demand forecasting,Additional quality inspection,15-12-2025
RSK003155,SHP007283,15,79,2238,21-02-2025,Logistics,Wrong Delivery,Medium,Inventory,17129,Investigating,Supplier production delay,Warehouse maintenance completed,
RSK003156,SHP013584,14,482,4836,20-05-2025,Logistics,Lost Shipment,Low,Warehouse,1733,Open,Poor demand forecasting,Emergency procurement completed,
RSK003157,SHP002134,21,371,4396,17-05-2025,Logistics,Route Blockage,Low,Inventory,2714,Mitigated,Heavy rainfall disrupted transport,Route optimized,19-05-2025
RSK003158,SHP013240,11,5,1283,08-04-2025,Logistics,Shipment Delay,High,Supplier,87416,Resolved,Supplier production delay,Insurance claim initiated,13-04-2025
RSK003159,SHP002275,20,287,1274,24-06-2025,Logistics,Shipment Delay,High,Warehouse,71471,Investigating,Warehouse power outage,Emergency procurement completed,
RSK003160,SHP001663,10,344,4072,01-06-2025,Transportation,Traffic Congestion,Medium,Shipment,22042,Resolved,Supplier production delay,Insurance claim initiated,09-06-2025
RSK003161,SHP014315,21,409,4156,29-06-2025,Logistics,Wrong Delivery,Low,Supplier,754,Resolved,Incorrect inventory records,Route optimized,12-07-2025
RSK003162,SHP006113,9,425,2161,15-09-2025,Logistics,Wrong Delivery,High,Inventory,72439,Resolved,Vehicle mechanical failure,Insurance claim initiated,22-09-2025
RSK003163,SHP003116,21,305,599,13-07-2025,Weather,Flood,Low,Supplier,2709,Resolved,Packaging quality issue,Emergency procurement completed,20-07-2025
RSK003164,SHP010589,3,335,1505,17-04-2025,Warehouse,Equipment Failure,Low,Warehouse,608,Open,Heavy rainfall disrupted transport,Emergency procurement completed,
RSK003165,SHP003456,2,451,699,09-12-2025,Product Quality,Packaging Damage,High,Shipment,49606,Resolved,Packaging quality issue,Additional quality inspection,23-12-2025
RSK003166,SHP000446,17,152,3452,11-11-2025,Warehouse,Equipment Failure,Low,Supplier,1068,Resolved,Incorrect inventory records,Route optimized,17-11-2025
RSK003167,SHP014104,4,153,1109,19-12-2025,Logistics,Shipment Delay,Medium,Supplier,19064,Resolved,Poor demand forecasting,Route optimized,25-12-2025
RSK003168,SHP013398,25,418,3752,30-10-2025,Supplier,Material Shortage,Low,Inventory,1688,Investigating,Heavy rainfall disrupted transport,Expedited shipment,
RSK003169,SHP012007,9,332,2251,03-08-2025,Logistics,Wrong Delivery,Low,Shipment,1568,Resolved,Incorrect inventory records,Expedited shipment,07-08-2025
RSK003170,SHP008470,16,482,3462,27-03-2025,Logistics,Route Blockage,Medium,Inventory,19414,Resolved,Heavy rainfall disrupted transport,Additional quality inspection,04-04-2025
RSK003171,SHP010017,10,210,2026,17-07-2025,Warehouse,Power Failure,Medium,Warehouse,13397,Open,Packaging quality issue,Increased safety stock,
RSK003172,SHP007438,3,222,2942,22-06-2025,Product Quality,Packaging Damage,Medium,Inventory,22736,Resolved,Packaging quality issue,Emergency procurement completed,27-06-2025
RSK003173,SHP011897,19,349,785,10-12-2025,Logistics,Shipment Delay,Low,Customer,852,Mitigated,Warehouse power outage,Emergency procurement completed,11-12-2025
RSK003174,SHP004826,25,483,1254,21-08-2025,Product Quality,Packaging Damage,High,Supplier,94047,Resolved,Poor demand forecasting,Route optimized,25-08-2025
RSK003175,SHP005214,20,228,2798,15-04-2025,Supplier,Supplier Capacity Issue,Low,Inventory,2408,Resolved,Warehouse power outage,Warehouse maintenance completed,25-04-2025
RSK003176,SHP004833,12,469,1038,15-01-2025,Supplier,Material Shortage,Low,Customer,1562,Resolved,Warehouse power outage,Additional quality inspection,27-01-2025
RSK003177,SHP009449,20,432,4146,09-10-2025,Logistics,Lost Shipment,High,Customer,68766,Investigating,Customs clearance delay,Additional quality inspection,
RSK003178,SHP010537,20,362,3672,25-06-2025,Product Quality,Manufacturing Defect,Medium,Inventory,8129,Resolved,Customs clearance delay,Emergency procurement completed,05-07-2025
RSK003179,SHP009231,19,387,4016,31-08-2025,Product Quality,Manufacturing Defect,Medium,Inventory,17333,Investigating,Warehouse power outage,Emergency procurement completed,
RSK003180,SHP002236,11,235,2122,13-05-2025,Supplier,Material Shortage,Low,Warehouse,772,Resolved,Incorrect inventory records,Route optimized,16-05-2025
RSK003181,SHP009821,16,308,3765,02-06-2025,Logistics,Wrong Delivery,Medium,Customer,13271,Resolved,Warehouse power outage,Increased safety stock,13-06-2025
RSK003182,SHP009678,3,284,1324,16-02-2025,Warehouse,Fire Alarm,Medium,Inventory,10204,Resolved,Poor demand forecasting,Route optimized,26-02-2025
RSK003183,SHP010353,22,471,1004,08-02-2025,Logistics,Shipment Delay,Low,Inventory,4416,Resolved,Supplier production delay,Route optimized,09-02-2025
RSK003184,SHP003507,24,370,3940,09-02-2025,Warehouse,Equipment Failure,High,Warehouse,88626,Mitigated,Vehicle mechanical failure,Additional quality inspection,21-02-2025
RSK003185,SHP014010,9,470,3365,30-10-2025,Warehouse,Storage Capacity Full,High,Warehouse,68665,Mitigated,Heavy rainfall disrupted transport,Expedited shipment,01-11-2025
RSK003186,SHP002447,14,361,1926,18-11-2025,Logistics,Route Blockage,Low,Warehouse,4463,Mitigated,Packaging quality issue,Insurance claim initiated,20-11-2025
RSK003187,SHP010906,11,419,1870,11-04-2025,Inventory,Inventory Mismatch,Low,Supplier,4911,Resolved,Warehouse power outage,Route optimized,14-04-2025
RSK003188,SHP006849,17,286,3855,17-11-2025,Warehouse,Power Failure,Medium,Customer,23226,Resolved,Vehicle mechanical failure,Expedited shipment,27-11-2025
RSK003189,SHP013830,6,425,4583,14-07-2025,Logistics,Lost Shipment,Medium,Inventory,15231,Resolved,Customs clearance delay,Expedited shipment,22-07-2025
RSK003190,SHP013111,25,96,3429,31-07-2025,Inventory,Stockout,High,Shipment,86183,Resolved,Warehouse power outage,Route optimized,06-08-2025
RSK003191,SHP012332,10,177,645,09-11-2025,Inventory,Inventory Mismatch,Low,Inventory,1621,Mitigated,Warehouse power outage,Route optimized,22-11-2025
RSK003192,SHP000099,4,300,4483,13-05-2025,Weather,Heavy Rain,Low,Inventory,2156,Mitigated,Supplier production delay,Emergency procurement completed,22-05-2025
RSK003193,SHP006145,25,338,2421,22-03-2025,Inventory,Inventory Mismatch,Low,Inventory,1915,Resolved,Poor demand forecasting,Expedited shipment,04-04-2025
RSK003194,SHP008350,12,216,1302,30-04-2025,Product Quality,Damaged Goods,Medium,Supplier,19414,Resolved,Packaging quality issue,Additional quality inspection,14-05-2025
RSK003195,SHP004991,9,190,2012,20-01-2025,Inventory,Stockout,Medium,Supplier,9679,Resolved,Warehouse power outage,Assigned alternate supplier,24-01-2025
RSK003196,SHP013677,20,255,1956,03-12-2025,Logistics,Shipment Delay,Low,Supplier,1792,Resolved,Packaging quality issue,Warehouse maintenance completed,16-12-2025
RSK003197,SHP014580,13,116,241,30-01-2025,Warehouse,Power Failure,Low,Inventory,3412,Mitigated,Warehouse power outage,Increased safety stock,07-02-2025
RSK003198,SHP000687,6,387,2327,07-04-2025,Inventory,Inventory Mismatch,High,Supplier,62718,Resolved,Heavy rainfall disrupted transport,Additional quality inspection,16-04-2025
RSK003199,SHP008676,11,15,4762,08-07-2025,Supplier,Late Delivery,Low,Shipment,2973,Resolved,Supplier production delay,Route optimized,11-07-2025
RSK003200,SHP014307,20,458,4567,02-09-2025,Warehouse,Storage Capacity Full,Low,Shipment,4530,Resolved,Warehouse power outage,Additional quality inspection,13-09-2025
RSK003201,SHP009949,2,345,4538,17-09-2025,Logistics,Route Blockage,Medium,Supplier,21057,Resolved,Warehouse power outage,Increased safety stock,24-09-2025
RSK003202,SHP012544,18,494,4809,14-09-2025,Product Quality,Packaging Damage,Low,Inventory,2668,Mitigated,Packaging quality issue,Emergency procurement completed,15-09-2025
RSK003203,SHP009957,8,228,27,02-12-2025,Transportation,Fuel Shortage,Low,Supplier,2212,Resolved,Incorrect inventory records,Emergency procurement completed,12-12-2025
RSK003204,SHP003077,15,327,3063,19-02-2025,Inventory,Stockout,Medium,Supplier,20611,Resolved,Poor demand forecasting,Route optimized,22-02-2025
RSK003205,SHP001502,18,25,4257,23-05-2025,Logistics,Lost Shipment,Low,Supplier,3499,Resolved,Incorrect inventory records,Emergency procurement completed,24-05-2025
RSK003206,SHP013263,20,486,2016,28-11-2025,Weather,Flood,Medium,Inventory,7715,Resolved,Warehouse power outage,Additional quality inspection,05-12-2025
RSK003207,SHP010272,2,352,3558,11-09-2025,Product Quality,Packaging Damage,Low,Shipment,1731,Resolved,Vehicle mechanical failure,Insurance claim initiated,23-09-2025
RSK003208,SHP001127,7,495,4187,18-04-2025,Logistics,Route Blockage,Medium,Customer,12025,Resolved,Warehouse power outage,Warehouse maintenance completed,21-04-2025
RSK003209,SHP008003,7,163,3190,30-08-2025,Inventory,Inventory Mismatch,Medium,Customer,23687,Resolved,Poor demand forecasting,Additional quality inspection,01-09-2025
RSK003210,SHP000207,1,386,3684,08-11-2025,Warehouse,Equipment Failure,Low,Shipment,1391,Investigating,Supplier production delay,Route optimized,
RSK003211,SHP013984,1,469,2029,05-12-2025,Weather,Cyclone,Medium,Shipment,6007,Resolved,Customs clearance delay,Assigned alternate supplier,12-12-2025
RSK003212,SHP014850,25,118,4367,17-01-2025,Logistics,Route Blockage,Critical,Shipment,381072,Resolved,Supplier production delay,Route optimized,20-01-2025
RSK003213,SHP013965,9,200,3615,19-11-2025,Logistics,Shipment Delay,High,Warehouse,39363,Mitigated,Incorrect inventory records,Route optimized,02-12-2025
RSK003214,SHP011113,8,210,693,13-12-2025,Inventory,Inventory Mismatch,Low,Customer,4536,Resolved,Vehicle mechanical failure,Insurance claim initiated,18-12-2025
RSK003215,SHP014646,16,381,355,20-12-2025,Inventory,Overstock,High,Warehouse,81716,Investigating,Customs clearance delay,Route optimized,
RSK003216,SHP004563,5,122,1932,21-04-2025,Inventory,Stockout,Low,Customer,697,Resolved,Packaging quality issue,Warehouse maintenance completed,01-05-2025
RSK003217,SHP006272,17,232,3654,14-05-2025,Warehouse,Fire Alarm,Low,Inventory,3592,Resolved,Packaging quality issue,Expedited shipment,15-05-2025
RSK003218,SHP010723,20,228,292,02-05-2025,Warehouse,Fire Alarm,High,Customer,57988,Resolved,Poor demand forecasting,Additional quality inspection,10-05-2025
RSK003219,SHP011236,21,476,935,25-11-2025,Inventory,Overstock,Medium,Supplier,23991,Resolved,Customs clearance delay,Assigned alternate supplier,26-11-2025
RSK003220,SHP014414,7,460,4684,01-07-2025,Supplier,Late Delivery,Low,Warehouse,4981,Resolved,Vehicle mechanical failure,Insurance claim initiated,06-07-2025
RSK003221,SHP012889,18,235,1408,10-04-2025,Product Quality,Manufacturing Defect,Medium,Inventory,15972,Investigating,Warehouse power outage,Expedited shipment,
RSK003222,SHP010708,1,461,2144,21-06-2025,Inventory,Stockout,High,Inventory,68526,Resolved,Heavy rainfall disrupted transport,Increased safety stock,05-07-2025
RSK003223,SHP002899,22,150,1671,09-04-2025,Logistics,Lost Shipment,High,Customer,91420,Resolved,Customs clearance delay,Increased safety stock,16-04-2025
RSK003224,SHP012900,5,298,2027,20-12-2025,Logistics,Lost Shipment,High,Customer,41284,Resolved,Heavy rainfall disrupted transport,Insurance claim initiated,31-12-2025
RSK003225,SHP005508,18,345,72,13-01-2025,Logistics,Route Blockage,Medium,Warehouse,20428,Mitigated,Packaging quality issue,Insurance claim initiated,16-01-2025
RSK003226,SHP010766,11,129,347,18-10-2025,Supplier,Material Shortage,Medium,Shipment,18421,Resolved,Poor demand forecasting,Warehouse maintenance completed,29-10-2025
RSK003227,SHP013846,17,118,1411,11-10-2025,Supplier,Material Shortage,Low,Warehouse,1529,Resolved,Warehouse power outage,Increased safety stock,12-10-2025
RSK003228,SHP014465,13,43,3263,20-08-2025,Supplier,Supplier Capacity Issue,Medium,Supplier,9745,Mitigated,Warehouse power outage,Route optimized,29-08-2025
RSK003229,SHP010133,16,136,2859,17-03-2025,Logistics,Route Blockage,Medium,Inventory,9961,Mitigated,Customs clearance delay,Warehouse maintenance completed,18-03-2025
RSK003230,SHP013268,22,16,3970,21-06-2025,Logistics,Route Blockage,Medium,Warehouse,13507,Mitigated,Warehouse power outage,Additional quality inspection,26-06-2025
RSK003231,SHP014105,6,99,4899,23-10-2025,Warehouse,Fire Alarm,Medium,Supplier,8922,Investigating,Vehicle mechanical failure,Warehouse maintenance completed,
RSK003232,SHP007483,17,37,2074,04-02-2025,Warehouse,Equipment Failure,Low,Customer,3897,Resolved,Vehicle mechanical failure,Expedited shipment,16-02-2025
RSK003233,SHP006945,2,119,1479,10-11-2025,Supplier,Late Delivery,Medium,Customer,5461,Resolved,Packaging quality issue,Expedited shipment,15-11-2025
RSK003234,SHP001695,20,71,2228,20-07-2025,Logistics,Lost Shipment,Low,Warehouse,2629,Mitigated,Customs clearance delay,Warehouse maintenance completed,01-08-2025
RSK003235,SHP010099,24,206,2525,07-11-2025,Logistics,Shipment Delay,Low,Warehouse,1489,Mitigated,Supplier production delay,Insurance claim initiated,16-11-2025
RSK003236,SHP003976,25,38,4998,01-02-2025,Supplier,Supplier Capacity Issue,Low,Supplier,3436,Open,Incorrect inventory records,Assigned alternate supplier,
RSK003237,SHP011810,19,73,29,14-08-2025,Weather,Heavy Rain,Low,Warehouse,1280,Mitigated,Heavy rainfall disrupted transport,Route optimized,25-08-2025
RSK003238,SHP001312,11,9,2837,02-03-2025,Weather,Cyclone,Low,Supplier,2924,Mitigated,Supplier production delay,Route optimized,15-03-2025
RSK003239,SHP006012,22,427,167,21-09-2025,Inventory,Inventory Mismatch,High,Customer,94890,Open,Vehicle mechanical failure,Assigned alternate supplier,
RSK003240,SHP014892,3,445,2750,16-12-2025,Inventory,Stockout,Low,Warehouse,1874,Resolved,Packaging quality issue,Route optimized,18-12-2025
RSK003241,SHP002227,12,232,1518,06-12-2025,Supplier,Late Delivery,Low,Warehouse,3816,Resolved,Vehicle mechanical failure,Increased safety stock,12-12-2025
RSK003242,SHP001780,7,76,4488,13-04-2025,Transportation,Fuel Shortage,Low,Supplier,4553,Resolved,Packaging quality issue,Insurance claim initiated,25-04-2025
RSK003243,SHP002173,4,337,85,30-09-2025,Inventory,Overstock,Low,Supplier,1705,Investigating,Supplier production delay,Additional quality inspection,
RSK003244,SHP012064,5,242,2391,25-09-2025,Warehouse,Fire Alarm,Low,Supplier,1114,Resolved,Supplier production delay,Emergency procurement completed,09-10-2025
RSK003245,SHP010025,7,256,476,21-10-2025,Warehouse,Fire Alarm,High,Inventory,93684,Open,Vehicle mechanical failure,Increased safety stock,
RSK003246,SHP012119,17,170,4363,19-01-2025,Inventory,Stockout,Low,Supplier,4997,Investigating,Vehicle mechanical failure,Route optimized,
RSK003247,SHP001160,22,380,2992,24-09-2025,Transportation,Fuel Shortage,Medium,Customer,19471,Resolved,Warehouse power outage,Insurance claim initiated,28-09-2025
RSK003248,SHP011310,14,273,1274,13-05-2025,Logistics,Shipment Delay,Medium,Warehouse,20582,Investigating,Supplier production delay,Emergency procurement completed,
RSK003249,SHP012778,4,160,3728,25-12-2025,Inventory,Inventory Mismatch,Low,Customer,3902,Resolved,Customs clearance delay,Emergency procurement completed,27-12-2025
RSK003250,SHP006071,5,232,2953,26-11-2025,Transportation,Vehicle Breakdown,Low,Warehouse,2560,Resolved,Supplier production delay,Assigned alternate supplier,03-12-2025
RSK003251,SHP001805,1,325,1401,21-10-2025,Weather,Heavy Rain,Low,Customer,2284,Resolved,Packaging quality issue,Assigned alternate supplier,29-10-2025
RSK003252,SHP007751,14,193,3588,02-03-2025,Weather,Heavy Rain,High,Warehouse,75086,Mitigated,Vehicle mechanical failure,Insurance claim initiated,13-03-2025
RSK003253,SHP000845,11,473,3656,23-10-2025,Inventory,Inventory Mismatch,Medium,Inventory,17704,Mitigated,Incorrect inventory records,Route optimized,02-11-2025
RSK003254,SHP001371,15,305,2093,13-04-2025,Product Quality,Packaging Damage,Low,Supplier,1007,Open,Heavy rainfall disrupted transport,Warehouse maintenance completed,
RSK003255,SHP007117,11,333,2104,13-09-2025,Product Quality,Manufacturing Defect,Medium,Shipment,13096,Investigating,Vehicle mechanical failure,Assigned alternate supplier,
RSK003256,SHP004298,5,172,3430,03-12-2025,Supplier,Supplier Capacity Issue,Medium,Shipment,11896,Resolved,Heavy rainfall disrupted transport,Insurance claim initiated,17-12-2025
RSK003257,SHP002562,1,401,2868,25-02-2025,Inventory,Overstock,High,Supplier,38811,Resolved,Customs clearance delay,Increased safety stock,01-03-2025
RSK003258,SHP002456,6,486,4017,01-11-2025,Product Quality,Packaging Damage,Medium,Customer,14762,Resolved,Heavy rainfall disrupted transport,Additional quality inspection,07-11-2025
RSK003259,SHP002111,3,15,3081,10-07-2025,Financial,Cost Increase,Critical,Inventory,301087,Mitigated,Packaging quality issue,Assigned alternate supplier,22-07-2025
RSK003260,SHP008102,7,281,1675,02-09-2025,Product Quality,Packaging Damage,Low,Inventory,3331,Mitigated,Packaging quality issue,Warehouse maintenance completed,13-09-2025
RSK003261,SHP001838,20,286,3027,28-11-2025,Product Quality,Manufacturing Defect,Low,Warehouse,2121,Resolved,Heavy rainfall disrupted transport,Expedited shipment,03-12-2025
RSK003262,SHP000336,24,82,4150,17-12-2025,Warehouse,Equipment Failure,Low,Warehouse,3849,Resolved,Poor demand forecasting,Insurance claim initiated,26-12-2025
RSK003263,SHP014313,15,268,271,31-01-2025,Logistics,Wrong Delivery,Low,Customer,2108,Mitigated,Heavy rainfall disrupted transport,Increased safety stock,03-02-2025
RSK003264,SHP001125,15,23,391,05-01-2025,Warehouse,Equipment Failure,Low,Inventory,4193,Open,Customs clearance delay,Additional quality inspection,
RSK003265,SHP009624,17,138,4347,05-08-2025,Inventory,Stockout,Low,Inventory,4764,Resolved,Customs clearance delay,Route optimized,12-08-2025
RSK003266,SHP012995,12,143,4780,05-07-2025,Warehouse,Power Failure,Low,Supplier,1314,Mitigated,Incorrect inventory records,Increased safety stock,14-07-2025
RSK003267,SHP001807,15,362,4910,08-09-2025,Logistics,Lost Shipment,Low,Inventory,1735,Mitigated,Supplier production delay,Assigned alternate supplier,11-09-2025
RSK003268,SHP001360,21,56,4132,16-10-2025,Weather,Flood,Critical,Shipment,424761,Resolved,Vehicle mechanical failure,Assigned alternate supplier,21-10-2025
RSK003269,SHP004028,1,368,2423,29-07-2025,Inventory,Overstock,Medium,Supplier,5620,Investigating,Vehicle mechanical failure,Insurance claim initiated,
RSK003270,SHP007275,16,244,1977,23-08-2025,Inventory,Overstock,Medium,Warehouse,17773,Resolved,Warehouse power outage,Expedited shipment,26-08-2025
RSK003271,SHP013770,4,9,2363,09-01-2025,Weather,Flood,High,Inventory,88041,Mitigated,Warehouse power outage,Additional quality inspection,14-01-2025
RSK003272,SHP003834,2,255,1713,17-11-2025,Supplier,Material Shortage,Medium,Supplier,7266,Mitigated,Poor demand forecasting,Insurance claim initiated,20-11-2025
RSK003273,SHP005221,1,433,3200,15-09-2025,Logistics,Wrong Delivery,High,Customer,25892,Resolved,Poor demand forecasting,Insurance claim initiated,17-09-2025
RSK003274,SHP011800,8,498,4224,21-06-2025,Weather,Heavy Rain,High,Inventory,48569,Investigating,Poor demand forecasting,Insurance claim initiated,
RSK003275,SHP001845,5,238,668,16-05-2025,Inventory,Stockout,High,Shipment,85287,Resolved,Heavy rainfall disrupted transport,Additional quality inspection,30-05-2025
RSK003276,SHP008124,24,458,3583,12-06-2025,Inventory,Overstock,Low,Warehouse,822,Resolved,Supplier production delay,Additional quality inspection,25-06-2025
RSK003277,SHP010024,19,395,2386,31-03-2025,Inventory,Inventory Mismatch,Medium,Warehouse,18925,Open,Incorrect inventory records,Insurance claim initiated,
RSK003278,SHP008248,24,160,3340,09-12-2025,Logistics,Wrong Delivery,Medium,Supplier,21571,Resolved,Heavy rainfall disrupted transport,Additional quality inspection,10-12-2025
RSK003279,SHP008279,7,433,2669,13-04-2025,Inventory,Stockout,Low,Supplier,2511,Resolved,Warehouse power outage,Warehouse maintenance completed,15-04-2025
RSK003280,SHP002938,24,13,3508,30-08-2025,Inventory,Stockout,Low,Supplier,2109,Resolved,Warehouse power outage,Assigned alternate supplier,03-09-2025
RSK003281,SHP009740,24,163,3752,06-09-2025,Inventory,Stockout,Low,Supplier,1549,Resolved,Incorrect inventory records,Expedited shipment,15-09-2025
RSK003282,SHP013975,1,229,299,25-01-2025,Supplier,Late Delivery,Medium,Supplier,6754,Resolved,Supplier production delay,Assigned alternate supplier,29-01-2025
RSK003283,SHP014607,4,462,3009,06-06-2025,Logistics,Route Blockage,Medium,Warehouse,9843,Investigating,Poor demand forecasting,Increased safety stock,
RSK003284,SHP002961,9,346,4890,01-07-2025,Financial,Currency Fluctuation,Medium,Shipment,9951,Resolved,Packaging quality issue,Additional quality inspection,06-07-2025
RSK003285,SHP010810,10,61,4634,22-03-2025,Logistics,Lost Shipment,Low,Inventory,2381,Resolved,Vehicle mechanical failure,Additional quality inspection,05-04-2025
RSK003286,SHP010549,15,106,1967,04-04-2025,Logistics,Route Blockage,Medium,Customer,23111,Resolved,Heavy rainfall disrupted transport,Assigned alternate supplier,07-04-2025
RSK003287,SHP001644,10,25,920,16-07-2025,Inventory,Overstock,Low,Customer,605,Resolved,Poor demand forecasting,Assigned alternate supplier,30-07-2025
RSK003288,SHP003000,6,100,889,21-08-2025,Logistics,Lost Shipment,Medium,Supplier,15736,Resolved,Vehicle mechanical failure,Assigned alternate supplier,31-08-2025
RSK003289,SHP007035,22,36,838,04-11-2025,Financial,Cost Increase,High,Supplier,95380,Open,Heavy rainfall disrupted transport,Increased safety stock,
RSK003290,SHP012338,21,467,1580,05-04-2025,Inventory,Inventory Mismatch,Medium,Supplier,14313,Mitigated,Vehicle mechanical failure,Insurance claim initiated,11-04-2025
RSK003291,SHP014022,1,442,4449,21-04-2025,Logistics,Route Blockage,High,Customer,25106,Investigating,Incorrect inventory records,Additional quality inspection,
RSK003292,SHP005173,24,479,1450,04-10-2025,Warehouse,Power Failure,Low,Warehouse,1980,Resolved,Vehicle mechanical failure,Warehouse maintenance completed,05-10-2025
RSK003293,SHP007242,11,423,2329,14-12-2025,Warehouse,Equipment Failure,Critical,Supplier,421078,Resolved,Packaging quality issue,Additional quality inspection,28-12-2025
RSK003294,SHP008140,12,114,290,16-07-2025,Supplier,Material Shortage,High,Supplier,88900,Resolved,Vehicle mechanical failure,Emergency procurement completed,18-07-2025
RSK003295,SHP013676,19,4,2139,03-07-2025,Weather,Flood,Medium,Customer,21601,Resolved,Warehouse power outage,Warehouse maintenance completed,08-07-2025
RSK003296,SHP012974,14,323,98,06-02-2025,Inventory,Stockout,Medium,Customer,10160,Investigating,Vehicle mechanical failure,Emergency procurement completed,
RSK003297,SHP014897,23,276,1382,27-07-2025,Logistics,Route Blockage,Critical,Customer,159565,Resolved,Heavy rainfall disrupted transport,Warehouse maintenance completed,02-08-2025
RSK003298,SHP001976,23,180,4360,08-05-2025,Supplier,Late Delivery,High,Shipment,87475,Investigating,Warehouse power outage,Increased safety stock,
RSK003299,SHP013734,9,133,4937,17-07-2025,Logistics,Lost Shipment,Medium,Customer,12200,Resolved,Vehicle mechanical failure,Route optimized,31-07-2025
RSK003300,SHP014691,15,435,1084,27-08-2025,Financial,Currency Fluctuation,High,Inventory,95908,Investigating,Vehicle mechanical failure,Assigned alternate supplier,
RSK003301,SHP003353,24,197,185,14-03-2025,Inventory,Stockout,Low,Inventory,4011,Investigating,Supplier production delay,Additional quality inspection,
RSK003302,SHP000398,6,446,1154,27-03-2025,Logistics,Lost Shipment,Medium,Inventory,8460,Resolved,Incorrect inventory records,Warehouse maintenance completed,30-03-2025
RSK003303,SHP014863,9,124,540,07-03-2025,Warehouse,Equipment Failure,Medium,Shipment,8075,Mitigated,Warehouse power outage,Emergency procurement completed,20-03-2025
RSK003304,SHP013345,15,303,1443,11-05-2025,Product Quality,Packaging Damage,Low,Supplier,2314,Resolved,Customs clearance delay,Expedited shipment,13-05-2025
RSK003305,SHP000839,15,304,989,26-06-2025,Inventory,Overstock,Medium,Warehouse,23052,Resolved,Customs clearance delay,Increased safety stock,10-07-2025
RSK003306,SHP011661,10,72,1260,04-06-2025,Inventory,Inventory Mismatch,Low,Customer,1909,Investigating,Customs clearance delay,Increased safety stock,
RSK003307,SHP004585,20,173,3949,28-04-2025,Supplier,Late Delivery,Low,Inventory,976,Resolved,Customs clearance delay,Increased safety stock,03-05-2025
RSK003308,SHP010981,3,180,3014,03-04-2025,Transportation,Traffic Congestion,High,Supplier,34758,Investigating,Customs clearance delay,Emergency procurement completed,
RSK003309,SHP009228,22,55,1569,04-12-2025,Inventory,Overstock,Medium,Customer,18443,Resolved,Incorrect inventory records,Route optimized,16-12-2025
RSK003310,SHP003168,6,28,1932,14-09-2025,Logistics,Wrong Delivery,Medium,Shipment,22830,Resolved,Incorrect inventory records,Warehouse maintenance completed,18-09-2025
RSK003311,SHP000442,1,185,2338,25-02-2025,Inventory,Stockout,Low,Warehouse,3636,Mitigated,Supplier production delay,Assigned alternate supplier,01-03-2025
RSK003312,SHP012414,3,261,119,15-03-2025,Logistics,Shipment Delay,Critical,Supplier,254224,Resolved,Customs clearance delay,Increased safety stock,23-03-2025
RSK003313,SHP011528,6,388,2941,21-03-2025,Logistics,Wrong Delivery,Medium,Warehouse,18054,Mitigated,Heavy rainfall disrupted transport,Additional quality inspection,27-03-2025
RSK003314,SHP005384,13,255,2850,17-06-2025,Logistics,Route Blockage,Medium,Inventory,14474,Mitigated,Supplier production delay,Route optimized,28-06-2025
RSK003315,SHP008540,10,294,184,19-05-2025,Weather,Cyclone,Low,Customer,984,Resolved,Poor demand forecasting,Route optimized,26-05-2025
RSK003316,SHP009630,18,445,1041,23-04-2025,Supplier,Late Delivery,High,Customer,91570,Resolved,Poor demand forecasting,Additional quality inspection,07-05-2025
RSK003317,SHP003255,5,246,3809,22-04-2025,Weather,Heavy Rain,Low,Customer,2994,Investigating,Vehicle mechanical failure,Increased safety stock,
RSK003318,SHP008987,15,136,3420,06-01-2025,Warehouse,Equipment Failure,Low,Warehouse,3774,Investigating,Vehicle mechanical failure,Assigned alternate supplier,
RSK003319,SHP003692,19,22,1532,11-06-2025,Logistics,Shipment Delay,Low,Warehouse,4080,Resolved,Packaging quality issue,Increased safety stock,20-06-2025
RSK003320,SHP002846,5,67,664,15-12-2025,Warehouse,Storage Capacity Full,High,Customer,46183,Resolved,Incorrect inventory records,Expedited shipment,26-12-2025
RSK003321,SHP013277,6,497,2011,13-10-2025,Product Quality,Manufacturing Defect,Low,Shipment,1214,Mitigated,Incorrect inventory records,Additional quality inspection,24-10-2025
RSK003322,SHP002976,4,394,4805,19-12-2025,Supplier,Supplier Capacity Issue,Low,Inventory,619,Resolved,Customs clearance delay,Route optimized,31-12-2025
RSK003323,SHP011475,15,62,4981,27-06-2025,Supplier,Supplier Capacity Issue,Medium,Inventory,16619,Open,Poor demand forecasting,Route optimized,
RSK003324,SHP009588,12,272,4125,28-02-2025,Logistics,Wrong Delivery,High,Inventory,31677,Resolved,Packaging quality issue,Insurance claim initiated,08-03-2025
RSK003325,SHP003836,19,216,3719,09-01-2025,Supplier,Material Shortage,Medium,Supplier,18756,Resolved,Heavy rainfall disrupted transport,Additional quality inspection,10-01-2025
RSK003326,SHP012071,23,414,2389,14-02-2025,Logistics,Route Blockage,High,Shipment,72456,Investigating,Poor demand forecasting,Expedited shipment,
RSK003327,SHP004939,19,218,913,25-11-2025,Warehouse,Fire Alarm,High,Customer,83148,Resolved,Customs clearance delay,Increased safety stock,05-12-2025
RSK003328,SHP003226,21,364,3637,23-10-2025,Warehouse,Storage Capacity Full,Medium,Customer,24168,Resolved,Supplier production delay,Emergency procurement completed,29-10-2025
RSK003329,SHP001441,23,6,1392,07-05-2025,Inventory,Overstock,High,Warehouse,37833,Investigating,Packaging quality issue,Increased safety stock,
RSK003330,SHP012317,16,268,3902,11-09-2025,Inventory,Overstock,Low,Shipment,2230,Resolved,Vehicle mechanical failure,Expedited shipment,22-09-2025
RSK003331,SHP009509,20,131,1023,16-12-2025,Logistics,Lost Shipment,High,Supplier,53047,Investigating,Supplier production delay,Emergency procurement completed,
RSK003332,SHP002164,24,451,1353,22-10-2025,Warehouse,Fire Alarm,Critical,Customer,412220,Resolved,Vehicle mechanical failure,Increased safety stock,25-10-2025
RSK003333,SHP005307,12,235,507,15-08-2025,Inventory,Inventory Mismatch,Medium,Inventory,14932,Mitigated,Vehicle mechanical failure,Increased safety stock,26-08-2025
RSK003334,SHP014523,20,384,197,04-03-2025,Supplier,Material Shortage,Critical,Inventory,176061,Investigating,Supplier production delay,Expedited shipment,
RSK003335,SHP001064,3,469,1128,20-10-2025,Warehouse,Equipment Failure,Critical,Customer,434000,Resolved,Packaging quality issue,Emergency procurement completed,25-10-2025
RSK003336,SHP009282,11,228,2274,30-06-2025,Product Quality,Manufacturing Defect,Critical,Inventory,306040,Open,Incorrect inventory records,Expedited shipment,
RSK003337,SHP005197,18,376,1534,28-02-2025,Logistics,Lost Shipment,Medium,Inventory,24646,Resolved,Supplier production delay,Expedited shipment,14-03-2025
RSK003338,SHP013119,12,162,1038,06-03-2025,Inventory,Inventory Mismatch,High,Warehouse,93312,Resolved,Supplier production delay,Emergency procurement completed,14-03-2025
RSK003339,SHP011020,11,173,2612,24-06-2025,Supplier,Supplier Capacity Issue,Medium,Shipment,21217,Mitigated,Packaging quality issue,Emergency procurement completed,25-06-2025
RSK003340,SHP013374,23,332,3412,03-09-2025,Warehouse,Fire Alarm,Low,Warehouse,970,Open,Packaging quality issue,Route optimized,
RSK003341,SHP000040,8,367,3113,20-02-2025,Logistics,Route Blockage,Medium,Customer,19729,Resolved,Incorrect inventory records,Warehouse maintenance completed,22-02-2025
RSK003342,SHP003977,16,31,4860,22-11-2025,Warehouse,Power Failure,Low,Supplier,2437,Mitigated,Vehicle mechanical failure,Increased safety stock,25-11-2025
RSK003343,SHP000632,2,499,1594,29-01-2025,Inventory,Inventory Mismatch,Medium,Warehouse,20894,Mitigated,Heavy rainfall disrupted transport,Increased safety stock,03-02-2025
RSK003344,SHP013050,3,362,3383,17-01-2025,Logistics,Shipment Delay,Low,Warehouse,2935,Resolved,Heavy rainfall disrupted transport,Emergency procurement completed,18-01-2025
RSK003345,SHP003496,23,115,625,13-05-2025,Warehouse,Power Failure,High,Customer,82769,Resolved,Customs clearance delay,Insurance claim initiated,22-05-2025
RSK003346,SHP000997,11,284,147,24-09-2025,Supplier,Supplier Capacity Issue,High,Inventory,54877,Resolved,Customs clearance delay,Warehouse maintenance completed,08-10-2025
RSK003347,SHP003425,2,240,3083,10-05-2025,Logistics,Shipment Delay,High,Warehouse,61038,Resolved,Heavy rainfall disrupted transport,Assigned alternate supplier,21-05-2025
RSK003348,SHP007505,23,149,587,18-05-2025,Product Quality,Packaging Damage,High,Shipment,85635,Investigating,Packaging quality issue,Emergency procurement completed,
RSK003349,SHP011578,5,427,516,04-09-2025,Logistics,Shipment Delay,Medium,Warehouse,20073,Resolved,Customs clearance delay,Increased safety stock,17-09-2025
RSK003350,SHP009613,9,53,4771,26-12-2025,Product Quality,Damaged Goods,Low,Warehouse,3217,Mitigated,Warehouse power outage,Insurance claim initiated,27-12-2025
RSK003351,SHP014102,12,255,4149,20-06-2025,Supplier,Supplier Capacity Issue,Low,Warehouse,4351,Resolved,Customs clearance delay,Emergency procurement completed,21-06-2025
RSK003352,SHP006635,13,42,4127,18-03-2025,Weather,Cyclone,High,Customer,50466,Mitigated,Incorrect inventory records,Route optimized,21-03-2025
RSK003353,SHP006706,13,321,3814,19-12-2025,Logistics,Wrong Delivery,Low,Customer,2581,Resolved,Vehicle mechanical failure,Route optimized,30-12-2025
RSK003354,SHP002256,10,300,249,02-11-2025,Logistics,Shipment Delay,Medium,Warehouse,20232,Resolved,Poor demand forecasting,Warehouse maintenance completed,10-11-2025
RSK003355,SHP000128,21,121,1563,09-12-2025,Supplier,Supplier Capacity Issue,Medium,Inventory,9934,Mitigated,Incorrect inventory records,Insurance claim initiated,22-12-2025
RSK003356,SHP009491,12,91,2124,22-06-2025,Logistics,Shipment Delay,Low,Warehouse,4187,Resolved,Supplier production delay,Increased safety stock,27-06-2025
RSK003357,SHP012572,25,366,2827,18-02-2025,Logistics,Lost Shipment,Low,Supplier,2040,Mitigated,Warehouse power outage,Increased safety stock,27-02-2025
RSK003358,SHP013392,22,327,3995,25-04-2025,Supplier,Supplier Capacity Issue,Low,Inventory,2870,Mitigated,Incorrect inventory records,Route optimized,29-04-2025
RSK003359,SHP013365,20,90,3208,28-03-2025,Warehouse,Storage Capacity Full,High,Supplier,97306,Resolved,Customs clearance delay,Emergency procurement completed,02-04-2025
RSK003360,SHP005819,9,491,3164,24-09-2025,Inventory,Inventory Mismatch,Medium,Customer,6333,Resolved,Customs clearance delay,Assigned alternate supplier,26-09-2025
RSK003361,SHP012964,7,407,2371,14-03-2025,Logistics,Lost Shipment,Low,Supplier,1641,Mitigated,Poor demand forecasting,Additional quality inspection,27-03-2025
RSK003362,SHP007847,17,3,4534,03-06-2025,Warehouse,Fire Alarm,Critical,Shipment,434104,Resolved,Incorrect inventory records,Expedited shipment,06-06-2025
RSK003363,SHP000532,5,342,2983,04-10-2025,Warehouse,Fire Alarm,Low,Customer,4519,Resolved,Incorrect inventory records,Insurance claim initiated,18-10-2025
RSK003364,SHP007803,20,151,3029,02-04-2025,Inventory,Stockout,Low,Customer,695,Mitigated,Packaging quality issue,Route optimized,03-04-2025
RSK003365,SHP000991,14,351,4174,27-11-2025,Logistics,Lost Shipment,Low,Supplier,1035,Resolved,Poor demand forecasting,Emergency procurement completed,07-12-2025
RSK003366,SHP013690,3,440,3418,11-05-2025,Warehouse,Power Failure,Medium,Customer,19498,Mitigated,Customs clearance delay,Expedited shipment,13-05-2025
RSK003367,SHP000370,8,111,3231,18-01-2025,Inventory,Inventory Mismatch,Medium,Customer,10721,Resolved,Supplier production delay,Warehouse maintenance completed,21-01-2025
RSK003368,SHP005211,11,244,3582,11-03-2025,Inventory,Inventory Mismatch,Medium,Inventory,21761,Mitigated,Supplier production delay,Additional quality inspection,20-03-2025
RSK003369,SHP013718,20,237,2559,21-03-2025,Logistics,Wrong Delivery,Low,Warehouse,4557,Resolved,Heavy rainfall disrupted transport,Insurance claim initiated,22-03-2025
RSK003370,SHP008312,3,425,3490,29-09-2025,Inventory,Stockout,High,Inventory,94084,Resolved,Heavy rainfall disrupted transport,Increased safety stock,12-10-2025
RSK003371,SHP002541,20,210,1834,05-06-2025,Inventory,Stockout,Low,Customer,3823,Investigating,Warehouse power outage,Additional quality inspection,
RSK003372,SHP003239,11,18,1288,31-01-2025,Warehouse,Equipment Failure,Low,Inventory,3266,Resolved,Customs clearance delay,Route optimized,01-02-2025
RSK003373,SHP014242,14,263,4104,25-10-2025,Weather,Heavy Rain,Medium,Inventory,23214,Mitigated,Packaging quality issue,Warehouse maintenance completed,26-10-2025
RSK003374,SHP005418,18,471,939,14-05-2025,Logistics,Route Blockage,Low,Inventory,2196,Resolved,Vehicle mechanical failure,Assigned alternate supplier,23-05-2025
RSK003375,SHP003206,15,431,1275,15-10-2025,Inventory,Stockout,Low,Warehouse,520,Resolved,Vehicle mechanical failure,Warehouse maintenance completed,25-10-2025
RSK003376,SHP007135,1,369,2183,29-07-2025,Logistics,Lost Shipment,Medium,Shipment,15390,Mitigated,Supplier production delay,Assigned alternate supplier,02-08-2025
RSK003377,SHP000857,21,34,2319,30-11-2025,Inventory,Inventory Mismatch,High,Customer,57026,Resolved,Packaging quality issue,Increased safety stock,04-12-2025
RSK003378,SHP002914,2,290,2969,01-03-2025,Inventory,Stockout,High,Warehouse,98720,Open,Vehicle mechanical failure,Additional quality inspection,
RSK003379,SHP011566,13,333,4661,11-03-2025,Inventory,Overstock,Low,Customer,4331,Resolved,Heavy rainfall disrupted transport,Route optimized,13-03-2025
RSK003380,SHP005175,22,288,2498,05-12-2025,Logistics,Shipment Delay,Medium,Customer,11745,Resolved,Heavy rainfall disrupted transport,Route optimized,16-12-2025
RSK003381,SHP011746,24,438,3800,01-02-2025,Warehouse,Fire Alarm,High,Shipment,49615,Investigating,Warehouse power outage,Emergency procurement completed,
RSK003382,SHP003757,16,326,4003,31-01-2025,Supplier,Late Delivery,Medium,Inventory,9353,Resolved,Poor demand forecasting,Assigned alternate supplier,09-02-2025
RSK003383,SHP014851,9,11,1154,04-02-2025,Logistics,Route Blockage,High,Shipment,69090,Resolved,Supplier production delay,Insurance claim initiated,11-02-2025
RSK003384,SHP014333,1,152,3835,14-08-2025,Logistics,Route Blockage,Low,Inventory,1759,Resolved,Heavy rainfall disrupted transport,Warehouse maintenance completed,17-08-2025
RSK003385,SHP008504,15,227,157,10-01-2025,Product Quality,Packaging Damage,High,Warehouse,84128,Mitigated,Heavy rainfall disrupted transport,Insurance claim initiated,19-01-2025
RSK003386,SHP010082,24,176,4822,29-04-2025,Logistics,Wrong Delivery,Medium,Customer,20997,Open,Warehouse power outage,Assigned alternate supplier,
RSK003387,SHP008603,1,258,325,29-03-2025,Supplier,Material Shortage,High,Inventory,26186,Resolved,Packaging quality issue,Warehouse maintenance completed,07-04-2025
RSK003388,SHP014060,14,44,2129,16-04-2025,Logistics,Shipment Delay,Medium,Shipment,20796,Resolved,Warehouse power outage,Additional quality inspection,26-04-2025
RSK003389,SHP011200,21,474,2268,16-10-2025,Inventory,Stockout,Medium,Customer,15760,Resolved,Incorrect inventory records,Emergency procurement completed,28-10-2025
RSK003390,SHP006098,2,278,2899,14-08-2025,Weather,Flood,Medium,Shipment,12796,Resolved,Vehicle mechanical failure,Assigned alternate supplier,28-08-2025
RSK003391,SHP007699,7,58,4468,21-08-2025,Warehouse,Equipment Failure,Low,Warehouse,1224,Investigating,Incorrect inventory records,Increased safety stock,
RSK003392,SHP002357,13,298,1845,21-11-2025,Logistics,Lost Shipment,Low,Shipment,649,Resolved,Warehouse power outage,Increased safety stock,30-11-2025
RSK003393,SHP007893,10,65,3646,23-01-2025,Warehouse,Power Failure,High,Inventory,88067,Resolved,Incorrect inventory records,Increased safety stock,30-01-2025
RSK003394,SHP001641,21,436,3387,22-05-2025,Inventory,Stockout,Medium,Warehouse,10589,Mitigated,Warehouse power outage,Expedited shipment,24-05-2025
RSK003395,SHP013578,19,61,3540,01-07-2025,Weather,Flood,Medium,Inventory,11966,Mitigated,Poor demand forecasting,Warehouse maintenance completed,15-07-2025
RSK003396,SHP007999,15,466,3589,17-10-2025,Product Quality,Packaging Damage,Low,Supplier,3153,Resolved,Poor demand forecasting,Insurance claim initiated,31-10-2025
RSK003397,SHP002233,21,414,1260,10-03-2025,Logistics,Wrong Delivery,Medium,Shipment,10016,Investigating,Incorrect inventory records,Additional quality inspection,
RSK003398,SHP007061,20,362,3703,26-06-2025,Inventory,Stockout,Medium,Shipment,23011,Mitigated,Customs clearance delay,Route optimized,04-07-2025
RSK003399,SHP001188,14,182,3995,31-03-2025,Logistics,Shipment Delay,Medium,Customer,10756,Open,Customs clearance delay,Route optimized,
RSK003400,SHP001892,13,264,3849,04-01-2025,Supplier,Late Delivery,Medium,Warehouse,14962,Resolved,Customs clearance delay,Warehouse maintenance completed,10-01-2025
RSK003401,SHP000163,4,198,2860,03-03-2025,Weather,Heavy Rain,Low,Customer,2168,Mitigated,Incorrect inventory records,Expedited shipment,05-03-2025
RSK003402,SHP005977,18,4,377,17-03-2025,Product Quality,Packaging Damage,Medium,Supplier,15515,Mitigated,Incorrect inventory records,Additional quality inspection,21-03-2025
RSK003403,SHP009114,20,124,2352,16-12-2025,Logistics,Lost Shipment,Medium,Inventory,10684,Resolved,Heavy rainfall disrupted transport,Additional quality inspection,24-12-2025
RSK003404,SHP003623,25,76,3661,22-05-2025,Logistics,Shipment Delay,Low,Shipment,3543,Resolved,Customs clearance delay,Insurance claim initiated,27-05-2025
RSK003405,SHP002258,2,171,3297,07-02-2025,Inventory,Overstock,Low,Customer,3018,Open,Poor demand forecasting,Additional quality inspection,
RSK003406,SHP009346,14,2,1132,02-08-2025,Weather,Heavy Rain,Medium,Inventory,10835,Open,Packaging quality issue,Emergency procurement completed,
RSK003407,SHP006667,9,139,2317,12-12-2025,Logistics,Lost Shipment,Medium,Supplier,12452,Mitigated,Supplier production delay,Warehouse maintenance completed,19-12-2025
RSK003408,SHP000511,8,281,1109,28-03-2025,Product Quality,Manufacturing Defect,High,Inventory,94449,Investigating,Poor demand forecasting,Assigned alternate supplier,
RSK003409,SHP007611,14,260,457,26-03-2025,Supplier,Late Delivery,Medium,Inventory,17608,Investigating,Poor demand forecasting,Warehouse maintenance completed,
RSK003410,SHP001304,18,447,1172,13-08-2025,Inventory,Stockout,Low,Shipment,2190,Mitigated,Vehicle mechanical failure,Assigned alternate supplier,17-08-2025
RSK003411,SHP005983,9,485,2836,24-09-2025,Logistics,Lost Shipment,Medium,Inventory,5868,Mitigated,Warehouse power outage,Emergency procurement completed,01-10-2025
RSK003412,SHP011901,2,274,2810,08-05-2025,Warehouse,Equipment Failure,Medium,Warehouse,12184,Resolved,Vehicle mechanical failure,Expedited shipment,17-05-2025
RSK003413,SHP007165,21,462,772,02-10-2025,Supplier,Supplier Capacity Issue,Critical,Customer,189914,Resolved,Incorrect inventory records,Additional quality inspection,04-10-2025
RSK003414,SHP010320,6,266,3750,28-09-2025,Logistics,Wrong Delivery,High,Inventory,57449,Resolved,Packaging quality issue,Expedited shipment,05-10-2025
RSK003415,SHP003489,8,274,362,16-01-2025,Warehouse,Storage Capacity Full,High,Shipment,94509,Mitigated,Supplier production delay,Expedited shipment,21-01-2025
RSK003416,SHP009054,8,254,238,06-10-2025,Logistics,Route Blockage,Low,Supplier,4376,Resolved,Supplier production delay,Additional quality inspection,08-10-2025
RSK003417,SHP005185,22,236,133,20-08-2025,Supplier,Material Shortage,Medium,Shipment,15822,Resolved,Incorrect inventory records,Insurance claim initiated,01-09-2025
RSK003418,SHP003883,20,17,653,17-09-2025,Logistics,Lost Shipment,Critical,Inventory,167082,Resolved,Incorrect inventory records,Expedited shipment,18-09-2025
RSK003419,SHP000658,10,220,2182,25-02-2025,Inventory,Inventory Mismatch,Low,Warehouse,3287,Resolved,Supplier production delay,Emergency procurement completed,11-03-2025
RSK003420,SHP012703,23,426,2241,19-08-2025,Supplier,Late Delivery,Medium,Warehouse,13594,Mitigated,Heavy rainfall disrupted transport,Route optimized,29-08-2025
RSK003421,SHP014115,2,46,1264,25-05-2025,Product Quality,Manufacturing Defect,Low,Supplier,3055,Resolved,Vehicle mechanical failure,Expedited shipment,31-05-2025
RSK003422,SHP005185,2,384,4403,29-11-2025,Warehouse,Fire Alarm,Medium,Warehouse,22555,Resolved,Packaging quality issue,Increased safety stock,30-11-2025
RSK003423,SHP001991,16,251,3359,08-03-2025,Financial,Cost Increase,Medium,Supplier,13882,Investigating,Packaging quality issue,Emergency procurement completed,
RSK003424,SHP012534,10,347,819,28-03-2025,Product Quality,Packaging Damage,Low,Supplier,721,Mitigated,Supplier production delay,Assigned alternate supplier,09-04-2025
RSK003425,SHP001902,23,182,3712,03-12-2025,Inventory,Inventory Mismatch,Medium,Warehouse,14327,Resolved,Heavy rainfall disrupted transport,Assigned alternate supplier,06-12-2025
RSK003426,SHP009845,5,346,3534,23-03-2025,Weather,Heavy Rain,Low,Shipment,4660,Resolved,Packaging quality issue,Emergency procurement completed,31-03-2025
RSK003427,SHP009274,16,206,4575,27-01-2025,Weather,Cyclone,High,Supplier,29040,Mitigated,Vehicle mechanical failure,Increased safety stock,03-02-2025
RSK003428,SHP004281,21,324,432,12-10-2025,Inventory,Stockout,Medium,Customer,5381,Resolved,Poor demand forecasting,Additional quality inspection,17-10-2025
RSK003429,SHP006261,3,129,1773,28-09-2025,Warehouse,Power Failure,Medium,Supplier,12881,Resolved,Vehicle mechanical failure,Additional quality inspection,30-09-2025
RSK003430,SHP007543,21,145,1533,02-09-2025,Supplier,Late Delivery,Critical,Inventory,313025,Resolved,Customs clearance delay,Additional quality inspection,11-09-2025
RSK003431,SHP009491,20,257,719,03-12-2025,Inventory,Overstock,Critical,Shipment,358671,Mitigated,Incorrect inventory records,Warehouse maintenance completed,15-12-2025
RSK003432,SHP011867,16,369,1375,29-04-2025,Warehouse,Equipment Failure,High,Inventory,83735,Resolved,Warehouse power outage,Increased safety stock,02-05-2025
RSK003433,SHP011671,4,378,2468,29-12-2025,Supplier,Late Delivery,Low,Shipment,3605,Resolved,Packaging quality issue,Assigned alternate supplier,31-12-2025
RSK003434,SHP013029,8,202,4805,10-09-2025,Warehouse,Fire Alarm,Medium,Supplier,10928,Resolved,Customs clearance delay,Insurance claim initiated,20-09-2025
RSK003435,SHP013111,7,173,4938,06-07-2025,Inventory,Overstock,Low,Customer,1839,Mitigated,Customs clearance delay,Route optimized,12-07-2025
RSK003436,SHP014392,21,37,1438,01-12-2025,Inventory,Overstock,Low,Supplier,3518,Resolved,Incorrect inventory records,Additional quality inspection,10-12-2025
RSK003437,SHP011060,3,107,4041,06-06-2025,Logistics,Shipment Delay,Low,Warehouse,1907,Resolved,Warehouse power outage,Warehouse maintenance completed,09-06-2025
RSK003438,SHP001087,8,104,4408,14-08-2025,Logistics,Shipment Delay,Low,Shipment,595,Resolved,Packaging quality issue,Increased safety stock,19-08-2025
RSK003439,SHP004840,9,487,4004,20-03-2025,Supplier,Late Delivery,Low,Shipment,3997,Resolved,Warehouse power outage,Expedited shipment,24-03-2025
RSK003440,SHP009761,1,146,1427,12-07-2025,Inventory,Overstock,Low,Inventory,3969,Resolved,Supplier production delay,Additional quality inspection,18-07-2025
RSK003441,SHP005587,23,262,3639,14-07-2025,Warehouse,Equipment Failure,High,Inventory,35014,Resolved,Vehicle mechanical failure,Assigned alternate supplier,15-07-2025
RSK003442,SHP007945,12,200,924,17-12-2025,Warehouse,Storage Capacity Full,Medium,Customer,11111,Resolved,Heavy rainfall disrupted transport,Additional quality inspection,21-12-2025
RSK003443,SHP007299,20,48,3081,27-08-2025,Product Quality,Manufacturing Defect,Low,Inventory,4748,Mitigated,Customs clearance delay,Additional quality inspection,09-09-2025
RSK003444,SHP009861,19,141,430,04-06-2025,Warehouse,Storage Capacity Full,Low,Inventory,2683,Investigating,Vehicle mechanical failure,Expedited shipment,
RSK003445,SHP013838,8,366,3833,12-08-2025,Warehouse,Power Failure,Medium,Customer,6028,Mitigated,Vehicle mechanical failure,Additional quality inspection,18-08-2025
RSK003446,SHP014330,5,12,4947,28-03-2025,Logistics,Route Blockage,Medium,Shipment,22584,Resolved,Poor demand forecasting,Route optimized,30-03-2025
RSK003447,SHP010642,22,264,2457,10-11-2025,Warehouse,Storage Capacity Full,Medium,Shipment,8305,Mitigated,Customs clearance delay,Additional quality inspection,15-11-2025
RSK003448,SHP001430,14,458,1560,09-01-2025,Logistics,Wrong Delivery,High,Shipment,34035,Resolved,Poor demand forecasting,Expedited shipment,14-01-2025
RSK003449,SHP004063,20,49,2568,17-07-2025,Logistics,Wrong Delivery,Medium,Warehouse,23367,Resolved,Poor demand forecasting,Increased safety stock,21-07-2025
RSK003450,SHP003775,23,425,2862,17-02-2025,Warehouse,Fire Alarm,Low,Inventory,3018,Investigating,Heavy rainfall disrupted transport,Expedited shipment,
RSK003451,SHP012957,25,209,2361,11-09-2025,Warehouse,Power Failure,Medium,Inventory,15515,Resolved,Vehicle mechanical failure,Additional quality inspection,12-09-2025
RSK003452,SHP001861,22,158,2455,15-03-2025,Product Quality,Packaging Damage,High,Supplier,47501,Resolved,Poor demand forecasting,Increased safety stock,25-03-2025
RSK003453,SHP002827,10,338,2270,19-12-2025,Warehouse,Power Failure,Low,Shipment,3836,Investigating,Heavy rainfall disrupted transport,Expedited shipment,
RSK003454,SHP001147,23,142,2477,31-03-2025,Inventory,Overstock,Medium,Shipment,21052,Mitigated,Incorrect inventory records,Route optimized,03-04-2025
RSK003455,SHP012990,22,138,4634,26-09-2025,Supplier,Supplier Capacity Issue,Medium,Warehouse,16888,Resolved,Heavy rainfall disrupted transport,Additional quality inspection,10-10-2025
RSK003456,SHP014688,6,8,1490,17-07-2025,Warehouse,Fire Alarm,Medium,Shipment,17503,Mitigated,Supplier production delay,Insurance claim initiated,20-07-2025
RSK003457,SHP003947,18,202,4440,30-03-2025,Inventory,Stockout,Low,Warehouse,3744,Resolved,Vehicle mechanical failure,Emergency procurement completed,11-04-2025
RSK003458,SHP011738,8,231,4135,27-01-2025,Warehouse,Power Failure,Low,Shipment,1642,Resolved,Customs clearance delay,Emergency procurement completed,01-02-2025
RSK003459,SHP001906,23,215,709,01-12-2025,Financial,Cost Increase,Low,Customer,2742,Mitigated,Warehouse power outage,Additional quality inspection,05-12-2025
RSK003460,SHP012946,14,334,90,17-10-2025,Inventory,Overstock,High,Shipment,90247,Investigating,Customs clearance delay,Additional quality inspection,
RSK003461,SHP010634,25,115,4654,05-09-2025,Inventory,Inventory Mismatch,Low,Supplier,4441,Resolved,Customs clearance delay,Emergency procurement completed,08-09-2025
RSK003462,SHP012915,22,187,2782,29-11-2025,Supplier,Late Delivery,Low,Inventory,3553,Investigating,Incorrect inventory records,Assigned alternate supplier,
RSK003463,SHP012993,1,155,410,01-06-2025,Weather,Cyclone,Low,Supplier,1154,Investigating,Warehouse power outage,Route optimized,
RSK003464,SHP007862,8,381,1561,26-03-2025,Logistics,Shipment Delay,High,Inventory,65051,Resolved,Supplier production delay,Expedited shipment,08-04-2025
RSK003465,SHP012457,12,289,2731,15-02-2025,Logistics,Route Blockage,Low,Supplier,2658,Mitigated,Supplier production delay,Assigned alternate supplier,25-02-2025
RSK003466,SHP010594,8,171,3775,06-07-2025,Warehouse,Storage Capacity Full,Low,Warehouse,4395,Resolved,Heavy rainfall disrupted transport,Emergency procurement completed,13-07-2025
RSK003467,SHP004465,8,454,3836,22-06-2025,Supplier,Material Shortage,Medium,Shipment,20590,Resolved,Warehouse power outage,Emergency procurement completed,26-06-2025
RSK003468,SHP001947,13,163,4110,08-06-2025,Logistics,Wrong Delivery,High,Inventory,30107,Resolved,Poor demand forecasting,Assigned alternate supplier,18-06-2025
RSK003469,SHP000822,19,239,3506,11-07-2025,Product Quality,Manufacturing Defect,High,Supplier,46431,Resolved,Warehouse power outage,Expedited shipment,13-07-2025
RSK003470,SHP005259,3,468,835,24-04-2025,Logistics,Wrong Delivery,Low,Customer,3222,Resolved,Poor demand forecasting,Emergency procurement completed,08-05-2025
RSK003471,SHP011058,1,106,499,15-10-2025,Supplier,Supplier Capacity Issue,Medium,Supplier,13858,Mitigated,Vehicle mechanical failure,Additional quality inspection,24-10-2025
RSK003472,SHP007687,19,442,4606,11-04-2025,Inventory,Inventory Mismatch,Low,Customer,2925,Mitigated,Poor demand forecasting,Additional quality inspection,12-04-2025
RSK003473,SHP006678,24,399,1744,01-07-2025,Logistics,Lost Shipment,Medium,Supplier,16442,Resolved,Poor demand forecasting,Assigned alternate supplier,09-07-2025
RSK003474,SHP005736,9,188,2378,13-09-2025,Inventory,Overstock,High,Shipment,73214,Mitigated,Customs clearance delay,Emergency procurement completed,23-09-2025
RSK003475,SHP014307,6,439,1238,15-06-2025,Inventory,Overstock,Medium,Shipment,11903,Resolved,Supplier production delay,Insurance claim initiated,20-06-2025
RSK003476,SHP009475,22,454,49,23-11-2025,Transportation,Vehicle Breakdown,Low,Customer,3882,Investigating,Vehicle mechanical failure,Emergency procurement completed,
RSK003477,SHP007215,8,116,533,22-06-2025,Warehouse,Storage Capacity Full,Medium,Supplier,13785,Mitigated,Packaging quality issue,Emergency procurement completed,06-07-2025
RSK003478,SHP003027,18,24,4502,08-08-2025,Supplier,Supplier Capacity Issue,Medium,Supplier,15155,Resolved,Warehouse power outage,Expedited shipment,21-08-2025
RSK003479,SHP003261,8,129,3346,04-10-2025,Supplier,Material Shortage,Medium,Customer,20790,Investigating,Packaging quality issue,Route optimized,
RSK003480,SHP004105,11,256,819,06-09-2025,Logistics,Lost Shipment,High,Customer,30055,Resolved,Packaging quality issue,Route optimized,09-09-2025
RSK003481,SHP011518,6,475,3045,04-05-2025,Weather,Cyclone,Medium,Supplier,16160,Resolved,Customs clearance delay,Additional quality inspection,09-05-2025
RSK003482,SHP009845,22,189,3551,22-12-2025,Supplier,Late Delivery,Medium,Inventory,11123,Resolved,Packaging quality issue,Emergency procurement completed,04-01-2026
RSK003483,SHP002497,19,114,4725,07-06-2025,Supplier,Material Shortage,Medium,Warehouse,6527,Resolved,Vehicle mechanical failure,Assigned alternate supplier,11-06-2025
RSK003484,SHP009045,9,221,2586,26-10-2025,Supplier,Material Shortage,Medium,Warehouse,7733,Resolved,Vehicle mechanical failure,Additional quality inspection,02-11-2025
RSK003485,SHP005642,1,117,3321,01-03-2025,Logistics,Lost Shipment,High,Inventory,72292,Resolved,Vehicle mechanical failure,Increased safety stock,15-03-2025
RSK003486,SHP006009,10,26,3370,17-11-2025,Logistics,Lost Shipment,High,Inventory,80694,Mitigated,Customs clearance delay,Additional quality inspection,23-11-2025
RSK003487,SHP005970,25,390,2210,17-04-2025,Warehouse,Storage Capacity Full,High,Customer,94910,Mitigated,Heavy rainfall disrupted transport,Insurance claim initiated,19-04-2025
RSK003488,SHP011455,19,260,299,23-03-2025,Logistics,Route Blockage,High,Supplier,55502,Resolved,Supplier production delay,Expedited shipment,26-03-2025
RSK003489,SHP011310,18,105,3273,01-09-2025,Weather,Heavy Rain,Medium,Warehouse,13830,Open,Packaging quality issue,Warehouse maintenance completed,
RSK003490,SHP000557,14,398,3873,23-03-2025,Warehouse,Equipment Failure,Low,Customer,3496,Resolved,Poor demand forecasting,Expedited shipment,25-03-2025
RSK003491,SHP007356,16,13,4125,14-03-2025,Supplier,Supplier Capacity Issue,High,Supplier,41485,Resolved,Vehicle mechanical failure,Additional quality inspection,23-03-2025
RSK003492,SHP009032,8,446,242,10-10-2025,Supplier,Late Delivery,Low,Customer,2726,Mitigated,Supplier production delay,Emergency procurement completed,12-10-2025
RSK003493,SHP012673,25,451,4903,17-11-2025,Logistics,Lost Shipment,Medium,Shipment,22210,Mitigated,Incorrect inventory records,Increased safety stock,23-11-2025
RSK003494,SHP001968,6,484,452,21-01-2025,Logistics,Route Blockage,Medium,Warehouse,11728,Investigating,Poor demand forecasting,Increased safety stock,
RSK003495,SHP002636,17,307,1864,28-09-2025,Supplier,Late Delivery,Low,Supplier,1735,Mitigated,Vehicle mechanical failure,Insurance claim initiated,02-10-2025
RSK003496,SHP003861,10,180,1791,22-12-2025,Warehouse,Equipment Failure,High,Warehouse,79364,Resolved,Incorrect inventory records,Route optimized,23-12-2025
RSK003497,SHP005144,13,288,4713,12-02-2025,Supplier,Supplier Capacity Issue,High,Customer,61150,Resolved,Packaging quality issue,Emergency procurement completed,17-02-2025
RSK003498,SHP009372,15,154,2055,28-08-2025,Warehouse,Fire Alarm,Medium,Supplier,24019,Resolved,Poor demand forecasting,Additional quality inspection,06-09-2025
RSK003499,SHP005319,8,120,309,30-05-2025,Product Quality,Manufacturing Defect,Medium,Supplier,10044,Resolved,Vehicle mechanical failure,Warehouse maintenance completed,04-06-2025
RSK003500,SHP000488,13,175,2892,26-02-2025,Inventory,Stockout,Medium,Warehouse,11830,Resolved,Incorrect inventory records,Increased safety stock,10-03-2025
RSK003501,SHP010717,8,360,4526,22-11-2025,Warehouse,Fire Alarm,Low,Warehouse,936,Resolved,Vehicle mechanical failure,Route optimized,23-11-2025
RSK003502,SHP014678,21,273,4685,30-09-2025,Weather,Flood,High,Supplier,64508,Resolved,Supplier production delay,Route optimized,04-10-2025
RSK003503,SHP007292,23,175,3312,09-02-2025,Inventory,Inventory Mismatch,Low,Inventory,1944,Resolved,Customs clearance delay,Additional quality inspection,20-02-2025
RSK003504,SHP004193,8,482,3018,21-03-2025,Logistics,Route Blockage,Medium,Shipment,19430,Resolved,Vehicle mechanical failure,Increased safety stock,24-03-2025
RSK003505,SHP013483,4,107,3977,26-05-2025,Logistics,Route Blockage,Low,Shipment,3679,Resolved,Vehicle mechanical failure,Insurance claim initiated,02-06-2025
RSK003506,SHP008424,25,209,378,27-11-2025,Logistics,Wrong Delivery,Medium,Supplier,20939,Mitigated,Incorrect inventory records,Increased safety stock,08-12-2025
RSK003507,SHP009534,10,26,4591,17-07-2025,Warehouse,Equipment Failure,Medium,Shipment,17794,Mitigated,Heavy rainfall disrupted transport,Warehouse maintenance completed,24-07-2025
RSK003508,SHP014635,23,214,1,22-10-2025,Inventory,Stockout,Low,Warehouse,661,Open,Poor demand forecasting,Expedited shipment,
RSK003509,SHP012117,14,106,4535,15-09-2025,Logistics,Route Blockage,Low,Shipment,3639,Resolved,Warehouse power outage,Expedited shipment,28-09-2025
RSK003510,SHP007552,13,69,3778,01-06-2025,Logistics,Wrong Delivery,Low,Warehouse,1633,Resolved,Warehouse power outage,Additional quality inspection,09-06-2025
RSK003511,SHP007598,18,207,4292,10-07-2025,Weather,Heavy Rain,Low,Shipment,1089,Mitigated,Heavy rainfall disrupted transport,Insurance claim initiated,16-07-2025
RSK003512,SHP010208,18,474,4137,18-07-2025,Transportation,Fuel Shortage,High,Shipment,29648,Investigating,Heavy rainfall disrupted transport,Assigned alternate supplier,
RSK003513,SHP007121,6,337,2662,02-02-2025,Product Quality,Damaged Goods,Medium,Warehouse,16698,Resolved,Heavy rainfall disrupted transport,Expedited shipment,09-02-2025
RSK003514,SHP004043,13,17,1266,08-11-2025,Inventory,Inventory Mismatch,Medium,Supplier,12494,Resolved,Incorrect inventory records,Assigned alternate supplier,17-11-2025
RSK003515,SHP006454,9,396,161,03-05-2025,Logistics,Route Blockage,Medium,Shipment,18530,Investigating,Supplier production delay,Increased safety stock,
RSK003516,SHP006059,11,499,4153,29-11-2025,Inventory,Overstock,Medium,Supplier,15902,Resolved,Poor demand forecasting,Assigned alternate supplier,08-12-2025
RSK003517,SHP011605,17,313,1323,04-11-2025,Logistics,Shipment Delay,Low,Warehouse,2340,Mitigated,Incorrect inventory records,Insurance claim initiated,13-11-2025
RSK003518,SHP014154,17,395,304,19-06-2025,Inventory,Inventory Mismatch,Critical,Customer,203087,Open,Warehouse power outage,Emergency procurement completed,
RSK003519,SHP013472,6,231,1437,15-10-2025,Inventory,Overstock,Medium,Inventory,18417,Resolved,Poor demand forecasting,Expedited shipment,26-10-2025
RSK003520,SHP011472,17,231,257,06-01-2025,Inventory,Stockout,Medium,Inventory,11781,Investigating,Warehouse power outage,Increased safety stock,
RSK003521,SHP001853,23,378,537,23-04-2025,Warehouse,Fire Alarm,Low,Shipment,886,Resolved,Incorrect inventory records,Emergency procurement completed,03-05-2025
RSK003522,SHP014551,8,286,1127,08-04-2025,Logistics,Route Blockage,Low,Warehouse,3292,Resolved,Packaging quality issue,Route optimized,13-04-2025
RSK003523,SHP001069,13,364,1823,25-06-2025,Supplier,Supplier Capacity Issue,High,Warehouse,26082,Investigating,Heavy rainfall disrupted transport,Route optimized,
RSK003524,SHP010474,1,267,1626,06-01-2025,Logistics,Route Blockage,Low,Customer,3407,Mitigated,Warehouse power outage,Assigned alternate supplier,17-01-2025
RSK003525,SHP004635,20,262,2632,12-04-2025,Transportation,Traffic Congestion,Low,Warehouse,2638,Resolved,Supplier production delay,Emergency procurement completed,20-04-2025
RSK003526,SHP014389,23,443,3893,29-10-2025,Warehouse,Storage Capacity Full,Medium,Shipment,12484,Mitigated,Packaging quality issue,Additional quality inspection,08-11-2025
RSK003527,SHP014691,5,137,3706,14-04-2025,Warehouse,Fire Alarm,High,Inventory,59866,Mitigated,Incorrect inventory records,Increased safety stock,21-04-2025
RSK003528,SHP001127,18,140,1773,23-05-2025,Product Quality,Manufacturing Defect,Low,Supplier,3633,Mitigated,Poor demand forecasting,Assigned alternate supplier,26-05-2025
RSK003529,SHP012659,3,153,4933,30-03-2025,Product Quality,Packaging Damage,Low,Supplier,1750,Investigating,Customs clearance delay,Expedited shipment,
RSK003530,SHP008492,9,346,2563,27-03-2025,Inventory,Inventory Mismatch,Medium,Supplier,7376,Open,Heavy rainfall disrupted transport,Insurance claim initiated,
RSK003531,SHP012700,6,88,995,31-03-2025,Logistics,Route Blockage,Low,Supplier,1491,Resolved,Customs clearance delay,Increased safety stock,04-04-2025
RSK003532,SHP000980,14,177,1448,07-12-2025,Weather,Heavy Rain,Low,Inventory,3927,Mitigated,Customs clearance delay,Additional quality inspection,08-12-2025
RSK003533,SHP005233,5,191,263,16-11-2025,Inventory,Inventory Mismatch,High,Supplier,75865,Resolved,Heavy rainfall disrupted transport,Increased safety stock,25-11-2025
RSK003534,SHP009769,24,358,836,24-12-2025,Logistics,Wrong Delivery,Medium,Customer,22584,Mitigated,Vehicle mechanical failure,Route optimized,25-12-2025
RSK003535,SHP014114,14,3,4496,02-05-2025,Logistics,Route Blockage,Medium,Warehouse,24863,Investigating,Heavy rainfall disrupted transport,Expedited shipment,
RSK003536,SHP013826,7,287,4267,15-01-2025,Product Quality,Damaged Goods,Medium,Customer,11536,Mitigated,Warehouse power outage,Assigned alternate supplier,21-01-2025
RSK003537,SHP005474,18,446,112,18-02-2025,Logistics,Lost Shipment,Low,Inventory,4391,Mitigated,Vehicle mechanical failure,Warehouse maintenance completed,25-02-2025
RSK003538,SHP002809,5,293,4291,31-03-2025,Supplier,Late Delivery,High,Supplier,87709,Open,Vehicle mechanical failure,Emergency procurement completed,
RSK003539,SHP003842,21,302,4252,05-06-2025,Logistics,Shipment Delay,Medium,Warehouse,18487,Resolved,Warehouse power outage,Emergency procurement completed,10-06-2025
RSK003540,SHP010548,3,410,1514,21-06-2025,Financial,Currency Fluctuation,Medium,Warehouse,5143,Mitigated,Supplier production delay,Emergency procurement completed,04-07-2025
RSK003541,SHP009229,14,115,4654,29-06-2025,Product Quality,Packaging Damage,Medium,Inventory,21636,Resolved,Warehouse power outage,Increased safety stock,30-06-2025
RSK003542,SHP006696,16,3,2878,23-12-2025,Logistics,Shipment Delay,Low,Warehouse,3151,Mitigated,Vehicle mechanical failure,Increased safety stock,29-12-2025
RSK003543,SHP001474,24,279,1016,16-12-2025,Supplier,Supplier Capacity Issue,Medium,Inventory,5939,Resolved,Customs clearance delay,Warehouse maintenance completed,21-12-2025
RSK003544,SHP000555,5,368,203,17-03-2025,Inventory,Stockout,Low,Warehouse,631,Resolved,Vehicle mechanical failure,Warehouse maintenance completed,21-03-2025
RSK003545,SHP000985,22,96,3490,01-07-2025,Transportation,Vehicle Breakdown,High,Warehouse,52764,Resolved,Heavy rainfall disrupted transport,Warehouse maintenance completed,08-07-2025
RSK003546,SHP013005,7,138,4897,10-02-2025,Logistics,Wrong Delivery,Critical,Customer,219288,Resolved,Vehicle mechanical failure,Expedited shipment,17-02-2025
RSK003547,SHP004941,18,139,4630,25-02-2025,Warehouse,Equipment Failure,Medium,Customer,19685,Resolved,Packaging quality issue,Assigned alternate supplier,01-03-2025
RSK003548,SHP012871,9,409,4431,30-05-2025,Warehouse,Equipment Failure,Low,Warehouse,1991,Resolved,Vehicle mechanical failure,Increased safety stock,07-06-2025
RSK003549,SHP004988,20,379,1357,20-03-2025,Supplier,Late Delivery,Low,Shipment,4635,Resolved,Incorrect inventory records,Insurance claim initiated,02-04-2025
RSK003550,SHP007101,16,12,4081,20-03-2025,Logistics,Lost Shipment,Low,Warehouse,1030,Open,Warehouse power outage,Assigned alternate supplier,
RSK003551,SHP000339,21,393,3491,22-03-2025,Inventory,Overstock,Medium,Shipment,19201,Resolved,Heavy rainfall disrupted transport,Expedited shipment,03-04-2025
RSK003552,SHP006340,23,453,526,23-04-2025,Inventory,Inventory Mismatch,Critical,Warehouse,201706,Resolved,Poor demand forecasting,Emergency procurement completed,01-05-2025
RSK003553,SHP011559,24,159,4785,18-01-2025,Logistics,Route Blockage,Low,Supplier,4332,Mitigated,Supplier production delay,Additional quality inspection,23-01-2025
RSK003554,SHP008972,19,115,2834,01-01-2025,Warehouse,Fire Alarm,High,Shipment,67732,Mitigated,Customs clearance delay,Insurance claim initiated,03-01-2025
RSK003555,SHP000786,24,403,1561,21-05-2025,Logistics,Lost Shipment,Low,Shipment,1613,Resolved,Poor demand forecasting,Insurance claim initiated,23-05-2025
RSK003556,SHP003384,5,431,3267,15-07-2025,Logistics,Shipment Delay,Medium,Inventory,15980,Resolved,Incorrect inventory records,Insurance claim initiated,26-07-2025
RSK003557,SHP003283,22,270,3485,14-02-2025,Logistics,Lost Shipment,Medium,Warehouse,24019,Resolved,Vehicle mechanical failure,Increased safety stock,22-02-2025
RSK003558,SHP013689,24,264,2201,29-04-2025,Logistics,Wrong Delivery,Medium,Customer,19419,Mitigated,Customs clearance delay,Increased safety stock,08-05-2025
RSK003559,SHP007806,18,92,3997,19-04-2025,Inventory,Stockout,High,Customer,88702,Resolved,Incorrect inventory records,Assigned alternate supplier,24-04-2025
RSK003560,SHP004794,25,193,313,02-04-2025,Warehouse,Storage Capacity Full,Low,Customer,4222,Investigating,Poor demand forecasting,Warehouse maintenance completed,
RSK003561,SHP008432,3,478,2633,17-12-2025,Weather,Flood,Low,Warehouse,3704,Investigating,Heavy rainfall disrupted transport,Increased safety stock,
RSK003562,SHP000053,5,418,583,15-07-2025,Inventory,Stockout,Medium,Shipment,9013,Resolved,Warehouse power outage,Expedited shipment,26-07-2025
RSK003563,SHP004120,14,99,4193,19-04-2025,Logistics,Wrong Delivery,Medium,Shipment,12763,Open,Warehouse power outage,Route optimized,
RSK003564,SHP005912,2,124,4751,08-03-2025,Supplier,Supplier Capacity Issue,Low,Supplier,759,Mitigated,Poor demand forecasting,Increased safety stock,15-03-2025
RSK003565,SHP012457,9,265,3000,24-04-2025,Inventory,Overstock,High,Shipment,92994,Resolved,Warehouse power outage,Additional quality inspection,03-05-2025
RSK003566,SHP002116,2,243,839,08-10-2025,Inventory,Overstock,Low,Shipment,1232,Open,Supplier production delay,Warehouse maintenance completed,
RSK003567,SHP004589,15,348,1914,04-05-2025,Warehouse,Equipment Failure,Medium,Supplier,19055,Resolved,Incorrect inventory records,Route optimized,10-05-2025
RSK003568,SHP008546,23,429,1397,28-05-2025,Logistics,Wrong Delivery,Medium,Shipment,22996,Open,Supplier production delay,Expedited shipment,
RSK003569,SHP009606,4,474,3979,25-09-2025,Inventory,Overstock,Medium,Customer,6559,Mitigated,Vehicle mechanical failure,Warehouse maintenance completed,08-10-2025
RSK003570,SHP012042,4,42,840,30-10-2025,Product Quality,Manufacturing Defect,Low,Customer,3687,Mitigated,Supplier production delay,Additional quality inspection,04-11-2025
RSK003571,SHP013633,8,443,1680,30-10-2025,Supplier,Late Delivery,Low,Warehouse,4918,Resolved,Heavy rainfall disrupted transport,Expedited shipment,06-11-2025
RSK003572,SHP004741,3,232,4936,30-06-2025,Inventory,Inventory Mismatch,High,Shipment,76358,Resolved,Vehicle mechanical failure,Assigned alternate supplier,14-07-2025
RSK003573,SHP005772,18,219,4878,20-09-2025,Logistics,Shipment Delay,High,Shipment,71048,Investigating,Incorrect inventory records,Expedited shipment,
RSK003574,SHP012165,17,126,1317,03-07-2025,Logistics,Lost Shipment,Low,Customer,3091,Resolved,Vehicle mechanical failure,Emergency procurement completed,17-07-2025
RSK003575,SHP013791,10,64,2800,29-11-2025,Inventory,Stockout,Medium,Inventory,16726,Resolved,Customs clearance delay,Assigned alternate supplier,30-11-2025
RSK003576,SHP010854,10,79,1048,04-05-2025,Supplier,Supplier Capacity Issue,High,Customer,91867,Investigating,Warehouse power outage,Expedited shipment,
RSK003577,SHP008686,25,420,4259,24-09-2025,Inventory,Overstock,Medium,Warehouse,6229,Resolved,Heavy rainfall disrupted transport,Emergency procurement completed,29-09-2025
RSK003578,SHP000979,4,296,4331,24-09-2025,Warehouse,Equipment Failure,Low,Customer,4054,Resolved,Packaging quality issue,Warehouse maintenance completed,29-09-2025
RSK003579,SHP008092,19,20,3038,19-01-2025,Transportation,Traffic Congestion,Low,Supplier,4218,Investigating,Heavy rainfall disrupted transport,Assigned alternate supplier,
RSK003580,SHP010994,10,88,1064,22-03-2025,Supplier,Late Delivery,Medium,Supplier,6258,Resolved,Customs clearance delay,Additional quality inspection,29-03-2025
RSK003581,SHP011977,5,409,4172,23-10-2025,Logistics,Shipment Delay,Low,Shipment,4965,Resolved,Warehouse power outage,Additional quality inspection,04-11-2025
RSK003582,SHP012049,15,17,1156,14-02-2025,Warehouse,Power Failure,High,Inventory,54867,Investigating,Heavy rainfall disrupted transport,Additional quality inspection,
RSK003583,SHP007526,7,89,2170,09-12-2025,Weather,Flood,High,Warehouse,89418,Resolved,Supplier production delay,Insurance claim initiated,12-12-2025
RSK003584,SHP001463,22,304,3387,18-01-2025,Product Quality,Packaging Damage,Medium,Supplier,15197,Resolved,Heavy rainfall disrupted transport,Emergency procurement completed,19-01-2025
RSK003585,SHP005637,14,21,4736,15-05-2025,Logistics,Route Blockage,Critical,Supplier,205958,Resolved,Vehicle mechanical failure,Increased safety stock,22-05-2025
RSK003586,SHP011021,5,22,107,18-10-2025,Warehouse,Power Failure,Low,Shipment,868,Resolved,Packaging quality issue,Warehouse maintenance completed,31-10-2025
RSK003587,SHP008558,19,420,1149,01-12-2025,Transportation,Fuel Shortage,High,Warehouse,76129,Resolved,Incorrect inventory records,Route optimized,11-12-2025
RSK003588,SHP009146,7,117,4078,15-09-2025,Warehouse,Storage Capacity Full,High,Inventory,75830,Resolved,Customs clearance delay,Route optimized,20-09-2025
RSK003589,SHP014649,4,153,912,03-03-2025,Weather,Heavy Rain,Medium,Customer,13907,Resolved,Packaging quality issue,Insurance claim initiated,13-03-2025
RSK003590,SHP012315,22,442,2734,12-01-2025,Warehouse,Equipment Failure,Medium,Warehouse,14019,Mitigated,Packaging quality issue,Increased safety stock,15-01-2025
RSK003591,SHP013775,2,133,1193,02-06-2025,Product Quality,Damaged Goods,Medium,Customer,9407,Mitigated,Incorrect inventory records,Increased safety stock,11-06-2025
RSK003592,SHP006971,18,369,3533,20-01-2025,Logistics,Shipment Delay,High,Warehouse,65340,Resolved,Warehouse power outage,Emergency procurement completed,23-01-2025
RSK003593,SHP014379,25,30,2247,03-09-2025,Logistics,Route Blockage,Medium,Inventory,6160,Mitigated,Customs clearance delay,Insurance claim initiated,09-09-2025
RSK003594,SHP007346,14,252,3616,05-03-2025,Warehouse,Equipment Failure,Critical,Supplier,346576,Mitigated,Incorrect inventory records,Route optimized,17-03-2025
RSK003595,SHP006739,11,59,833,01-01-2025,Logistics,Lost Shipment,Low,Shipment,1631,Resolved,Poor demand forecasting,Additional quality inspection,13-01-2025
RSK003596,SHP006575,2,94,3290,10-08-2025,Inventory,Stockout,High,Supplier,63975,Resolved,Poor demand forecasting,Route optimized,21-08-2025
RSK003597,SHP012261,8,181,2982,19-06-2025,Logistics,Shipment Delay,Medium,Shipment,19784,Resolved,Packaging quality issue,Emergency procurement completed,23-06-2025
RSK003598,SHP011723,24,199,2461,29-10-2025,Logistics,Lost Shipment,Medium,Supplier,21643,Open,Packaging quality issue,Assigned alternate supplier,
RSK003599,SHP013903,10,244,3859,17-12-2025,Transportation,Vehicle Breakdown,Low,Customer,4334,Investigating,Warehouse power outage,Assigned alternate supplier,
RSK003600,SHP005686,12,296,3143,28-03-2025,Supplier,Material Shortage,Low,Customer,2118,Resolved,Supplier production delay,Emergency procurement completed,30-03-2025
RSK003601,SHP006419,25,197,1925,18-11-2025,Product Quality,Packaging Damage,Critical,Shipment,455311,Resolved,Supplier production delay,Expedited shipment,23-11-2025
RSK003602,SHP001228,1,387,4316,23-05-2025,Logistics,Shipment Delay,Low,Supplier,1481,Resolved,Supplier production delay,Route optimized,30-05-2025
RSK003603,SHP008891,19,285,4710,29-08-2025,Warehouse,Power Failure,High,Customer,26700,Resolved,Heavy rainfall disrupted transport,Route optimized,08-09-2025
RSK003604,SHP001090,16,283,4583,08-12-2025,Weather,Heavy Rain,Low,Inventory,814,Mitigated,Incorrect inventory records,Expedited shipment,12-12-2025
RSK003605,SHP006072,1,269,2292,23-10-2025,Supplier,Supplier Capacity Issue,Medium,Supplier,16865,Resolved,Supplier production delay,Assigned alternate supplier,26-10-2025
RSK003606,SHP000417,11,119,2132,14-09-2025,Warehouse,Storage Capacity Full,High,Shipment,43205,Mitigated,Heavy rainfall disrupted transport,Increased safety stock,18-09-2025
RSK003607,SHP009028,21,458,4299,22-06-2025,Inventory,Inventory Mismatch,Medium,Inventory,18784,Mitigated,Packaging quality issue,Route optimized,29-06-2025
RSK003608,SHP013214,19,484,1106,29-11-2025,Logistics,Lost Shipment,Medium,Customer,22317,Resolved,Warehouse power outage,Route optimized,03-12-2025
RSK003609,SHP013867,16,74,2432,30-06-2025,Logistics,Shipment Delay,Low,Supplier,2977,Resolved,Supplier production delay,Warehouse maintenance completed,01-07-2025
RSK003610,SHP002232,19,357,1477,19-03-2025,Logistics,Wrong Delivery,Low,Inventory,3223,Resolved,Customs clearance delay,Insurance claim initiated,29-03-2025
RSK003611,SHP007112,23,66,4269,12-10-2025,Product Quality,Damaged Goods,Medium,Shipment,22996,Mitigated,Warehouse power outage,Assigned alternate supplier,17-10-2025
RSK003612,SHP007094,24,450,4543,12-04-2025,Inventory,Inventory Mismatch,Medium,Shipment,19409,Investigating,Vehicle mechanical failure,Emergency procurement completed,
RSK003613,SHP007954,18,136,4757,08-06-2025,Supplier,Material Shortage,High,Inventory,74844,Mitigated,Packaging quality issue,Expedited shipment,15-06-2025
RSK003614,SHP012380,12,349,4010,19-10-2025,Logistics,Route Blockage,Low,Supplier,3310,Resolved,Packaging quality issue,Insurance claim initiated,21-10-2025
RSK003615,SHP008020,6,156,4868,23-01-2025,Inventory,Inventory Mismatch,High,Inventory,27989,Resolved,Incorrect inventory records,Additional quality inspection,25-01-2025
RSK003616,SHP003724,3,281,1016,10-11-2025,Inventory,Overstock,Low,Supplier,1238,Resolved,Supplier production delay,Assigned alternate supplier,24-11-2025
RSK003617,SHP005546,20,220,4550,13-10-2025,Supplier,Late Delivery,High,Supplier,52277,Mitigated,Customs clearance delay,Warehouse maintenance completed,19-10-2025
RSK003618,SHP005495,19,359,2099,26-08-2025,Weather,Heavy Rain,Low,Supplier,3356,Investigating,Packaging quality issue,Route optimized,
RSK003619,SHP004982,8,487,1824,26-02-2025,Logistics,Wrong Delivery,Low,Customer,3241,Resolved,Incorrect inventory records,Warehouse maintenance completed,07-03-2025
RSK003620,SHP009284,12,199,2167,10-10-2025,Product Quality,Packaging Damage,Low,Warehouse,3576,Investigating,Customs clearance delay,Route optimized,
RSK003621,SHP001658,3,393,1729,01-07-2025,Weather,Heavy Rain,Low,Warehouse,920,Resolved,Heavy rainfall disrupted transport,Route optimized,05-07-2025
RSK003622,SHP005682,3,363,3921,21-03-2025,Logistics,Wrong Delivery,Low,Warehouse,2153,Resolved,Packaging quality issue,Expedited shipment,02-04-2025
RSK003623,SHP007533,6,268,17,23-02-2025,Logistics,Shipment Delay,High,Shipment,32536,Mitigated,Incorrect inventory records,Assigned alternate supplier,03-03-2025
RSK003624,SHP005074,11,337,1452,31-10-2025,Warehouse,Fire Alarm,Low,Customer,640,Resolved,Heavy rainfall disrupted transport,Assigned alternate supplier,13-11-2025
RSK003625,SHP011485,3,229,4843,30-10-2025,Logistics,Wrong Delivery,High,Warehouse,97818,Resolved,Customs clearance delay,Assigned alternate supplier,10-11-2025
RSK003626,SHP006293,12,50,3713,06-01-2025,Warehouse,Equipment Failure,Medium,Inventory,12503,Mitigated,Warehouse power outage,Increased safety stock,20-01-2025
RSK003627,SHP008932,2,90,4642,30-09-2025,Logistics,Route Blockage,Medium,Customer,6368,Mitigated,Packaging quality issue,Additional quality inspection,01-10-2025
RSK003628,SHP002450,22,306,1907,12-04-2025,Supplier,Late Delivery,Low,Supplier,2180,Mitigated,Packaging quality issue,Warehouse maintenance completed,18-04-2025
RSK003629,SHP005185,14,150,2151,21-02-2025,Inventory,Stockout,Low,Customer,1700,Resolved,Customs clearance delay,Emergency procurement completed,25-02-2025
RSK003630,SHP011440,18,246,331,20-11-2025,Supplier,Supplier Capacity Issue,Low,Inventory,4749,Mitigated,Incorrect inventory records,Increased safety stock,02-12-2025
RSK003631,SHP012756,4,298,313,10-06-2025,Logistics,Lost Shipment,Low,Warehouse,2708,Investigating,Customs clearance delay,Emergency procurement completed,
RSK003632,SHP012401,11,143,3786,21-09-2025,Warehouse,Storage Capacity Full,Critical,Customer,391344,Resolved,Warehouse power outage,Expedited shipment,04-10-2025
RSK003633,SHP003711,18,72,4604,10-04-2025,Inventory,Inventory Mismatch,Low,Inventory,4977,Resolved,Packaging quality issue,Insurance claim initiated,13-04-2025
RSK003634,SHP009973,2,498,592,18-05-2025,Weather,Cyclone,Medium,Customer,16787,Resolved,Poor demand forecasting,Emergency procurement completed,24-05-2025
RSK003635,SHP001439,16,99,2142,03-06-2025,Logistics,Shipment Delay,Low,Warehouse,1087,Resolved,Incorrect inventory records,Insurance claim initiated,08-06-2025
RSK003636,SHP005387,11,231,3265,29-11-2025,Logistics,Wrong Delivery,Medium,Supplier,17108,Resolved,Packaging quality issue,Additional quality inspection,06-12-2025
RSK003637,SHP008676,13,495,1184,28-07-2025,Logistics,Lost Shipment,High,Shipment,44106,Resolved,Poor demand forecasting,Insurance claim initiated,31-07-2025
RSK003638,SHP009516,15,241,3884,16-12-2025,Logistics,Wrong Delivery,Low,Customer,3110,Resolved,Heavy rainfall disrupted transport,Expedited shipment,20-12-2025
RSK003639,SHP007144,22,135,2930,11-07-2025,Logistics,Route Blockage,High,Warehouse,47987,Resolved,Warehouse power outage,Warehouse maintenance completed,15-07-2025
RSK003640,SHP007037,1,385,3504,12-03-2025,Logistics,Route Blockage,High,Inventory,55475,Mitigated,Heavy rainfall disrupted transport,Additional quality inspection,14-03-2025
RSK003641,SHP011275,13,416,3129,01-11-2025,Warehouse,Power Failure,Low,Inventory,2862,Resolved,Customs clearance delay,Emergency procurement completed,08-11-2025
RSK003642,SHP003803,10,385,1020,22-04-2025,Supplier,Late Delivery,High,Shipment,49809,Mitigated,Incorrect inventory records,Emergency procurement completed,24-04-2025
RSK003643,SHP003414,4,301,3550,14-08-2025,Warehouse,Fire Alarm,High,Supplier,41937,Investigating,Supplier production delay,Warehouse maintenance completed,
RSK003644,SHP002447,15,319,4404,26-05-2025,Logistics,Route Blockage,High,Supplier,29033,Resolved,Packaging quality issue,Route optimized,08-06-2025
RSK003645,SHP014431,3,456,4934,26-01-2025,Logistics,Wrong Delivery,High,Supplier,55966,Resolved,Vehicle mechanical failure,Insurance claim initiated,06-02-2025
RSK003646,SHP005283,19,117,2975,29-10-2025,Inventory,Overstock,Medium,Shipment,6938,Open,Warehouse power outage,Insurance claim initiated,
RSK003647,SHP000994,18,305,656,19-06-2025,Logistics,Lost Shipment,High,Inventory,49247,Resolved,Packaging quality issue,Emergency procurement completed,21-06-2025
RSK003648,SHP005433,23,360,1743,24-09-2025,Warehouse,Fire Alarm,Low,Inventory,4266,Resolved,Heavy rainfall disrupted transport,Warehouse maintenance completed,27-09-2025
RSK003649,SHP004255,10,327,1545,14-10-2025,Warehouse,Fire Alarm,High,Inventory,77910,Resolved,Supplier production delay,Warehouse maintenance completed,21-10-2025
RSK003650,SHP000238,21,306,4790,02-04-2025,Logistics,Shipment Delay,High,Shipment,89804,Resolved,Incorrect inventory records,Warehouse maintenance completed,06-04-2025
RSK003651,SHP008682,16,254,4774,20-10-2025,Product Quality,Packaging Damage,Low,Inventory,3935,Investigating,Vehicle mechanical failure,Emergency procurement completed,
RSK003652,SHP004293,8,104,4091,24-03-2025,Logistics,Wrong Delivery,Low,Inventory,990,Open,Supplier production delay,Warehouse maintenance completed,
RSK003653,SHP006076,7,354,2029,21-05-2025,Supplier,Supplier Capacity Issue,Low,Warehouse,1945,Resolved,Incorrect inventory records,Emergency procurement completed,30-05-2025
RSK003654,SHP007031,12,413,4502,25-02-2025,Supplier,Late Delivery,Low,Inventory,2357,Mitigated,Packaging quality issue,Emergency procurement completed,27-02-2025
RSK003655,SHP010707,10,116,4908,21-05-2025,Supplier,Supplier Capacity Issue,Low,Customer,3906,Resolved,Packaging quality issue,Insurance claim initiated,02-06-2025
RSK003656,SHP013305,14,282,1524,20-10-2025,Inventory,Inventory Mismatch,Low,Shipment,1573,Resolved,Supplier production delay,Expedited shipment,26-10-2025
RSK003657,SHP003323,22,63,2789,13-12-2025,Inventory,Inventory Mismatch,Medium,Customer,15871,Mitigated,Heavy rainfall disrupted transport,Assigned alternate supplier,27-12-2025
RSK003658,SHP008221,3,241,4246,04-08-2025,Weather,Flood,Low,Inventory,4581,Resolved,Heavy rainfall disrupted transport,Expedited shipment,14-08-2025
RSK003659,SHP007745,6,12,3816,07-09-2025,Warehouse,Equipment Failure,Low,Inventory,3124,Resolved,Poor demand forecasting,Emergency procurement completed,15-09-2025
RSK003660,SHP000323,13,374,2778,16-05-2025,Warehouse,Equipment Failure,Low,Warehouse,4138,Resolved,Packaging quality issue,Additional quality inspection,22-05-2025
RSK003661,SHP003867,17,18,834,06-11-2025,Inventory,Inventory Mismatch,Low,Shipment,3396,Mitigated,Customs clearance delay,Assigned alternate supplier,09-11-2025
RSK003662,SHP014451,2,68,2797,18-10-2025,Inventory,Inventory Mismatch,High,Inventory,36051,Resolved,Customs clearance delay,Expedited shipment,01-11-2025
RSK003663,SHP008727,13,288,153,30-12-2025,Inventory,Inventory Mismatch,High,Warehouse,43790,Investigating,Heavy rainfall disrupted transport,Route optimized,
RSK003664,SHP001905,17,369,3719,22-10-2025,Logistics,Lost Shipment,Medium,Customer,19745,Resolved,Incorrect inventory records,Insurance claim initiated,24-10-2025
RSK003665,SHP008437,13,375,3084,14-06-2025,Logistics,Lost Shipment,Medium,Customer,7023,Resolved,Customs clearance delay,Emergency procurement completed,19-06-2025
RSK003666,SHP014764,3,64,1824,04-09-2025,Product Quality,Packaging Damage,High,Warehouse,53286,Resolved,Heavy rainfall disrupted transport,Insurance claim initiated,18-09-2025
RSK003667,SHP009864,4,253,2017,10-03-2025,Logistics,Route Blockage,Medium,Warehouse,22517,Resolved,Customs clearance delay,Warehouse maintenance completed,21-03-2025
RSK003668,SHP012978,5,366,571,21-07-2025,Supplier,Supplier Capacity Issue,Low,Shipment,4942,Resolved,Incorrect inventory records,Warehouse maintenance completed,26-07-2025
RSK003669,SHP001168,7,370,4080,22-11-2025,Product Quality,Packaging Damage,Low,Warehouse,1154,Resolved,Supplier production delay,Additional quality inspection,24-11-2025
RSK003670,SHP013145,12,316,3680,25-11-2025,Logistics,Route Blockage,High,Inventory,80464,Resolved,Heavy rainfall disrupted transport,Additional quality inspection,05-12-2025
RSK003671,SHP009734,22,304,2578,14-01-2025,Warehouse,Equipment Failure,Low,Inventory,605,Mitigated,Customs clearance delay,Additional quality inspection,28-01-2025
RSK003672,SHP011505,9,381,2801,25-10-2025,Warehouse,Fire Alarm,Critical,Shipment,436628,Mitigated,Customs clearance delay,Increased safety stock,30-10-2025
RSK003673,SHP010058,3,319,1088,04-03-2025,Logistics,Wrong Delivery,Low,Inventory,2831,Investigating,Incorrect inventory records,Route optimized,
RSK003674,SHP005304,2,150,1166,22-04-2025,Inventory,Inventory Mismatch,Medium,Inventory,10839,Investigating,Warehouse power outage,Increased safety stock,
RSK003675,SHP007050,20,83,4929,07-10-2025,Warehouse,Power Failure,Medium,Customer,5482,Mitigated,Customs clearance delay,Additional quality inspection,10-10-2025
RSK003676,SHP014822,21,382,1506,13-11-2025,Product Quality,Manufacturing Defect,High,Customer,46719,Resolved,Heavy rainfall disrupted transport,Insurance claim initiated,22-11-2025
RSK003677,SHP012612,18,47,3569,16-04-2025,Supplier,Late Delivery,Low,Shipment,3381,Investigating,Customs clearance delay,Assigned alternate supplier,
RSK003678,SHP001726,19,143,769,24-11-2025,Warehouse,Fire Alarm,Low,Customer,2760,Mitigated,Poor demand forecasting,Additional quality inspection,30-11-2025
RSK003679,SHP010673,20,170,2065,17-12-2025,Product Quality,Manufacturing Defect,Low,Warehouse,3210,Investigating,Packaging quality issue,Route optimized,
RSK003680,SHP013039,7,12,2385,10-11-2025,Supplier,Supplier Capacity Issue,Critical,Supplier,127292,Resolved,Supplier production delay,Additional quality inspection,22-11-2025
RSK003681,SHP006184,7,443,2910,21-12-2025,Warehouse,Equipment Failure,Medium,Warehouse,17792,Investigating,Poor demand forecasting,Expedited shipment,
RSK003682,SHP007920,6,411,2387,24-02-2025,Weather,Flood,Low,Warehouse,541,Resolved,Warehouse power outage,Emergency procurement completed,07-03-2025
RSK003683,SHP007737,7,284,3092,27-07-2025,Product Quality,Damaged Goods,High,Supplier,60258,Resolved,Customs clearance delay,Additional quality inspection,05-08-2025
RSK003684,SHP008665,24,89,3894,28-04-2025,Product Quality,Packaging Damage,High,Warehouse,63676,Investigating,Vehicle mechanical failure,Expedited shipment,
RSK003685,SHP003246,8,59,1724,28-03-2025,Warehouse,Power Failure,Critical,Shipment,451836,Resolved,Customs clearance delay,Route optimized,09-04-2025
RSK003686,SHP004266,15,24,4293,22-02-2025,Inventory,Inventory Mismatch,Medium,Inventory,22303,Resolved,Poor demand forecasting,Warehouse maintenance completed,03-03-2025
RSK003687,SHP012369,1,437,1107,13-09-2025,Logistics,Lost Shipment,Low,Inventory,4953,Resolved,Heavy rainfall disrupted transport,Expedited shipment,14-09-2025
RSK003688,SHP013545,20,394,847,25-07-2025,Warehouse,Storage Capacity Full,Low,Customer,4231,Investigating,Vehicle mechanical failure,Route optimized,
RSK003689,SHP006734,25,85,4510,14-09-2025,Inventory,Inventory Mismatch,Low,Warehouse,1510,Resolved,Heavy rainfall disrupted transport,Additional quality inspection,27-09-2025
RSK003690,SHP003470,7,51,4787,26-07-2025,Transportation,Vehicle Breakdown,High,Shipment,39424,Resolved,Warehouse power outage,Insurance claim initiated,01-08-2025
RSK003691,SHP006446,5,102,1441,12-09-2025,Logistics,Shipment Delay,Medium,Inventory,14749,Resolved,Warehouse power outage,Additional quality inspection,26-09-2025
RSK003692,SHP003237,1,483,1403,22-09-2025,Logistics,Wrong Delivery,Low,Warehouse,952,Resolved,Customs clearance delay,Additional quality inspection,05-10-2025
RSK003693,SHP002633,9,59,2197,27-03-2025,Supplier,Late Delivery,Medium,Shipment,16033,Resolved,Warehouse power outage,Additional quality inspection,03-04-2025
RSK003694,SHP006897,18,35,3140,04-09-2025,Logistics,Shipment Delay,Low,Inventory,1148,Investigating,Vehicle mechanical failure,Route optimized,
RSK003695,SHP012591,8,372,1993,29-08-2025,Supplier,Late Delivery,Low,Inventory,4459,Resolved,Poor demand forecasting,Insurance claim initiated,05-09-2025
RSK003696,SHP000970,15,239,358,28-01-2025,Supplier,Supplier Capacity Issue,Medium,Inventory,23388,Open,Customs clearance delay,Expedited shipment,
RSK003697,SHP010419,22,170,164,25-06-2025,Logistics,Shipment Delay,Medium,Inventory,14201,Resolved,Incorrect inventory records,Insurance claim initiated,06-07-2025
RSK003698,SHP009133,24,16,2938,08-11-2025,Logistics,Route Blockage,High,Warehouse,62923,Investigating,Customs clearance delay,Route optimized,
RSK003699,SHP008942,4,468,4652,11-05-2025,Product Quality,Manufacturing Defect,Medium,Supplier,20627,Resolved,Customs clearance delay,Emergency procurement completed,16-05-2025
RSK003700,SHP008384,10,488,2012,10-03-2025,Weather,Heavy Rain,Medium,Warehouse,14894,Investigating,Warehouse power outage,Emergency procurement completed,
RSK003701,SHP002617,11,230,837,01-02-2025,Logistics,Lost Shipment,Critical,Inventory,300433,Resolved,Packaging quality issue,Route optimized,12-02-2025
RSK003702,SHP005821,25,250,4882,19-01-2025,Warehouse,Power Failure,Medium,Inventory,13636,Resolved,Incorrect inventory records,Additional quality inspection,23-01-2025
RSK003703,SHP013800,5,133,585,01-06-2025,Warehouse,Equipment Failure,Medium,Shipment,21716,Investigating,Vehicle mechanical failure,Assigned alternate supplier,
RSK003704,SHP013017,11,129,2249,23-09-2025,Inventory,Stockout,Medium,Inventory,24811,Resolved,Customs clearance delay,Warehouse maintenance completed,29-09-2025
RSK003705,SHP012716,16,142,4257,14-03-2025,Supplier,Supplier Capacity Issue,Low,Inventory,3668,Resolved,Heavy rainfall disrupted transport,Insurance claim initiated,25-03-2025
RSK003706,SHP007703,2,321,2986,25-10-2025,Logistics,Shipment Delay,Low,Warehouse,1088,Investigating,Supplier production delay,Additional quality inspection,
RSK003707,SHP006972,7,278,792,05-08-2025,Warehouse,Storage Capacity Full,Low,Customer,4351,Resolved,Packaging quality issue,Insurance claim initiated,10-08-2025
RSK003708,SHP010797,24,451,1252,10-01-2025,Product Quality,Manufacturing Defect,Medium,Warehouse,6447,Mitigated,Customs clearance delay,Increased safety stock,22-01-2025
RSK003709,SHP010344,12,490,606,30-11-2025,Inventory,Inventory Mismatch,Low,Customer,2874,Resolved,Vehicle mechanical failure,Insurance claim initiated,08-12-2025
RSK003710,SHP001304,2,328,3206,21-09-2025,Warehouse,Storage Capacity Full,Low,Customer,3409,Investigating,Packaging quality issue,Route optimized,
RSK003711,SHP003257,1,281,3648,27-10-2025,Inventory,Overstock,High,Shipment,34405,Mitigated,Warehouse power outage,Warehouse maintenance completed,06-11-2025
RSK003712,SHP010981,7,487,3826,16-11-2025,Supplier,Supplier Capacity Issue,Low,Supplier,1481,Resolved,Poor demand forecasting,Route optimized,20-11-2025
RSK003713,SHP014187,14,23,3740,20-10-2025,Weather,Cyclone,Low,Supplier,1664,Resolved,Packaging quality issue,Route optimized,23-10-2025
RSK003714,SHP001263,20,105,3713,15-06-2025,Supplier,Late Delivery,Medium,Inventory,9394,Resolved,Customs clearance delay,Warehouse maintenance completed,28-06-2025
RSK003715,SHP002178,8,1,3426,12-04-2025,Supplier,Material Shortage,Low,Customer,1321,Resolved,Supplier production delay,Expedited shipment,25-04-2025
RSK003716,SHP001996,15,334,1029,08-05-2025,Logistics,Wrong Delivery,Low,Inventory,3376,Mitigated,Packaging quality issue,Additional quality inspection,22-05-2025
RSK003717,SHP005289,9,432,2554,16-04-2025,Logistics,Lost Shipment,Low,Warehouse,3652,Investigating,Warehouse power outage,Expedited shipment,
RSK003718,SHP007242,14,195,3437,22-02-2025,Logistics,Shipment Delay,Low,Shipment,1656,Resolved,Customs clearance delay,Insurance claim initiated,28-02-2025
RSK003719,SHP004957,18,286,3723,19-08-2025,Inventory,Stockout,Low,Supplier,1406,Resolved,Poor demand forecasting,Route optimized,28-08-2025
RSK003720,SHP012038,21,223,855,25-02-2025,Logistics,Route Blockage,Critical,Inventory,103424,Investigating,Packaging quality issue,Route optimized,
RSK003721,SHP013724,8,173,2710,01-05-2025,Logistics,Wrong Delivery,High,Warehouse,42617,Investigating,Customs clearance delay,Route optimized,
RSK003722,SHP001040,9,9,4854,05-07-2025,Logistics,Lost Shipment,Medium,Customer,10407,Investigating,Incorrect inventory records,Emergency procurement completed,
RSK003723,SHP001660,9,464,4289,12-08-2025,Financial,Cost Increase,Medium,Inventory,10486,Mitigated,Packaging quality issue,Emergency procurement completed,24-08-2025
RSK003724,SHP010431,17,215,3672,13-12-2025,Logistics,Lost Shipment,Medium,Supplier,13939,Resolved,Incorrect inventory records,Emergency procurement completed,16-12-2025
RSK003725,SHP011503,10,348,3761,17-05-2025,Warehouse,Storage Capacity Full,Medium,Supplier,12120,Resolved,Warehouse power outage,Expedited shipment,22-05-2025
RSK003726,SHP014910,8,262,3511,17-08-2025,Supplier,Supplier Capacity Issue,Medium,Warehouse,16149,Investigating,Incorrect inventory records,Insurance claim initiated,
RSK003727,SHP005426,6,12,358,07-05-2025,Warehouse,Storage Capacity Full,Low,Supplier,4283,Resolved,Customs clearance delay,Expedited shipment,09-05-2025
RSK003728,SHP011246,10,452,3989,22-09-2025,Inventory,Stockout,Medium,Supplier,13682,Investigating,Packaging quality issue,Assigned alternate supplier,
RSK003729,SHP011521,17,438,1439,27-12-2025,Inventory,Overstock,Low,Supplier,3001,Resolved,Vehicle mechanical failure,Insurance claim initiated,28-12-2025
RSK003730,SHP004701,17,292,2479,08-06-2025,Logistics,Shipment Delay,Medium,Inventory,6041,Resolved,Incorrect inventory records,Warehouse maintenance completed,20-06-2025
RSK003731,SHP003260,14,424,2653,13-01-2025,Transportation,Vehicle Breakdown,Medium,Warehouse,6111,Resolved,Packaging quality issue,Warehouse maintenance completed,27-01-2025
RSK003732,SHP011973,20,105,330,31-08-2025,Supplier,Late Delivery,High,Supplier,68019,Investigating,Poor demand forecasting,Route optimized,
RSK003733,SHP007465,12,471,781,14-09-2025,Supplier,Late Delivery,Medium,Inventory,8801,Resolved,Supplier production delay,Insurance claim initiated,16-09-2025
RSK003734,SHP013823,12,410,3630,05-09-2025,Product Quality,Manufacturing Defect,Low,Shipment,4288,Resolved,Packaging quality issue,Increased safety stock,06-09-2025
RSK003735,SHP008965,13,357,745,03-12-2025,Inventory,Overstock,Low,Supplier,741,Resolved,Incorrect inventory records,Assigned alternate supplier,07-12-2025
RSK003736,SHP000844,10,1,4616,24-10-2025,Inventory,Overstock,Medium,Shipment,21456,Mitigated,Poor demand forecasting,Assigned alternate supplier,05-11-2025
RSK003737,SHP003416,13,2,4196,04-12-2025,Inventory,Stockout,Low,Warehouse,2649,Resolved,Poor demand forecasting,Increased safety stock,05-12-2025
RSK003738,SHP011978,21,231,3246,27-11-2025,Logistics,Route Blockage,Low,Shipment,4432,Investigating,Poor demand forecasting,Assigned alternate supplier,
RSK003739,SHP010529,17,389,4487,16-05-2025,Inventory,Stockout,Low,Inventory,1767,Resolved,Packaging quality issue,Increased safety stock,29-05-2025
RSK003740,SHP007037,22,147,1137,06-05-2025,Logistics,Lost Shipment,Low,Supplier,4144,Resolved,Customs clearance delay,Insurance claim initiated,07-05-2025
RSK003741,SHP008052,22,281,879,30-07-2025,Weather,Heavy Rain,High,Warehouse,84834,Mitigated,Heavy rainfall disrupted transport,Expedited shipment,07-08-2025
RSK003742,SHP005511,3,93,24,03-08-2025,Logistics,Wrong Delivery,Low,Inventory,644,Resolved,Warehouse power outage,Emergency procurement completed,09-08-2025
RSK003743,SHP010962,18,330,4227,26-01-2025,Logistics,Wrong Delivery,Critical,Shipment,408233,Resolved,Customs clearance delay,Additional quality inspection,06-02-2025
RSK003744,SHP003079,10,70,4081,16-02-2025,Supplier,Supplier Capacity Issue,Low,Inventory,1083,Investigating,Vehicle mechanical failure,Route optimized,
RSK003745,SHP009259,22,228,3815,29-11-2025,Warehouse,Fire Alarm,Medium,Customer,15958,Resolved,Vehicle mechanical failure,Warehouse maintenance completed,08-12-2025
RSK003746,SHP010359,15,47,4972,31-01-2025,Supplier,Material Shortage,Medium,Customer,6462,Resolved,Heavy rainfall disrupted transport,Additional quality inspection,09-02-2025
RSK003747,SHP007479,9,434,3438,14-07-2025,Financial,Currency Fluctuation,Low,Customer,3808,Mitigated,Supplier production delay,Route optimized,16-07-2025
RSK003748,SHP004068,2,329,2656,05-07-2025,Transportation,Traffic Congestion,Medium,Warehouse,8430,Resolved,Supplier production delay,Warehouse maintenance completed,06-07-2025
RSK003749,SHP007943,16,322,1386,11-05-2025,Logistics,Wrong Delivery,Medium,Supplier,18319,Investigating,Poor demand forecasting,Assigned alternate supplier,
RSK003750,SHP011421,19,73,3826,11-12-2025,Inventory,Inventory Mismatch,Medium,Supplier,16077,Resolved,Supplier production delay,Route optimized,20-12-2025
RSK003751,SHP004219,24,463,3011,17-11-2025,Warehouse,Fire Alarm,High,Shipment,83767,Resolved,Customs clearance delay,Insurance claim initiated,26-11-2025
RSK003752,SHP007065,3,16,364,22-02-2025,Inventory,Overstock,Low,Customer,4013,Investigating,Poor demand forecasting,Assigned alternate supplier,
RSK003753,SHP013222,4,436,3412,28-12-2025,Weather,Cyclone,Medium,Customer,16666,Resolved,Heavy rainfall disrupted transport,Expedited shipment,11-01-2026
RSK003754,SHP014929,13,208,2519,15-02-2025,Logistics,Shipment Delay,Medium,Customer,16958,Mitigated,Incorrect inventory records,Insurance claim initiated,25-02-2025
RSK003755,SHP006754,1,187,1025,18-04-2025,Product Quality,Damaged Goods,Low,Inventory,3735,Resolved,Packaging quality issue,Route optimized,26-04-2025
RSK003756,SHP002238,23,256,2170,10-12-2025,Transportation,Vehicle Breakdown,Medium,Inventory,24792,Resolved,Customs clearance delay,Emergency procurement completed,24-12-2025
RSK003757,SHP013328,19,77,1979,24-11-2025,Logistics,Route Blockage,High,Warehouse,49882,Mitigated,Vehicle mechanical failure,Insurance claim initiated,05-12-2025
RSK003758,SHP001353,11,164,3614,21-12-2025,Logistics,Lost Shipment,High,Shipment,81052,Resolved,Incorrect inventory records,Increased safety stock,24-12-2025
RSK003759,SHP008748,5,71,2398,10-02-2025,Logistics,Route Blockage,Critical,Shipment,217805,Resolved,Warehouse power outage,Route optimized,11-02-2025
RSK003760,SHP000918,21,205,4184,17-03-2025,Warehouse,Fire Alarm,Low,Customer,3613,Mitigated,Incorrect inventory records,Increased safety stock,19-03-2025
RSK003761,SHP007527,23,57,4983,07-01-2025,Transportation,Traffic Congestion,Low,Supplier,2610,Resolved,Customs clearance delay,Additional quality inspection,15-01-2025
RSK003762,SHP006461,4,283,1436,19-05-2025,Warehouse,Power Failure,Medium,Inventory,14115,Resolved,Warehouse power outage,Route optimized,24-05-2025
RSK003763,SHP003823,24,391,4049,01-01-2025,Inventory,Inventory Mismatch,Medium,Supplier,23099,Resolved,Heavy rainfall disrupted transport,Additional quality inspection,10-01-2025
RSK003764,SHP006215,6,301,867,06-09-2025,Supplier,Late Delivery,Medium,Warehouse,23449,Mitigated,Heavy rainfall disrupted transport,Insurance claim initiated,20-09-2025
RSK003765,SHP008084,7,309,3530,04-08-2025,Supplier,Material Shortage,Low,Inventory,840,Resolved,Heavy rainfall disrupted transport,Increased safety stock,14-08-2025
RSK003766,SHP003346,13,284,2838,09-08-2025,Inventory,Overstock,Medium,Inventory,19434,Resolved,Customs clearance delay,Assigned alternate supplier,18-08-2025
RSK003767,SHP009066,24,119,2175,22-06-2025,Warehouse,Power Failure,High,Customer,50507,Investigating,Supplier production delay,Route optimized,
RSK003768,SHP001157,17,250,875,13-11-2025,Inventory,Inventory Mismatch,Low,Customer,2887,Resolved,Vehicle mechanical failure,Emergency procurement completed,14-11-2025
RSK003769,SHP004800,21,483,911,15-01-2025,Inventory,Stockout,High,Inventory,52938,Resolved,Customs clearance delay,Expedited shipment,28-01-2025
RSK003770,SHP009796,5,212,3796,06-01-2025,Warehouse,Fire Alarm,Medium,Supplier,5041,Investigating,Heavy rainfall disrupted transport,Expedited shipment,
RSK003771,SHP012800,1,162,108,26-01-2025,Logistics,Wrong Delivery,Medium,Warehouse,10965,Investigating,Vehicle mechanical failure,Insurance claim initiated,
RSK003772,SHP002353,19,238,4843,24-01-2025,Inventory,Stockout,Low,Inventory,2738,Resolved,Heavy rainfall disrupted transport,Assigned alternate supplier,27-01-2025
RSK003773,SHP008428,5,57,4586,31-08-2025,Inventory,Stockout,Medium,Warehouse,24914,Resolved,Supplier production delay,Warehouse maintenance completed,10-09-2025
RSK003774,SHP003435,5,307,231,01-04-2025,Supplier,Supplier Capacity Issue,Low,Warehouse,1332,Resolved,Packaging quality issue,Additional quality inspection,10-04-2025
RSK003775,SHP000170,8,464,511,12-05-2025,Warehouse,Equipment Failure,Medium,Supplier,6755,Investigating,Incorrect inventory records,Assigned alternate supplier,
RSK003776,SHP013316,19,296,1539,12-06-2025,Logistics,Shipment Delay,Medium,Supplier,23657,Resolved,Warehouse power outage,Increased safety stock,14-06-2025
RSK003777,SHP011135,3,295,3755,20-08-2025,Warehouse,Power Failure,Low,Customer,3750,Resolved,Packaging quality issue,Insurance claim initiated,24-08-2025
RSK003778,SHP010589,22,451,4895,28-03-2025,Inventory,Overstock,Medium,Warehouse,22873,Resolved,Supplier production delay,Increased safety stock,30-03-2025
RSK003779,SHP008084,3,63,469,24-08-2025,Inventory,Stockout,Critical,Customer,426290,Resolved,Vehicle mechanical failure,Increased safety stock,28-08-2025
RSK003780,SHP008399,11,448,3395,01-09-2025,Warehouse,Power Failure,Low,Shipment,2871,Resolved,Vehicle mechanical failure,Route optimized,14-09-2025
RSK003781,SHP006082,18,412,3944,08-08-2025,Supplier,Late Delivery,Low,Inventory,3277,Resolved,Heavy rainfall disrupted transport,Warehouse maintenance completed,19-08-2025
RSK003782,SHP005398,18,351,3546,19-11-2025,Warehouse,Storage Capacity Full,Medium,Inventory,6864,Resolved,Poor demand forecasting,Expedited shipment,01-12-2025
RSK003783,SHP006017,11,304,3012,21-11-2025,Inventory,Inventory Mismatch,Low,Customer,4536,Resolved,Poor demand forecasting,Assigned alternate supplier,25-11-2025
RSK003784,SHP003702,24,36,1088,02-04-2025,Weather,Heavy Rain,Low,Shipment,4907,Investigating,Supplier production delay,Emergency procurement completed,
RSK003785,SHP011644,15,438,1928,01-06-2025,Warehouse,Fire Alarm,Medium,Shipment,7097,Resolved,Heavy rainfall disrupted transport,Insurance claim initiated,06-06-2025
RSK003786,SHP009367,1,336,126,01-08-2025,Logistics,Route Blockage,Medium,Customer,6479,Resolved,Warehouse power outage,Additional quality inspection,08-08-2025
RSK003787,SHP002597,9,468,305,27-03-2025,Supplier,Supplier Capacity Issue,High,Supplier,52679,Resolved,Vehicle mechanical failure,Assigned alternate supplier,09-04-2025
RSK003788,SHP010577,13,106,913,27-10-2025,Supplier,Material Shortage,Critical,Inventory,259842,Resolved,Warehouse power outage,Warehouse maintenance completed,10-11-2025
RSK003789,SHP001547,9,67,753,09-04-2025,Inventory,Inventory Mismatch,Low,Shipment,3417,Investigating,Supplier production delay,Insurance claim initiated,
RSK003790,SHP008024,14,132,2214,10-11-2025,Warehouse,Fire Alarm,Medium,Inventory,15673,Resolved,Customs clearance delay,Route optimized,15-11-2025
RSK003791,SHP002812,5,439,1942,17-05-2025,Inventory,Inventory Mismatch,Low,Inventory,3440,Resolved,Incorrect inventory records,Assigned alternate supplier,21-05-2025
RSK003792,SHP013038,10,368,862,19-04-2025,Product Quality,Manufacturing Defect,Low,Warehouse,3068,Resolved,Poor demand forecasting,Increased safety stock,28-04-2025
RSK003793,SHP003645,16,214,3992,16-11-2025,Supplier,Late Delivery,High,Supplier,66386,Resolved,Customs clearance delay,Warehouse maintenance completed,30-11-2025
RSK003794,SHP001035,11,350,138,17-08-2025,Inventory,Overstock,Medium,Shipment,17565,Resolved,Supplier production delay,Assigned alternate supplier,21-08-2025
RSK003795,SHP008549,19,195,1034,08-04-2025,Logistics,Shipment Delay,Low,Supplier,3843,Open,Customs clearance delay,Additional quality inspection,
RSK003796,SHP011190,22,423,2678,14-05-2025,Supplier,Late Delivery,Low,Inventory,1168,Resolved,Supplier production delay,Increased safety stock,15-05-2025
RSK003797,SHP002430,7,219,1877,08-06-2025,Logistics,Wrong Delivery,Medium,Inventory,6139,Resolved,Warehouse power outage,Expedited shipment,18-06-2025
RSK003798,SHP006065,9,396,3102,17-06-2025,Inventory,Overstock,Low,Warehouse,4897,Mitigated,Customs clearance delay,Increased safety stock,22-06-2025
RSK003799,SHP009998,6,192,2803,10-10-2025,Product Quality,Packaging Damage,Medium,Warehouse,16657,Mitigated,Packaging quality issue,Route optimized,17-10-2025
RSK003800,SHP003720,1,492,449,07-11-2025,Inventory,Overstock,Low,Shipment,1475,Resolved,Supplier production delay,Route optimized,13-11-2025
RSK003801,SHP013109,1,38,55,26-12-2025,Warehouse,Equipment Failure,Low,Customer,995,Resolved,Supplier production delay,Warehouse maintenance completed,28-12-2025
RSK003802,SHP005352,23,483,4447,17-07-2025,Inventory,Overstock,Medium,Inventory,23751,Resolved,Customs clearance delay,Assigned alternate supplier,28-07-2025
RSK003803,SHP003906,6,86,1865,10-06-2025,Product Quality,Packaging Damage,Low,Supplier,4394,Resolved,Packaging quality issue,Insurance claim initiated,21-06-2025
RSK003804,SHP004195,23,336,3898,21-01-2025,Warehouse,Storage Capacity Full,Low,Inventory,831,Mitigated,Warehouse power outage,Route optimized,26-01-2025
RSK003805,SHP010603,16,267,4264,18-09-2025,Supplier,Material Shortage,High,Inventory,66474,Mitigated,Vehicle mechanical failure,Warehouse maintenance completed,20-09-2025
RSK003806,SHP006270,16,462,2985,09-08-2025,Inventory,Inventory Mismatch,Medium,Supplier,19191,Resolved,Poor demand forecasting,Emergency procurement completed,22-08-2025
RSK003807,SHP006150,10,14,316,08-07-2025,Logistics,Route Blockage,High,Warehouse,99087,Mitigated,Incorrect inventory records,Expedited shipment,18-07-2025
RSK003808,SHP001655,19,64,3100,06-12-2025,Warehouse,Power Failure,Medium,Customer,18120,Resolved,Incorrect inventory records,Route optimized,18-12-2025
RSK003809,SHP006647,13,391,3220,17-07-2025,Warehouse,Fire Alarm,Low,Warehouse,2008,Investigating,Vehicle mechanical failure,Emergency procurement completed,
RSK003810,SHP010275,15,435,2104,09-01-2025,Logistics,Route Blockage,Medium,Supplier,20415,Resolved,Packaging quality issue,Increased safety stock,11-01-2025
RSK003811,SHP002506,13,95,2901,30-09-2025,Inventory,Inventory Mismatch,Low,Warehouse,3327,Resolved,Warehouse power outage,Assigned alternate supplier,12-10-2025
RSK003812,SHP001649,1,190,856,03-06-2025,Product Quality,Damaged Goods,Medium,Shipment,15827,Resolved,Incorrect inventory records,Insurance claim initiated,08-06-2025
RSK003813,SHP013192,22,248,2680,16-01-2025,Supplier,Material Shortage,Medium,Inventory,7344,Resolved,Supplier production delay,Increased safety stock,30-01-2025
RSK003814,SHP005093,18,33,691,21-10-2025,Weather,Cyclone,Medium,Inventory,5728,Resolved,Supplier production delay,Warehouse maintenance completed,03-11-2025
RSK003815,SHP005242,15,268,4263,26-09-2025,Inventory,Stockout,Medium,Shipment,20511,Resolved,Warehouse power outage,Assigned alternate supplier,06-10-2025
RSK003816,SHP011294,15,263,615,12-03-2025,Logistics,Lost Shipment,High,Inventory,29488,Mitigated,Supplier production delay,Increased safety stock,24-03-2025
RSK003817,SHP006231,2,347,3740,24-04-2025,Weather,Heavy Rain,Low,Inventory,2705,Resolved,Supplier production delay,Warehouse maintenance completed,05-05-2025
RSK003818,SHP001579,12,479,2337,06-03-2025,Product Quality,Damaged Goods,Low,Warehouse,1289,Investigating,Customs clearance delay,Assigned alternate supplier,
RSK003819,SHP009687,5,65,2275,05-07-2025,Logistics,Route Blockage,Medium,Supplier,14987,Resolved,Heavy rainfall disrupted transport,Insurance claim initiated,06-07-2025
RSK003820,SHP010051,2,479,2228,21-02-2025,Inventory,Stockout,Low,Supplier,1891,Open,Heavy rainfall disrupted transport,Emergency procurement completed,
RSK003821,SHP003305,7,140,657,10-09-2025,Supplier,Supplier Capacity Issue,High,Warehouse,27359,Resolved,Customs clearance delay,Warehouse maintenance completed,18-09-2025
RSK003822,SHP007392,18,437,585,25-01-2025,Logistics,Wrong Delivery,Low,Warehouse,541,Resolved,Incorrect inventory records,Additional quality inspection,04-02-2025
RSK003823,SHP010214,9,471,1842,03-09-2025,Product Quality,Damaged Goods,High,Customer,83339,Investigating,Supplier production delay,Assigned alternate supplier,
RSK003824,SHP009146,6,103,3517,26-12-2025,Warehouse,Power Failure,Medium,Warehouse,18470,Resolved,Supplier production delay,Insurance claim initiated,07-01-2026
RSK003825,SHP008342,8,423,3185,28-01-2025,Supplier,Material Shortage,Medium,Shipment,24425,Resolved,Packaging quality issue,Additional quality inspection,30-01-2025
RSK003826,SHP009285,1,279,3411,05-11-2025,Warehouse,Storage Capacity Full,Low,Supplier,3971,Resolved,Heavy rainfall disrupted transport,Expedited shipment,18-11-2025
RSK003827,SHP013339,3,360,375,10-03-2025,Supplier,Supplier Capacity Issue,Low,Supplier,4741,Resolved,Incorrect inventory records,Route optimized,11-03-2025
RSK003828,SHP005410,16,37,4671,15-05-2025,Logistics,Shipment Delay,Medium,Warehouse,15709,Resolved,Poor demand forecasting,Expedited shipment,24-05-2025
RSK003829,SHP000721,17,133,3748,16-03-2025,Weather,Cyclone,Medium,Inventory,12297,Resolved,Packaging quality issue,Expedited shipment,18-03-2025
RSK003830,SHP014697,5,385,369,16-04-2025,Product Quality,Packaging Damage,High,Supplier,42170,Resolved,Packaging quality issue,Emergency procurement completed,26-04-2025
RSK003831,SHP010823,9,465,2516,11-06-2025,Inventory,Overstock,High,Warehouse,81145,Resolved,Customs clearance delay,Additional quality inspection,16-06-2025
RSK003832,SHP011607,17,117,3828,10-11-2025,Transportation,Fuel Shortage,Low,Supplier,2898,Open,Poor demand forecasting,Increased safety stock,
RSK003833,SHP000655,5,456,4304,23-05-2025,Inventory,Inventory Mismatch,Low,Customer,4623,Resolved,Incorrect inventory records,Warehouse maintenance completed,06-06-2025
RSK003834,SHP010929,2,226,1129,27-02-2025,Inventory,Overstock,Medium,Inventory,16308,Resolved,Warehouse power outage,Warehouse maintenance completed,07-03-2025
RSK003835,SHP002043,18,288,2084,03-03-2025,Supplier,Material Shortage,Low,Inventory,3966,Resolved,Customs clearance delay,Additional quality inspection,16-03-2025
RSK003836,SHP000474,19,185,4482,25-11-2025,Weather,Heavy Rain,Low,Supplier,2187,Resolved,Incorrect inventory records,Assigned alternate supplier,09-12-2025
RSK003837,SHP000324,9,377,3807,03-02-2025,Weather,Cyclone,Low,Shipment,3540,Investigating,Packaging quality issue,Insurance claim initiated,
RSK003838,SHP010902,4,329,2746,01-12-2025,Inventory,Overstock,Low,Shipment,2654,Mitigated,Warehouse power outage,Route optimized,08-12-2025
RSK003839,SHP012079,21,28,117,03-05-2025,Logistics,Shipment Delay,Medium,Inventory,12429,Resolved,Poor demand forecasting,Expedited shipment,13-05-2025
RSK003840,SHP002387,17,195,4646,14-02-2025,Inventory,Overstock,Low,Supplier,601,Mitigated,Packaging quality issue,Expedited shipment,22-02-2025
RSK003841,SHP012909,24,387,2132,23-12-2025,Transportation,Traffic Congestion,High,Supplier,61755,Resolved,Vehicle mechanical failure,Insurance claim initiated,27-12-2025
RSK003842,SHP004747,3,26,4950,27-01-2025,Transportation,Fuel Shortage,Low,Shipment,4191,Resolved,Supplier production delay,Insurance claim initiated,10-02-2025
RSK003843,SHP010474,12,416,2513,15-02-2025,Warehouse,Fire Alarm,Critical,Supplier,375327,Resolved,Customs clearance delay,Warehouse maintenance completed,20-02-2025
RSK003844,SHP013200,10,420,1852,02-09-2025,Inventory,Inventory Mismatch,Medium,Shipment,14461,Investigating,Heavy rainfall disrupted transport,Warehouse maintenance completed,
RSK003845,SHP001318,2,256,4490,02-11-2025,Product Quality,Manufacturing Defect,Low,Shipment,812,Open,Heavy rainfall disrupted transport,Assigned alternate supplier,
RSK003846,SHP013712,24,366,1426,05-02-2025,Supplier,Late Delivery,Medium,Warehouse,20352,Open,Vehicle mechanical failure,Warehouse maintenance completed,
RSK003847,SHP014560,24,53,4700,09-02-2025,Logistics,Lost Shipment,Medium,Supplier,14794,Resolved,Supplier production delay,Route optimized,12-02-2025
RSK003848,SHP000581,18,57,4666,20-11-2025,Logistics,Lost Shipment,High,Supplier,83918,Open,Packaging quality issue,Expedited shipment,
RSK003849,SHP007236,5,214,1492,05-01-2025,Supplier,Supplier Capacity Issue,Medium,Warehouse,19212,Resolved,Vehicle mechanical failure,Additional quality inspection,08-01-2025
RSK003850,SHP013381,3,406,727,17-07-2025,Logistics,Wrong Delivery,Medium,Shipment,20577,Mitigated,Heavy rainfall disrupted transport,Warehouse maintenance completed,21-07-2025
RSK003851,SHP006616,8,421,625,13-08-2025,Supplier,Supplier Capacity Issue,Medium,Customer,9640,Investigating,Vehicle mechanical failure,Warehouse maintenance completed,
RSK003852,SHP013407,9,448,3677,03-04-2025,Logistics,Route Blockage,Medium,Shipment,17820,Resolved,Customs clearance delay,Insurance claim initiated,05-04-2025
RSK003853,SHP004576,10,337,3706,01-11-2025,Inventory,Inventory Mismatch,Medium,Inventory,14770,Mitigated,Vehicle mechanical failure,Additional quality inspection,05-11-2025
RSK003854,SHP002102,1,150,1818,02-10-2025,Warehouse,Fire Alarm,Low,Warehouse,1466,Mitigated,Incorrect inventory records,Emergency procurement completed,13-10-2025
RSK003855,SHP006095,1,441,2698,16-11-2025,Inventory,Inventory Mismatch,Medium,Inventory,24831,Investigating,Incorrect inventory records,Increased safety stock,
RSK003856,SHP008432,21,368,657,28-05-2025,Warehouse,Storage Capacity Full,Medium,Warehouse,5595,Resolved,Customs clearance delay,Expedited shipment,05-06-2025
RSK003857,SHP005702,3,314,4429,28-11-2025,Logistics,Shipment Delay,Low,Customer,3526,Resolved,Heavy rainfall disrupted transport,Route optimized,10-12-2025
RSK003858,SHP007193,12,159,2362,09-04-2025,Logistics,Shipment Delay,High,Warehouse,35649,Mitigated,Poor demand forecasting,Additional quality inspection,22-04-2025
RSK003859,SHP005438,23,223,4440,09-12-2025,Inventory,Inventory Mismatch,Medium,Shipment,9262,Investigating,Vehicle mechanical failure,Emergency procurement completed,
RSK003860,SHP014174,12,108,299,31-07-2025,Supplier,Late Delivery,Medium,Shipment,20606,Resolved,Incorrect inventory records,Insurance claim initiated,07-08-2025
RSK003861,SHP003553,7,209,2287,05-03-2025,Inventory,Overstock,Low,Shipment,1603,Mitigated,Customs clearance delay,Additional quality inspection,15-03-2025
RSK003862,SHP002313,15,456,876,26-01-2025,Logistics,Lost Shipment,Medium,Supplier,16576,Investigating,Supplier production delay,Assigned alternate supplier,
RSK003863,SHP011628,5,72,369,27-01-2025,Logistics,Route Blockage,Low,Customer,4577,Resolved,Packaging quality issue,Assigned alternate supplier,09-02-2025
RSK003864,SHP009389,14,483,2629,14-05-2025,Warehouse,Fire Alarm,Low,Customer,3005,Resolved,Customs clearance delay,Additional quality inspection,22-05-2025
RSK003865,SHP006550,19,178,2524,28-08-2025,Supplier,Late Delivery,Low,Customer,891,Resolved,Vehicle mechanical failure,Emergency procurement completed,05-09-2025
RSK003866,SHP009253,4,336,3894,02-02-2025,Inventory,Overstock,Medium,Customer,24221,Resolved,Incorrect inventory records,Route optimized,16-02-2025
RSK003867,SHP013904,19,410,3791,22-12-2025,Logistics,Lost Shipment,Low,Inventory,3315,Resolved,Heavy rainfall disrupted transport,Expedited shipment,31-12-2025
RSK003868,SHP013114,6,334,2038,06-09-2025,Transportation,Traffic Congestion,Medium,Customer,21427,Open,Customs clearance delay,Increased safety stock,
RSK003869,SHP004659,19,297,2221,25-05-2025,Supplier,Late Delivery,Low,Warehouse,3113,Resolved,Packaging quality issue,Assigned alternate supplier,04-06-2025
RSK003870,SHP013126,5,222,1999,06-10-2025,Logistics,Shipment Delay,Medium,Inventory,9318,Resolved,Supplier production delay,Emergency procurement completed,13-10-2025
RSK003871,SHP004344,4,110,3036,26-09-2025,Warehouse,Equipment Failure,Medium,Inventory,15256,Resolved,Supplier production delay,Expedited shipment,29-09-2025
RSK003872,SHP003807,9,15,3129,29-07-2025,Warehouse,Storage Capacity Full,Low,Warehouse,1015,Open,Supplier production delay,Route optimized,
RSK003873,SHP013419,8,5,848,29-06-2025,Warehouse,Storage Capacity Full,Critical,Warehouse,494425,Resolved,Incorrect inventory records,Assigned alternate supplier,06-07-2025
RSK003874,SHP007566,12,37,36,20-04-2025,Transportation,Traffic Congestion,Medium,Warehouse,6015,Resolved,Packaging quality issue,Additional quality inspection,23-04-2025
RSK003875,SHP010392,1,499,3845,11-11-2025,Inventory,Stockout,Medium,Warehouse,12383,Open,Poor demand forecasting,Insurance claim initiated,
RSK003876,SHP008527,8,211,4361,25-09-2025,Warehouse,Power Failure,Medium,Customer,9682,Mitigated,Warehouse power outage,Route optimized,30-09-2025
RSK003877,SHP000778,19,57,866,30-10-2025,Logistics,Route Blockage,Medium,Shipment,8407,Open,Incorrect inventory records,Additional quality inspection,
RSK003878,SHP001977,13,252,45,23-06-2025,Inventory,Stockout,Low,Supplier,2279,Resolved,Vehicle mechanical failure,Assigned alternate supplier,01-07-2025
RSK003879,SHP008309,3,222,3411,31-01-2025,Supplier,Supplier Capacity Issue,Medium,Warehouse,22272,Investigating,Warehouse power outage,Route optimized,
RSK003880,SHP013123,15,413,907,03-05-2025,Inventory,Inventory Mismatch,Low,Customer,4749,Resolved,Vehicle mechanical failure,Insurance claim initiated,11-05-2025
RSK003881,SHP014941,13,52,1718,19-04-2025,Supplier,Late Delivery,Medium,Customer,14678,Resolved,Poor demand forecasting,Insurance claim initiated,21-04-2025
RSK003882,SHP008559,4,480,4423,04-10-2025,Supplier,Late Delivery,Critical,Customer,333925,Investigating,Packaging quality issue,Warehouse maintenance completed,
RSK003883,SHP012037,5,40,2148,05-11-2025,Warehouse,Storage Capacity Full,High,Supplier,90242,Resolved,Customs clearance delay,Insurance claim initiated,11-11-2025
RSK003884,SHP009742,5,371,4934,12-11-2025,Weather,Cyclone,Medium,Inventory,13370,Resolved,Poor demand forecasting,Emergency procurement completed,22-11-2025
RSK003885,SHP009682,21,346,3578,01-12-2025,Warehouse,Power Failure,Low,Inventory,4147,Investigating,Packaging quality issue,Additional quality inspection,
RSK003886,SHP006606,19,400,2239,13-08-2025,Logistics,Lost Shipment,Low,Customer,2210,Investigating,Vehicle mechanical failure,Expedited shipment,
RSK003887,SHP012610,22,439,3560,12-09-2025,Transportation,Vehicle Breakdown,Low,Shipment,4727,Mitigated,Heavy rainfall disrupted transport,Assigned alternate supplier,25-09-2025
RSK003888,SHP005854,25,402,2127,18-06-2025,Warehouse,Storage Capacity Full,Low,Customer,3673,Resolved,Heavy rainfall disrupted transport,Expedited shipment,02-07-2025
RSK003889,SHP001887,15,430,4443,18-08-2025,Logistics,Route Blockage,High,Supplier,58765,Resolved,Poor demand forecasting,Assigned alternate supplier,26-08-2025
RSK003890,SHP011604,13,170,2375,19-07-2025,Product Quality,Packaging Damage,Low,Customer,1153,Resolved,Incorrect inventory records,Increased safety stock,01-08-2025
RSK003891,SHP005341,23,347,2154,14-12-2025,Inventory,Inventory Mismatch,Medium,Supplier,9570,Investigating,Poor demand forecasting,Insurance claim initiated,
RSK003892,SHP007023,12,138,3084,11-11-2025,Warehouse,Equipment Failure,Medium,Inventory,15764,Resolved,Heavy rainfall disrupted transport,Assigned alternate supplier,23-11-2025
RSK003893,SHP011981,17,434,4460,08-09-2025,Warehouse,Equipment Failure,Low,Supplier,4256,Mitigated,Vehicle mechanical failure,Emergency procurement completed,18-09-2025
RSK003894,SHP001905,3,39,4344,14-07-2025,Warehouse,Storage Capacity Full,Medium,Warehouse,23696,Resolved,Vehicle mechanical failure,Warehouse maintenance completed,15-07-2025
RSK003895,SHP002068,18,408,1702,19-12-2025,Logistics,Wrong Delivery,Low,Supplier,3700,Resolved,Supplier production delay,Increased safety stock,22-12-2025
RSK003896,SHP005368,11,2,678,22-08-2025,Logistics,Lost Shipment,Medium,Customer,12432,Resolved,Packaging quality issue,Emergency procurement completed,26-08-2025
RSK003897,SHP006473,1,138,534,12-06-2025,Inventory,Stockout,Medium,Customer,12116,Resolved,Incorrect inventory records,Insurance claim initiated,25-06-2025
RSK003898,SHP013138,17,400,1431,01-02-2025,Logistics,Route Blockage,Medium,Supplier,6790,Resolved,Packaging quality issue,Increased safety stock,03-02-2025
RSK003899,SHP007597,5,188,4157,03-01-2025,Product Quality,Damaged Goods,Medium,Shipment,24047,Resolved,Supplier production delay,Emergency procurement completed,15-01-2025
RSK003900,SHP003285,23,78,299,04-09-2025,Warehouse,Fire Alarm,Medium,Inventory,10856,Mitigated,Incorrect inventory records,Insurance claim initiated,14-09-2025
RSK003901,SHP001817,19,276,4881,20-10-2025,Warehouse,Power Failure,Medium,Customer,17318,Mitigated,Incorrect inventory records,Route optimized,21-10-2025
RSK003902,SHP000270,4,487,2159,25-10-2025,Supplier,Supplier Capacity Issue,Medium,Inventory,18537,Open,Customs clearance delay,Route optimized,
RSK003903,SHP001858,9,357,2349,08-06-2025,Logistics,Lost Shipment,Low,Warehouse,2144,Resolved,Vehicle mechanical failure,Warehouse maintenance completed,10-06-2025
RSK003904,SHP002290,15,369,690,02-11-2025,Inventory,Overstock,Low,Customer,2653,Resolved,Packaging quality issue,Route optimized,15-11-2025
RSK003905,SHP007432,8,370,3395,24-10-2025,Logistics,Route Blockage,Low,Customer,586,Mitigated,Heavy rainfall disrupted transport,Warehouse maintenance completed,28-10-2025
RSK003906,SHP009615,3,225,3887,10-01-2025,Product Quality,Manufacturing Defect,Low,Shipment,2252,Resolved,Vehicle mechanical failure,Additional quality inspection,13-01-2025
RSK003907,SHP005911,24,208,1544,12-06-2025,Logistics,Lost Shipment,Low,Customer,2602,Resolved,Warehouse power outage,Additional quality inspection,17-06-2025
RSK003908,SHP014987,11,379,2450,07-05-2025,Logistics,Wrong Delivery,Low,Customer,523,Resolved,Vehicle mechanical failure,Additional quality inspection,11-05-2025
RSK003909,SHP005181,9,492,4593,31-08-2025,Logistics,Route Blockage,Medium,Inventory,16629,Resolved,Heavy rainfall disrupted transport,Increased safety stock,13-09-2025
RSK003910,SHP012599,23,34,2333,30-10-2025,Logistics,Wrong Delivery,High,Customer,76022,Resolved,Customs clearance delay,Increased safety stock,13-11-2025
RSK003911,SHP005710,5,205,793,22-05-2025,Inventory,Stockout,High,Shipment,25281,Investigating,Supplier production delay,Emergency procurement completed,
RSK003912,SHP002087,17,240,2169,11-12-2025,Supplier,Supplier Capacity Issue,Low,Inventory,3420,Resolved,Incorrect inventory records,Expedited shipment,15-12-2025
RSK003913,SHP012671,15,100,3366,11-06-2025,Logistics,Wrong Delivery,High,Customer,97032,Resolved,Poor demand forecasting,Emergency procurement completed,17-06-2025
RSK003914,SHP006231,17,23,2891,20-12-2025,Logistics,Lost Shipment,High,Inventory,61130,Resolved,Incorrect inventory records,Increased safety stock,30-12-2025
RSK003915,SHP013135,2,461,4465,16-09-2025,Inventory,Overstock,Low,Supplier,1226,Resolved,Poor demand forecasting,Increased safety stock,24-09-2025
RSK003916,SHP002423,2,100,4927,26-12-2025,Logistics,Route Blockage,Medium,Warehouse,20018,Resolved,Customs clearance delay,Insurance claim initiated,06-01-2026
RSK003917,SHP007432,19,484,2610,05-03-2025,Weather,Cyclone,Medium,Customer,15850,Resolved,Customs clearance delay,Route optimized,18-03-2025
RSK003918,SHP006238,15,233,4983,23-07-2025,Logistics,Wrong Delivery,Low,Inventory,2012,Resolved,Packaging quality issue,Assigned alternate supplier,05-08-2025
RSK003919,SHP006280,17,112,1421,13-06-2025,Product Quality,Damaged Goods,Low,Supplier,2872,Mitigated,Customs clearance delay,Expedited shipment,15-06-2025
RSK003920,SHP003767,18,345,4421,05-01-2025,Inventory,Overstock,Medium,Inventory,14521,Resolved,Poor demand forecasting,Assigned alternate supplier,09-01-2025
RSK003921,SHP001026,20,336,1708,09-05-2025,Logistics,Shipment Delay,Low,Warehouse,3020,Open,Warehouse power outage,Route optimized,
RSK003922,SHP014907,17,252,1066,24-08-2025,Logistics,Route Blockage,Low,Supplier,2161,Investigating,Vehicle mechanical failure,Additional quality inspection,
RSK003923,SHP014164,8,87,13,30-03-2025,Logistics,Route Blockage,Low,Supplier,2712,Resolved,Packaging quality issue,Additional quality inspection,03-04-2025
RSK003924,SHP012157,14,326,2779,03-06-2025,Inventory,Overstock,Critical,Shipment,330649,Resolved,Incorrect inventory records,Increased safety stock,09-06-2025
RSK003925,SHP013089,19,241,891,09-05-2025,Warehouse,Storage Capacity Full,Medium,Shipment,19617,Resolved,Vehicle mechanical failure,Additional quality inspection,10-05-2025
RSK003926,SHP000136,3,255,228,05-01-2025,Warehouse,Power Failure,Medium,Inventory,23119,Resolved,Supplier production delay,Additional quality inspection,12-01-2025
RSK003927,SHP002155,18,107,770,27-08-2025,Warehouse,Fire Alarm,High,Shipment,81949,Mitigated,Vehicle mechanical failure,Route optimized,10-09-2025
RSK003928,SHP004246,5,394,4389,03-02-2025,Inventory,Overstock,Critical,Warehouse,189220,Mitigated,Customs clearance delay,Expedited shipment,12-02-2025
RSK003929,SHP012849,25,497,4187,26-09-2025,Inventory,Overstock,Medium,Inventory,7574,Mitigated,Packaging quality issue,Insurance claim initiated,10-10-2025
RSK003930,SHP014302,24,320,4477,23-07-2025,Warehouse,Equipment Failure,Medium,Supplier,9036,Resolved,Supplier production delay,Assigned alternate supplier,05-08-2025
RSK003931,SHP001571,16,248,886,22-09-2025,Product Quality,Packaging Damage,Low,Shipment,1145,Investigating,Vehicle mechanical failure,Warehouse maintenance completed,
RSK003932,SHP000348,4,238,346,22-07-2025,Product Quality,Packaging Damage,Medium,Customer,19034,Resolved,Incorrect inventory records,Assigned alternate supplier,27-07-2025
RSK003933,SHP005628,9,199,1724,09-05-2025,Logistics,Lost Shipment,Critical,Customer,479485,Resolved,Vehicle mechanical failure,Emergency procurement completed,11-05-2025
RSK003934,SHP002947,13,474,2180,19-08-2025,Logistics,Route Blockage,Low,Customer,1803,Resolved,Heavy rainfall disrupted transport,Route optimized,26-08-2025
RSK003935,SHP014679,4,367,2989,12-10-2025,Logistics,Lost Shipment,High,Inventory,74593,Mitigated,Packaging quality issue,Expedited shipment,15-10-2025
RSK003936,SHP005498,9,17,3221,22-03-2025,Logistics,Shipment Delay,Low,Shipment,2543,Resolved,Supplier production delay,Insurance claim initiated,02-04-2025
RSK003937,SHP012204,12,225,1305,18-06-2025,Warehouse,Storage Capacity Full,Low,Shipment,4206,Resolved,Vehicle mechanical failure,Insurance claim initiated,02-07-2025
RSK003938,SHP013406,22,252,1467,08-09-2025,Product Quality,Damaged Goods,Low,Supplier,1748,Resolved,Supplier production delay,Additional quality inspection,14-09-2025
RSK003939,SHP001847,14,273,1336,19-11-2025,Supplier,Late Delivery,High,Supplier,42035,Mitigated,Packaging quality issue,Additional quality inspection,25-11-2025
RSK003940,SHP000204,22,229,431,19-10-2025,Inventory,Inventory Mismatch,Medium,Customer,21899,Investigating,Customs clearance delay,Warehouse maintenance completed,
RSK003941,SHP012914,3,179,935,09-04-2025,Weather,Flood,High,Supplier,42825,Mitigated,Poor demand forecasting,Increased safety stock,11-04-2025
RSK003942,SHP000334,25,114,2386,03-06-2025,Transportation,Vehicle Breakdown,Low,Customer,3363,Investigating,Poor demand forecasting,Increased safety stock,
RSK003943,SHP002609,18,24,766,29-07-2025,Inventory,Stockout,Medium,Inventory,7933,Resolved,Customs clearance delay,Route optimized,05-08-2025
RSK003944,SHP009528,23,272,4085,03-10-2025,Product Quality,Manufacturing Defect,High,Customer,46823,Open,Poor demand forecasting,Insurance claim initiated,
RSK003945,SHP005488,19,420,133,15-02-2025,Product Quality,Damaged Goods,Medium,Shipment,23176,Mitigated,Packaging quality issue,Increased safety stock,24-02-2025
RSK003946,SHP003292,12,20,4912,17-11-2025,Logistics,Shipment Delay,Low,Inventory,4794,Resolved,Packaging quality issue,Increased safety stock,26-11-2025
RSK003947,SHP014600,16,60,4537,12-03-2025,Warehouse,Equipment Failure,Medium,Supplier,11777,Mitigated,Incorrect inventory records,Increased safety stock,21-03-2025
RSK003948,SHP009609,13,225,915,18-02-2025,Financial,Cost Increase,Low,Inventory,3971,Resolved,Poor demand forecasting,Emergency procurement completed,04-03-2025
RSK003949,SHP014510,21,427,4179,01-11-2025,Logistics,Wrong Delivery,Medium,Inventory,5700,Resolved,Heavy rainfall disrupted transport,Route optimized,06-11-2025
RSK003950,SHP014679,19,372,2274,31-03-2025,Logistics,Shipment Delay,Low,Supplier,1873,Resolved,Supplier production delay,Insurance claim initiated,02-04-2025
RSK003951,SHP011322,6,182,3943,24-06-2025,Logistics,Wrong Delivery,High,Inventory,27414,Mitigated,Heavy rainfall disrupted transport,Insurance claim initiated,29-06-2025
RSK003952,SHP007478,18,72,769,16-03-2025,Logistics,Lost Shipment,Critical,Customer,236968,Mitigated,Warehouse power outage,Insurance claim initiated,24-03-2025
RSK003953,SHP004164,23,180,1057,06-07-2025,Inventory,Overstock,Medium,Customer,16210,Open,Heavy rainfall disrupted transport,Insurance claim initiated,
RSK003954,SHP007539,2,305,2395,06-04-2025,Supplier,Supplier Capacity Issue,Low,Inventory,4747,Resolved,Incorrect inventory records,Route optimized,14-04-2025
RSK003955,SHP001326,21,497,1734,11-06-2025,Product Quality,Manufacturing Defect,Medium,Warehouse,22261,Resolved,Customs clearance delay,Increased safety stock,20-06-2025
RSK003956,SHP012681,11,135,478,03-01-2025,Inventory,Inventory Mismatch,Low,Shipment,4211,Mitigated,Supplier production delay,Assigned alternate supplier,16-01-2025
RSK003957,SHP002616,15,426,4928,08-04-2025,Inventory,Stockout,Low,Customer,1960,Resolved,Poor demand forecasting,Assigned alternate supplier,14-04-2025
RSK003958,SHP011821,2,482,990,23-10-2025,Supplier,Material Shortage,Low,Supplier,2170,Open,Customs clearance delay,Expedited shipment,
RSK003959,SHP008397,20,298,3342,15-08-2025,Inventory,Inventory Mismatch,Medium,Supplier,11512,Resolved,Supplier production delay,Expedited shipment,19-08-2025
RSK003960,SHP012719,25,44,686,30-11-2025,Transportation,Fuel Shortage,Low,Warehouse,2339,Mitigated,Vehicle mechanical failure,Assigned alternate supplier,04-12-2025
RSK003961,SHP000102,18,350,3763,25-06-2025,Supplier,Material Shortage,Low,Supplier,1087,Resolved,Packaging quality issue,Insurance claim initiated,03-07-2025
RSK003962,SHP002027,17,351,3311,20-05-2025,Logistics,Shipment Delay,High,Warehouse,95526,Mitigated,Supplier production delay,Assigned alternate supplier,27-05-2025
RSK003963,SHP011392,3,497,3423,16-12-2025,Supplier,Supplier Capacity Issue,Medium,Shipment,10698,Resolved,Warehouse power outage,Insurance claim initiated,23-12-2025
RSK003964,SHP007567,9,300,204,09-08-2025,Weather,Flood,Low,Customer,2383,Mitigated,Warehouse power outage,Expedited shipment,23-08-2025
RSK003965,SHP006659,14,199,270,26-08-2025,Inventory,Inventory Mismatch,High,Warehouse,38234,Mitigated,Incorrect inventory records,Emergency procurement completed,05-09-2025
RSK003966,SHP014085,6,388,2359,15-07-2025,Supplier,Late Delivery,Medium,Shipment,12411,Resolved,Customs clearance delay,Route optimized,16-07-2025
RSK003967,SHP008591,15,335,4660,17-01-2025,Inventory,Overstock,Low,Shipment,3738,Resolved,Customs clearance delay,Increased safety stock,31-01-2025
RSK003968,SHP009599,1,238,1166,27-09-2025,Logistics,Wrong Delivery,Low,Customer,1768,Resolved,Supplier production delay,Increased safety stock,29-09-2025
RSK003969,SHP004363,13,298,1187,24-01-2025,Logistics,Lost Shipment,High,Warehouse,79257,Resolved,Incorrect inventory records,Expedited shipment,03-02-2025
RSK003970,SHP012809,25,226,3414,30-01-2025,Warehouse,Power Failure,Critical,Inventory,474197,Resolved,Packaging quality issue,Emergency procurement completed,13-02-2025
RSK003971,SHP005358,16,112,959,26-06-2025,Supplier,Supplier Capacity Issue,Low,Inventory,2866,Investigating,Supplier production delay,Warehouse maintenance completed,
RSK003972,SHP011106,1,124,3214,30-09-2025,Inventory,Inventory Mismatch,Medium,Supplier,16236,Resolved,Poor demand forecasting,Insurance claim initiated,04-10-2025
RSK003973,SHP007538,7,146,102,02-02-2025,Logistics,Lost Shipment,Medium,Warehouse,19115,Investigating,Warehouse power outage,Emergency procurement completed,
RSK003974,SHP008677,16,431,3694,23-10-2025,Supplier,Late Delivery,High,Supplier,60408,Resolved,Vehicle mechanical failure,Warehouse maintenance completed,28-10-2025
RSK003975,SHP012536,20,101,2218,10-12-2025,Inventory,Inventory Mismatch,Medium,Inventory,15303,Investigating,Heavy rainfall disrupted transport,Additional quality inspection,
RSK003976,SHP011125,24,445,4726,30-01-2025,Logistics,Route Blockage,High,Customer,67765,Resolved,Vehicle mechanical failure,Expedited shipment,12-02-2025
RSK003977,SHP001298,20,273,4424,12-03-2025,Warehouse,Storage Capacity Full,Low,Shipment,1568,Resolved,Supplier production delay,Increased safety stock,19-03-2025
RSK003978,SHP002095,3,267,991,05-05-2025,Inventory,Overstock,Low,Warehouse,846,Investigating,Heavy rainfall disrupted transport,Route optimized,
RSK003979,SHP007642,23,284,3238,07-11-2025,Logistics,Lost Shipment,Low,Supplier,2331,Resolved,Poor demand forecasting,Route optimized,15-11-2025
RSK003980,SHP001532,1,168,1005,21-05-2025,Product Quality,Manufacturing Defect,High,Inventory,38038,Resolved,Vehicle mechanical failure,Expedited shipment,29-05-2025
RSK003981,SHP005967,18,369,818,14-08-2025,Supplier,Supplier Capacity Issue,Medium,Shipment,11654,Resolved,Customs clearance delay,Increased safety stock,18-08-2025
RSK003982,SHP007319,4,90,2007,08-02-2025,Logistics,Route Blockage,Critical,Inventory,107133,Resolved,Vehicle mechanical failure,Warehouse maintenance completed,17-02-2025
RSK003983,SHP000396,25,16,2886,17-12-2025,Logistics,Lost Shipment,Medium,Supplier,21834,Resolved,Heavy rainfall disrupted transport,Increased safety stock,27-12-2025
RSK003984,SHP003568,9,260,3798,11-02-2025,Supplier,Material Shortage,High,Inventory,74507,Resolved,Incorrect inventory records,Assigned alternate supplier,17-02-2025
RSK003985,SHP006674,25,232,3196,19-05-2025,Logistics,Shipment Delay,High,Warehouse,37845,Resolved,Supplier production delay,Emergency procurement completed,29-05-2025
RSK003986,SHP010923,7,55,4629,03-11-2025,Supplier,Material Shortage,High,Inventory,51065,Resolved,Packaging quality issue,Additional quality inspection,08-11-2025
RSK003987,SHP005517,18,243,4013,15-11-2025,Supplier,Late Delivery,Medium,Customer,21978,Resolved,Incorrect inventory records,Warehouse maintenance completed,23-11-2025
RSK003988,SHP003950,16,387,633,27-11-2025,Inventory,Stockout,Critical,Inventory,277081,Investigating,Warehouse power outage,Insurance claim initiated,
RSK003989,SHP014210,15,156,885,03-10-2025,Transportation,Fuel Shortage,High,Inventory,53023,Mitigated,Vehicle mechanical failure,Insurance claim initiated,11-10-2025
RSK003990,SHP003782,7,81,97,17-09-2025,Weather,Flood,Low,Warehouse,4982,Investigating,Heavy rainfall disrupted transport,Warehouse maintenance completed,
RSK003991,SHP011167,23,106,4068,14-02-2025,Logistics,Lost Shipment,Low,Inventory,875,Investigating,Vehicle mechanical failure,Additional quality inspection,
RSK003992,SHP014262,25,418,545,12-07-2025,Logistics,Wrong Delivery,High,Supplier,52916,Resolved,Incorrect inventory records,Emergency procurement completed,25-07-2025
RSK003993,SHP014752,19,4,338,24-12-2025,Warehouse,Power Failure,High,Warehouse,91909,Mitigated,Vehicle mechanical failure,Route optimized,05-01-2026
RSK003994,SHP011352,12,143,4319,07-02-2025,Supplier,Supplier Capacity Issue,Medium,Warehouse,8333,Resolved,Customs clearance delay,Additional quality inspection,12-02-2025
RSK003995,SHP011795,24,119,2289,08-05-2025,Financial,Cost Increase,Medium,Shipment,15186,Resolved,Poor demand forecasting,Additional quality inspection,14-05-2025
RSK003996,SHP004302,2,380,2201,02-02-2025,Weather,Heavy Rain,Medium,Warehouse,17996,Mitigated,Packaging quality issue,Warehouse maintenance completed,13-02-2025
RSK003997,SHP005605,18,77,4766,14-03-2025,Supplier,Material Shortage,Low,Warehouse,4064,Resolved,Incorrect inventory records,Assigned alternate supplier,23-03-2025
RSK003998,SHP012852,1,252,724,07-08-2025,Inventory,Inventory Mismatch,Medium,Supplier,8416,Investigating,Packaging quality issue,Insurance claim initiated,
RSK003999,SHP000807,20,372,2689,28-12-2025,Logistics,Wrong Delivery,Critical,Shipment,251084,Resolved,Vehicle mechanical failure,Assigned alternate supplier,07-01-2026
RSK004000,SHP004775,10,363,3093,31-01-2025,Supplier,Late Delivery,Low,Supplier,3808,Resolved,Customs clearance delay,Increased safety stock,02-02-2025
RSK004001,SHP000424,21,32,940,28-08-2025,Logistics,Wrong Delivery,Low,Warehouse,522,Resolved,Warehouse power outage,Insurance claim initiated,01-09-2025
RSK004002,SHP009330,3,140,302,10-01-2025,Supplier,Late Delivery,High,Inventory,91658,Resolved,Supplier production delay,Warehouse maintenance completed,14-01-2025
RSK004003,SHP014462,23,135,2114,06-08-2025,Product Quality,Damaged Goods,Medium,Inventory,14144,Mitigated,Incorrect inventory records,Insurance claim initiated,09-08-2025
RSK004004,SHP005319,9,346,2136,29-11-2025,Transportation,Traffic Congestion,High,Inventory,99764,Open,Incorrect inventory records,Insurance claim initiated,
RSK004005,SHP008194,2,262,2350,28-08-2025,Supplier,Supplier Capacity Issue,Critical,Inventory,138485,Resolved,Heavy rainfall disrupted transport,Route optimized,02-09-2025
RSK004006,SHP013940,5,470,4410,29-03-2025,Supplier,Supplier Capacity Issue,Medium,Shipment,14923,Resolved,Warehouse power outage,Insurance claim initiated,30-03-2025
RSK004007,SHP003246,25,284,4074,13-11-2025,Supplier,Material Shortage,Low,Customer,4621,Mitigated,Poor demand forecasting,Assigned alternate supplier,16-11-2025
RSK004008,SHP012036,22,58,198,14-03-2025,Inventory,Inventory Mismatch,Low,Shipment,4121,Mitigated,Vehicle mechanical failure,Insurance claim initiated,27-03-2025
RSK004009,SHP013261,5,385,2958,10-12-2025,Logistics,Route Blockage,Low,Shipment,2602,Resolved,Warehouse power outage,Insurance claim initiated,21-12-2025
RSK004010,SHP005152,23,294,1196,01-02-2025,Supplier,Material Shortage,Low,Supplier,1900,Resolved,Packaging quality issue,Warehouse maintenance completed,15-02-2025
RSK004011,SHP000068,20,66,4058,20-07-2025,Logistics,Route Blockage,Medium,Supplier,24279,Resolved,Customs clearance delay,Emergency procurement completed,22-07-2025
RSK004012,SHP000303,21,432,2398,20-05-2025,Logistics,Shipment Delay,Low,Customer,833,Open,Poor demand forecasting,Expedited shipment,
RSK004013,SHP012036,15,122,4465,27-06-2025,Inventory,Stockout,High,Customer,78342,Open,Packaging quality issue,Emergency procurement completed,
RSK004014,SHP010145,20,481,4786,07-07-2025,Transportation,Fuel Shortage,Low,Customer,3527,Mitigated,Heavy rainfall disrupted transport,Expedited shipment,20-07-2025
RSK004015,SHP014445,1,34,1,11-09-2025,Warehouse,Storage Capacity Full,Medium,Shipment,10625,Mitigated,Warehouse power outage,Assigned alternate supplier,21-09-2025
RSK004016,SHP008347,11,248,2358,08-01-2025,Weather,Cyclone,Medium,Shipment,6643,Resolved,Packaging quality issue,Warehouse maintenance completed,16-01-2025
RSK004017,SHP000171,23,358,2435,27-04-2025,Financial,Currency Fluctuation,Low,Customer,2383,Resolved,Packaging quality issue,Additional quality inspection,11-05-2025
RSK004018,SHP011767,8,160,2783,04-01-2025,Inventory,Inventory Mismatch,Low,Supplier,3132,Resolved,Customs clearance delay,Additional quality inspection,08-01-2025
RSK004019,SHP002169,2,43,425,16-01-2025,Supplier,Material Shortage,Medium,Warehouse,15574,Resolved,Packaging quality issue,Additional quality inspection,25-01-2025
RSK004020,SHP006757,24,45,4400,07-09-2025,Supplier,Late Delivery,Medium,Customer,5166,Resolved,Heavy rainfall disrupted transport,Route optimized,08-09-2025
RSK004021,SHP000861,4,371,627,11-10-2025,Inventory,Stockout,High,Inventory,85625,Resolved,Incorrect inventory records,Expedited shipment,23-10-2025
RSK004022,SHP006019,20,459,2016,15-09-2025,Inventory,Stockout,Critical,Warehouse,389301,Investigating,Customs clearance delay,Route optimized,
RSK004023,SHP009883,4,89,2299,24-05-2025,Inventory,Stockout,Low,Inventory,2645,Resolved,Vehicle mechanical failure,Emergency procurement completed,27-05-2025
RSK004024,SHP002721,23,484,1227,06-02-2025,Warehouse,Fire Alarm,Low,Customer,1785,Resolved,Supplier production delay,Expedited shipment,15-02-2025
RSK004025,SHP013885,22,6,3005,03-06-2025,Warehouse,Storage Capacity Full,High,Warehouse,65756,Mitigated,Packaging quality issue,Increased safety stock,11-06-2025
RSK004026,SHP008669,9,46,1838,12-05-2025,Logistics,Lost Shipment,Medium,Customer,11373,Resolved,Vehicle mechanical failure,Assigned alternate supplier,26-05-2025
RSK004027,SHP004842,9,159,2986,26-04-2025,Transportation,Traffic Congestion,Medium,Supplier,10254,Resolved,Vehicle mechanical failure,Warehouse maintenance completed,10-05-2025
RSK004028,SHP004526,14,38,4938,07-11-2025,Inventory,Stockout,Low,Inventory,2970,Mitigated,Heavy rainfall disrupted transport,Insurance claim initiated,19-11-2025
RSK004029,SHP013991,16,159,3788,06-02-2025,Inventory,Stockout,High,Warehouse,91901,Mitigated,Heavy rainfall disrupted transport,Additional quality inspection,18-02-2025
RSK004030,SHP011944,7,498,664,03-05-2025,Weather,Heavy Rain,Low,Warehouse,2925,Resolved,Poor demand forecasting,Increased safety stock,12-05-2025
RSK004031,SHP005466,18,153,3480,09-10-2025,Inventory,Overstock,Low,Warehouse,2036,Open,Heavy rainfall disrupted transport,Emergency procurement completed,
RSK004032,SHP005633,7,496,3258,13-03-2025,Supplier,Late Delivery,Low,Inventory,2819,Investigating,Packaging quality issue,Warehouse maintenance completed,
RSK004033,SHP004899,14,155,4641,14-07-2025,Financial,Currency Fluctuation,Critical,Shipment,270856,Resolved,Vehicle mechanical failure,Additional quality inspection,16-07-2025
RSK004034,SHP001924,18,210,22,22-11-2025,Product Quality,Damaged Goods,Medium,Warehouse,17046,Investigating,Poor demand forecasting,Emergency procurement completed,
RSK004035,SHP009051,19,391,4349,16-04-2025,Inventory,Overstock,Medium,Supplier,13587,Resolved,Heavy rainfall disrupted transport,Warehouse maintenance completed,19-04-2025
RSK004036,SHP013316,2,325,4217,28-05-2025,Logistics,Shipment Delay,High,Supplier,99673,Resolved,Heavy rainfall disrupted transport,Assigned alternate supplier,02-06-2025
RSK004037,SHP004506,16,393,3913,21-03-2025,Product Quality,Damaged Goods,Low,Supplier,4791,Resolved,Warehouse power outage,Assigned alternate supplier,04-04-2025
RSK004038,SHP001329,10,73,142,24-05-2025,Warehouse,Storage Capacity Full,Medium,Inventory,5468,Mitigated,Warehouse power outage,Increased safety stock,27-05-2025
RSK004039,SHP004945,5,59,3241,28-11-2025,Logistics,Shipment Delay,Low,Shipment,2032,Resolved,Supplier production delay,Expedited shipment,30-11-2025
RSK004040,SHP008561,1,198,2204,18-10-2025,Logistics,Shipment Delay,Low,Supplier,1200,Resolved,Vehicle mechanical failure,Route optimized,24-10-2025
RSK004041,SHP014711,18,119,168,01-01-2025,Supplier,Material Shortage,High,Inventory,47784,Investigating,Vehicle mechanical failure,Additional quality inspection,
RSK004042,SHP006057,25,10,3690,26-05-2025,Supplier,Material Shortage,Low,Shipment,4024,Resolved,Supplier production delay,Insurance claim initiated,02-06-2025
RSK004043,SHP002803,8,489,2663,25-09-2025,Warehouse,Fire Alarm,Low,Warehouse,808,Resolved,Vehicle mechanical failure,Route optimized,04-10-2025
RSK004044,SHP005131,11,368,2547,06-02-2025,Supplier,Late Delivery,Low,Inventory,4028,Open,Warehouse power outage,Route optimized,
RSK004045,SHP014606,14,329,731,26-12-2025,Inventory,Inventory Mismatch,Low,Shipment,3704,Resolved,Incorrect inventory records,Increased safety stock,01-01-2026
RSK004046,SHP009872,13,154,95,27-04-2025,Supplier,Material Shortage,Medium,Shipment,5940,Open,Packaging quality issue,Assigned alternate supplier,
RSK004047,SHP004612,12,436,4633,30-10-2025,Inventory,Inventory Mismatch,Medium,Inventory,17494,Resolved,Incorrect inventory records,Increased safety stock,12-11-2025
RSK004048,SHP001894,24,31,176,18-12-2025,Inventory,Overstock,Medium,Inventory,17278,Resolved,Heavy rainfall disrupted transport,Additional quality inspection,27-12-2025
RSK004049,SHP008663,8,325,3936,31-01-2025,Supplier,Material Shortage,Medium,Customer,23867,Mitigated,Packaging quality issue,Expedited shipment,01-02-2025
RSK004050,SHP004621,8,227,1533,07-09-2025,Product Quality,Damaged Goods,Medium,Customer,24005,Mitigated,Poor demand forecasting,Insurance claim initiated,20-09-2025
RSK004051,SHP005524,1,359,4682,08-02-2025,Inventory,Stockout,Critical,Warehouse,159764,Mitigated,Customs clearance delay,Increased safety stock,22-02-2025
RSK004052,SHP005250,8,303,2131,23-09-2025,Inventory,Inventory Mismatch,Low,Customer,1384,Resolved,Packaging quality issue,Emergency procurement completed,28-09-2025
RSK004053,SHP001165,2,321,1877,08-12-2025,Logistics,Lost Shipment,Low,Customer,1833,Resolved,Customs clearance delay,Emergency procurement completed,13-12-2025
RSK004054,SHP014292,20,106,2032,26-03-2025,Inventory,Overstock,Low,Shipment,2807,Resolved,Warehouse power outage,Emergency procurement completed,27-03-2025
RSK004055,SHP007936,17,168,337,30-10-2025,Logistics,Lost Shipment,Medium,Shipment,11946,Mitigated,Supplier production delay,Assigned alternate supplier,01-11-2025
RSK004056,SHP007254,10,441,4400,14-03-2025,Warehouse,Power Failure,Low,Customer,4065,Resolved,Heavy rainfall disrupted transport,Emergency procurement completed,25-03-2025
RSK004057,SHP005780,2,284,248,19-12-2025,Logistics,Route Blockage,Low,Supplier,3388,Resolved,Heavy rainfall disrupted transport,Additional quality inspection,01-01-2026
RSK004058,SHP001409,14,477,860,25-11-2025,Logistics,Route Blockage,Medium,Inventory,23588,Resolved,Supplier production delay,Emergency procurement completed,27-11-2025
RSK004059,SHP003890,25,13,447,18-07-2025,Logistics,Lost Shipment,Low,Inventory,2457,Resolved,Customs clearance delay,Route optimized,30-07-2025
RSK004060,SHP008262,5,487,3835,09-08-2025,Warehouse,Power Failure,High,Supplier,92743,Mitigated,Poor demand forecasting,Route optimized,18-08-2025
RSK004061,SHP012031,4,91,1072,26-03-2025,Financial,Currency Fluctuation,Critical,Shipment,349382,Investigating,Warehouse power outage,Assigned alternate supplier,
RSK004062,SHP010664,17,302,4386,25-08-2025,Logistics,Shipment Delay,High,Warehouse,80314,Resolved,Heavy rainfall disrupted transport,Assigned alternate supplier,28-08-2025
RSK004063,SHP010989,14,373,3450,14-02-2025,Supplier,Material Shortage,Medium,Inventory,7468,Mitigated,Supplier production delay,Warehouse maintenance completed,19-02-2025
RSK004064,SHP010736,17,317,208,26-03-2025,Supplier,Supplier Capacity Issue,Low,Inventory,4752,Resolved,Supplier production delay,Increased safety stock,01-04-2025
RSK004065,SHP013556,15,256,4899,29-11-2025,Supplier,Late Delivery,High,Shipment,84822,Resolved,Packaging quality issue,Route optimized,07-12-2025
RSK004066,SHP013282,6,129,1821,20-04-2025,Inventory,Overstock,High,Warehouse,40107,Resolved,Customs clearance delay,Increased safety stock,23-04-2025
RSK004067,SHP006948,22,350,1683,05-06-2025,Logistics,Shipment Delay,Medium,Supplier,24669,Mitigated,Packaging quality issue,Assigned alternate supplier,08-06-2025
RSK004068,SHP013314,14,114,4424,21-10-2025,Warehouse,Fire Alarm,Medium,Shipment,24898,Resolved,Warehouse power outage,Assigned alternate supplier,04-11-2025
RSK004069,SHP013165,3,57,2398,02-05-2025,Warehouse,Power Failure,Low,Supplier,4541,Resolved,Vehicle mechanical failure,Route optimized,14-05-2025
RSK004070,SHP011857,24,392,3547,31-07-2025,Warehouse,Power Failure,Low,Shipment,3404,Investigating,Vehicle mechanical failure,Emergency procurement completed,
RSK004071,SHP011994,5,382,1602,05-12-2025,Inventory,Overstock,High,Shipment,69739,Resolved,Customs clearance delay,Expedited shipment,16-12-2025
RSK004072,SHP009055,25,190,257,26-02-2025,Inventory,Overstock,Low,Customer,3970,Investigating,Heavy rainfall disrupted transport,Increased safety stock,
RSK004073,SHP013599,1,5,4115,05-04-2025,Weather,Cyclone,Low,Warehouse,2786,Resolved,Customs clearance delay,Increased safety stock,10-04-2025
RSK004074,SHP014757,21,98,808,26-05-2025,Logistics,Lost Shipment,High,Supplier,77124,Resolved,Poor demand forecasting,Insurance claim initiated,29-05-2025
RSK004075,SHP014003,12,316,4623,02-04-2025,Logistics,Lost Shipment,Medium,Customer,19003,Resolved,Warehouse power outage,Increased safety stock,14-04-2025
RSK004076,SHP012955,21,335,1023,13-06-2025,Logistics,Route Blockage,Low,Supplier,2469,Resolved,Customs clearance delay,Additional quality inspection,20-06-2025
RSK004077,SHP002882,8,86,4633,06-07-2025,Product Quality,Packaging Damage,Medium,Customer,6445,Mitigated,Poor demand forecasting,Route optimized,18-07-2025
RSK004078,SHP011027,12,296,807,13-10-2025,Supplier,Late Delivery,Medium,Customer,15067,Resolved,Warehouse power outage,Assigned alternate supplier,23-10-2025
RSK004079,SHP002781,13,31,4127,04-04-2025,Supplier,Supplier Capacity Issue,High,Supplier,84618,Mitigated,Vehicle mechanical failure,Insurance claim initiated,08-04-2025
RSK004080,SHP001352,15,152,524,09-02-2025,Logistics,Lost Shipment,Low,Warehouse,1006,Resolved,Incorrect inventory records,Additional quality inspection,23-02-2025
RSK004081,SHP013964,23,11,1507,16-10-2025,Supplier,Supplier Capacity Issue,High,Warehouse,57156,Mitigated,Poor demand forecasting,Increased safety stock,25-10-2025
RSK004082,SHP001104,22,269,3450,10-04-2025,Supplier,Late Delivery,Medium,Warehouse,10022,Mitigated,Supplier production delay,Additional quality inspection,21-04-2025
RSK004083,SHP013175,11,100,731,22-03-2025,Supplier,Late Delivery,Medium,Supplier,6285,Resolved,Supplier production delay,Assigned alternate supplier,01-04-2025
RSK004084,SHP009324,19,7,321,18-10-2025,Product Quality,Manufacturing Defect,Low,Inventory,715,Resolved,Heavy rainfall disrupted transport,Additional quality inspection,24-10-2025
RSK004085,SHP013415,1,79,4205,13-12-2025,Weather,Cyclone,High,Warehouse,80336,Resolved,Supplier production delay,Insurance claim initiated,20-12-2025
RSK004086,SHP013329,19,275,3207,25-05-2025,Inventory,Stockout,Critical,Shipment,159792,Resolved,Incorrect inventory records,Insurance claim initiated,05-06-2025
RSK004087,SHP013327,5,153,3625,27-07-2025,Warehouse,Storage Capacity Full,Low,Customer,1756,Resolved,Packaging quality issue,Route optimized,29-07-2025
RSK004088,SHP011013,10,479,3478,20-03-2025,Inventory,Inventory Mismatch,Medium,Customer,11434,Mitigated,Vehicle mechanical failure,Insurance claim initiated,28-03-2025
RSK004089,SHP008345,11,342,95,20-12-2025,Inventory,Stockout,Low,Supplier,1948,Resolved,Vehicle mechanical failure,Increased safety stock,22-12-2025
RSK004090,SHP006676,21,36,2820,20-02-2025,Logistics,Lost Shipment,Low,Inventory,2398,Mitigated,Supplier production delay,Insurance claim initiated,24-02-2025
RSK004091,SHP001127,5,129,2488,27-03-2025,Product Quality,Packaging Damage,Low,Warehouse,4491,Resolved,Warehouse power outage,Warehouse maintenance completed,07-04-2025
RSK004092,SHP002096,1,332,749,04-07-2025,Logistics,Lost Shipment,Critical,Inventory,167503,Resolved,Poor demand forecasting,Increased safety stock,18-07-2025
RSK004093,SHP012851,9,71,324,18-09-2025,Weather,Cyclone,Medium,Warehouse,15327,Investigating,Packaging quality issue,Emergency procurement completed,
RSK004094,SHP001990,16,482,4292,14-01-2025,Supplier,Material Shortage,High,Inventory,61748,Resolved,Vehicle mechanical failure,Increased safety stock,21-01-2025
RSK004095,SHP002956,9,338,3324,21-07-2025,Warehouse,Equipment Failure,Medium,Shipment,14879,Resolved,Incorrect inventory records,Warehouse maintenance completed,30-07-2025
RSK004096,SHP011638,4,415,1108,23-06-2025,Product Quality,Packaging Damage,High,Warehouse,86010,Resolved,Incorrect inventory records,Increased safety stock,02-07-2025
RSK004097,SHP005025,24,451,3137,09-03-2025,Logistics,Shipment Delay,Low,Inventory,2035,Resolved,Supplier production delay,Additional quality inspection,23-03-2025
RSK004098,SHP014860,11,282,4908,30-03-2025,Logistics,Wrong Delivery,Medium,Warehouse,17080,Open,Customs clearance delay,Route optimized,
RSK004099,SHP002184,25,197,810,04-07-2025,Product Quality,Damaged Goods,Medium,Warehouse,16010,Mitigated,Incorrect inventory records,Route optimized,11-07-2025
RSK004100,SHP001941,6,17,4020,28-02-2025,Product Quality,Damaged Goods,High,Shipment,28497,Investigating,Poor demand forecasting,Insurance claim initiated,
RSK004101,SHP006166,16,253,1966,03-10-2025,Product Quality,Damaged Goods,Low,Shipment,3698,Investigating,Incorrect inventory records,Assigned alternate supplier,
RSK004102,SHP000869,21,182,1322,11-09-2025,Warehouse,Fire Alarm,Low,Warehouse,3178,Resolved,Vehicle mechanical failure,Expedited shipment,15-09-2025
RSK004103,SHP009257,15,399,3029,15-06-2025,Logistics,Shipment Delay,Medium,Supplier,17231,Resolved,Vehicle mechanical failure,Insurance claim initiated,24-06-2025
RSK004104,SHP012666,12,340,511,27-01-2025,Logistics,Route Blockage,Medium,Inventory,24791,Resolved,Incorrect inventory records,Warehouse maintenance completed,07-02-2025
RSK004105,SHP006328,21,45,3669,23-06-2025,Product Quality,Packaging Damage,Low,Inventory,3032,Resolved,Heavy rainfall disrupted transport,Assigned alternate supplier,06-07-2025
RSK004106,SHP008212,16,232,4555,02-02-2025,Product Quality,Packaging Damage,Medium,Customer,24362,Resolved,Heavy rainfall disrupted transport,Additional quality inspection,11-02-2025
RSK004107,SHP005751,6,288,4542,05-12-2025,Supplier,Late Delivery,Low,Supplier,4298,Mitigated,Packaging quality issue,Increased safety stock,15-12-2025
RSK004108,SHP009413,11,72,2009,23-08-2025,Inventory,Stockout,High,Customer,61625,Mitigated,Incorrect inventory records,Increased safety stock,28-08-2025
RSK004109,SHP002047,3,27,727,21-12-2025,Inventory,Stockout,Medium,Shipment,16108,Resolved,Warehouse power outage,Additional quality inspection,24-12-2025
RSK004110,SHP001402,7,103,156,07-11-2025,Logistics,Shipment Delay,Low,Inventory,4184,Investigating,Customs clearance delay,Insurance claim initiated,
RSK004111,SHP002203,2,262,646,21-06-2025,Warehouse,Storage Capacity Full,Low,Customer,4518,Resolved,Customs clearance delay,Insurance claim initiated,05-07-2025
RSK004112,SHP014896,12,120,4241,13-08-2025,Logistics,Wrong Delivery,High,Warehouse,72130,Mitigated,Poor demand forecasting,Insurance claim initiated,27-08-2025
RSK004113,SHP006783,23,174,1121,11-11-2025,Logistics,Lost Shipment,Medium,Customer,12484,Resolved,Customs clearance delay,Expedited shipment,21-11-2025
RSK004114,SHP003725,22,288,3764,29-09-2025,Logistics,Lost Shipment,Low,Customer,4924,Investigating,Customs clearance delay,Increased safety stock,
RSK004115,SHP012012,7,254,800,13-05-2025,Inventory,Inventory Mismatch,Medium,Inventory,20228,Resolved,Poor demand forecasting,Emergency procurement completed,16-05-2025
RSK004116,SHP009635,12,186,2830,10-06-2025,Warehouse,Equipment Failure,Low,Warehouse,3151,Resolved,Vehicle mechanical failure,Increased safety stock,14-06-2025
RSK004117,SHP011088,13,139,3531,30-12-2025,Logistics,Route Blockage,Low,Inventory,3284,Resolved,Packaging quality issue,Insurance claim initiated,11-01-2026
RSK004118,SHP000529,9,498,2844,13-04-2025,Logistics,Wrong Delivery,Medium,Customer,8397,Open,Warehouse power outage,Expedited shipment,
RSK004119,SHP003619,5,187,1021,08-09-2025,Supplier,Supplier Capacity Issue,High,Warehouse,43100,Investigating,Packaging quality issue,Additional quality inspection,
RSK004120,SHP012897,8,430,4564,13-10-2025,Inventory,Stockout,Medium,Warehouse,16482,Investigating,Incorrect inventory records,Warehouse maintenance completed,
RSK004121,SHP000997,2,254,4022,01-10-2025,Inventory,Stockout,Critical,Inventory,220577,Mitigated,Supplier production delay,Emergency procurement completed,05-10-2025
RSK004122,SHP011224,3,257,1761,10-11-2025,Logistics,Route Blockage,Medium,Warehouse,13506,Resolved,Incorrect inventory records,Warehouse maintenance completed,12-11-2025
RSK004123,SHP013317,17,166,3244,11-01-2025,Supplier,Material Shortage,Critical,Inventory,263564,Resolved,Warehouse power outage,Insurance claim initiated,14-01-2025
RSK004124,SHP004191,25,169,1409,27-02-2025,Logistics,Route Blockage,Low,Customer,3550,Resolved,Poor demand forecasting,Assigned alternate supplier,01-03-2025
RSK004125,SHP013918,4,152,3432,31-01-2025,Inventory,Inventory Mismatch,High,Warehouse,89819,Resolved,Packaging quality issue,Increased safety stock,12-02-2025
RSK004126,SHP009529,22,199,2463,30-03-2025,Logistics,Wrong Delivery,Medium,Shipment,13523,Investigating,Incorrect inventory records,Assigned alternate supplier,
RSK004127,SHP008494,10,272,794,03-06-2025,Product Quality,Packaging Damage,Low,Customer,3363,Resolved,Heavy rainfall disrupted transport,Warehouse maintenance completed,09-06-2025
RSK004128,SHP009850,23,398,649,03-03-2025,Warehouse,Fire Alarm,Low,Inventory,3593,Resolved,Incorrect inventory records,Insurance claim initiated,17-03-2025
RSK004129,SHP004435,12,170,3484,26-08-2025,Logistics,Route Blockage,High,Inventory,83728,Mitigated,Packaging quality issue,Emergency procurement completed,02-09-2025
RSK004130,SHP003794,13,252,1328,10-06-2025,Logistics,Route Blockage,Low,Supplier,2106,Resolved,Vehicle mechanical failure,Additional quality inspection,13-06-2025
RSK004131,SHP007527,3,263,4324,30-12-2025,Warehouse,Equipment Failure,High,Shipment,72998,Investigating,Heavy rainfall disrupted transport,Expedited shipment,
RSK004132,SHP007758,8,230,3593,23-10-2025,Logistics,Shipment Delay,Medium,Inventory,5335,Mitigated,Poor demand forecasting,Increased safety stock,05-11-2025
RSK004133,SHP008157,25,67,3869,30-07-2025,Logistics,Lost Shipment,Critical,Warehouse,393940,Resolved,Poor demand forecasting,Route optimized,13-08-2025
RSK004134,SHP011879,23,360,4043,26-12-2025,Inventory,Overstock,High,Shipment,93169,Resolved,Heavy rainfall disrupted transport,Increased safety stock,29-12-2025
RSK004135,SHP005490,19,166,2597,24-02-2025,Transportation,Fuel Shortage,High,Supplier,33364,Mitigated,Supplier production delay,Route optimized,06-03-2025
RSK004136,SHP001955,18,325,3445,14-01-2025,Supplier,Late Delivery,Low,Customer,4268,Resolved,Incorrect inventory records,Additional quality inspection,20-01-2025
RSK004137,SHP014074,1,103,1289,23-08-2025,Weather,Cyclone,Low,Shipment,1872,Resolved,Supplier production delay,Emergency procurement completed,25-08-2025
RSK004138,SHP014167,14,461,2635,12-01-2025,Warehouse,Storage Capacity Full,Medium,Inventory,12181,Resolved,Packaging quality issue,Increased safety stock,15-01-2025
RSK004139,SHP007673,15,265,3467,26-10-2025,Logistics,Route Blockage,Low,Inventory,1989,Resolved,Warehouse power outage,Expedited shipment,06-11-2025
RSK004140,SHP010128,1,185,1757,14-11-2025,Inventory,Inventory Mismatch,Low,Customer,1724,Mitigated,Poor demand forecasting,Additional quality inspection,23-11-2025
RSK004141,SHP002028,21,439,4440,23-08-2025,Logistics,Route Blockage,High,Customer,94109,Resolved,Vehicle mechanical failure,Route optimized,05-09-2025
RSK004142,SHP000189,6,34,343,15-07-2025,Product Quality,Packaging Damage,Medium,Shipment,22079,Resolved,Incorrect inventory records,Route optimized,16-07-2025
RSK004143,SHP008291,8,46,4483,12-04-2025,Inventory,Stockout,Low,Inventory,675,Resolved,Customs clearance delay,Increased safety stock,16-04-2025
RSK004144,SHP005885,25,400,1416,28-01-2025,Inventory,Overstock,High,Customer,35551,Resolved,Poor demand forecasting,Expedited shipment,30-01-2025
RSK004145,SHP002718,18,424,453,18-04-2025,Logistics,Route Blockage,Low,Shipment,1360,Resolved,Supplier production delay,Emergency procurement completed,22-04-2025
RSK004146,SHP010036,3,223,4512,16-07-2025,Product Quality,Manufacturing Defect,Low,Inventory,4156,Resolved,Supplier production delay,Increased safety stock,17-07-2025
RSK004147,SHP004908,6,493,2072,14-07-2025,Logistics,Route Blockage,Medium,Supplier,19583,Mitigated,Packaging quality issue,Assigned alternate supplier,27-07-2025
RSK004148,SHP008388,16,462,2435,05-08-2025,Inventory,Overstock,Low,Warehouse,3517,Resolved,Vehicle mechanical failure,Emergency procurement completed,16-08-2025
RSK004149,SHP005931,13,200,1718,13-03-2025,Inventory,Inventory Mismatch,Low,Warehouse,826,Mitigated,Incorrect inventory records,Assigned alternate supplier,25-03-2025
RSK004150,SHP004416,17,395,4170,03-05-2025,Weather,Heavy Rain,Low,Inventory,1938,Mitigated,Warehouse power outage,Insurance claim initiated,05-05-2025
RSK004151,SHP007731,7,334,2338,03-03-2025,Logistics,Lost Shipment,Low,Warehouse,4974,Open,Poor demand forecasting,Increased safety stock,
RSK004152,SHP009764,19,188,4856,20-10-2025,Inventory,Inventory Mismatch,Low,Warehouse,3238,Mitigated,Warehouse power outage,Route optimized,22-10-2025
RSK004153,SHP000617,2,59,3760,02-02-2025,Inventory,Stockout,Medium,Warehouse,18017,Resolved,Poor demand forecasting,Warehouse maintenance completed,12-02-2025
RSK004154,SHP013518,14,410,1055,04-05-2025,Financial,Cost Increase,Medium,Shipment,13672,Investigating,Heavy rainfall disrupted transport,Insurance claim initiated,
RSK004155,SHP003590,17,243,3982,29-09-2025,Inventory,Overstock,Low,Shipment,2075,Investigating,Supplier production delay,Increased safety stock,
RSK004156,SHP012682,3,114,3624,09-09-2025,Weather,Cyclone,Medium,Supplier,20154,Investigating,Heavy rainfall disrupted transport,Expedited shipment,
RSK004157,SHP005252,23,414,2395,10-06-2025,Warehouse,Equipment Failure,Low,Warehouse,1257,Open,Heavy rainfall disrupted transport,Additional quality inspection,
RSK004158,SHP008608,2,103,175,04-09-2025,Supplier,Late Delivery,Medium,Supplier,16182,Mitigated,Poor demand forecasting,Insurance claim initiated,12-09-2025
RSK004159,SHP011023,13,24,2233,27-12-2025,Inventory,Stockout,Low,Supplier,4883,Resolved,Warehouse power outage,Assigned alternate supplier,30-12-2025
RSK004160,SHP009914,15,451,4759,25-02-2025,Logistics,Route Blockage,Medium,Warehouse,6880,Resolved,Supplier production delay,Emergency procurement completed,07-03-2025
RSK004161,SHP001714,18,113,1710,15-02-2025,Inventory,Stockout,Low,Shipment,4682,Resolved,Warehouse power outage,Insurance claim initiated,20-02-2025
RSK004162,SHP009958,9,343,3487,25-01-2025,Product Quality,Manufacturing Defect,Low,Customer,1114,Resolved,Heavy rainfall disrupted transport,Additional quality inspection,06-02-2025
RSK004163,SHP010199,9,33,4029,24-04-2025,Inventory,Overstock,Critical,Shipment,476558,Resolved,Incorrect inventory records,Additional quality inspection,01-05-2025
RSK004164,SHP014513,2,262,1411,25-02-2025,Logistics,Lost Shipment,Medium,Warehouse,12048,Resolved,Warehouse power outage,Increased safety stock,27-02-2025
RSK004165,SHP011754,6,359,3226,23-07-2025,Product Quality,Packaging Damage,Low,Supplier,3115,Investigating,Supplier production delay,Route optimized,
RSK004166,SHP005578,2,400,4781,06-09-2025,Inventory,Stockout,High,Shipment,93456,Mitigated,Heavy rainfall disrupted transport,Warehouse maintenance completed,12-09-2025
RSK004167,SHP002821,13,12,290,18-03-2025,Warehouse,Fire Alarm,Medium,Inventory,6760,Resolved,Incorrect inventory records,Expedited shipment,30-03-2025
RSK004168,SHP003009,21,427,3163,14-05-2025,Supplier,Late Delivery,High,Supplier,50020,Mitigated,Vehicle mechanical failure,Route optimized,20-05-2025
RSK004169,SHP007258,17,313,187,12-04-2025,Financial,Cost Increase,Medium,Shipment,24769,Mitigated,Packaging quality issue,Warehouse maintenance completed,16-04-2025
RSK004170,SHP006953,9,128,70,18-10-2025,Logistics,Wrong Delivery,Low,Inventory,1802,Resolved,Warehouse power outage,Increased safety stock,21-10-2025
RSK004171,SHP010870,17,136,3624,23-05-2025,Product Quality,Packaging Damage,Medium,Shipment,8869,Investigating,Vehicle mechanical failure,Assigned alternate supplier,
RSK004172,SHP012850,17,491,1281,12-03-2025,Transportation,Vehicle Breakdown,High,Supplier,89202,Investigating,Customs clearance delay,Warehouse maintenance completed,
RSK004173,SHP013381,7,378,4510,08-02-2025,Inventory,Inventory Mismatch,High,Warehouse,40736,Investigating,Poor demand forecasting,Insurance claim initiated,
RSK004174,SHP010959,11,294,1549,09-12-2025,Inventory,Inventory Mismatch,Medium,Warehouse,6947,Resolved,Heavy rainfall disrupted transport,Assigned alternate supplier,16-12-2025
RSK004175,SHP002708,18,413,2550,17-01-2025,Supplier,Supplier Capacity Issue,Critical,Inventory,473549,Resolved,Poor demand forecasting,Insurance claim initiated,25-01-2025
RSK004176,SHP009543,10,34,1891,20-08-2025,Financial,Cost Increase,High,Supplier,74376,Resolved,Warehouse power outage,Expedited shipment,22-08-2025
RSK004177,SHP007598,1,63,833,27-03-2025,Inventory,Overstock,Medium,Warehouse,13566,Resolved,Heavy rainfall disrupted transport,Warehouse maintenance completed,07-04-2025
RSK004178,SHP001158,1,293,153,23-12-2025,Logistics,Shipment Delay,Medium,Warehouse,10374,Investigating,Warehouse power outage,Warehouse maintenance completed,
RSK004179,SHP004194,2,56,1442,06-07-2025,Logistics,Shipment Delay,Low,Customer,4408,Investigating,Poor demand forecasting,Expedited shipment,
RSK004180,SHP006008,21,182,2743,03-07-2025,Warehouse,Fire Alarm,High,Inventory,64334,Resolved,Warehouse power outage,Route optimized,13-07-2025
RSK004181,SHP008917,13,468,4857,30-11-2025,Inventory,Inventory Mismatch,Medium,Customer,13586,Investigating,Warehouse power outage,Warehouse maintenance completed,
RSK004182,SHP013696,16,55,615,08-07-2025,Supplier,Late Delivery,Medium,Warehouse,24629,Resolved,Supplier production delay,Assigned alternate supplier,14-07-2025
RSK004183,SHP006305,6,155,2249,15-05-2025,Warehouse,Power Failure,Medium,Inventory,19855,Resolved,Poor demand forecasting,Assigned alternate supplier,24-05-2025
RSK004184,SHP000713,6,141,4524,29-08-2025,Logistics,Route Blockage,Critical,Shipment,176225,Resolved,Vehicle mechanical failure,Assigned alternate supplier,30-08-2025
RSK004185,SHP013046,19,284,4535,01-05-2025,Logistics,Shipment Delay,Low,Supplier,2482,Resolved,Packaging quality issue,Route optimized,11-05-2025
RSK004186,SHP005018,16,410,1527,28-09-2025,Inventory,Stockout,High,Shipment,68138,Open,Poor demand forecasting,Increased safety stock,
RSK004187,SHP011345,4,52,458,04-02-2025,Inventory,Inventory Mismatch,High,Inventory,31022,Open,Customs clearance delay,Emergency procurement completed,
RSK004188,SHP011800,6,455,287,19-04-2025,Logistics,Wrong Delivery,Critical,Inventory,280938,Resolved,Vehicle mechanical failure,Warehouse maintenance completed,01-05-2025
RSK004189,SHP009748,12,146,4414,29-01-2025,Logistics,Shipment Delay,Medium,Shipment,16148,Resolved,Heavy rainfall disrupted transport,Increased safety stock,06-02-2025
RSK004190,SHP014976,22,129,2839,12-03-2025,Inventory,Overstock,High,Warehouse,70972,Mitigated,Supplier production delay,Route optimized,16-03-2025
RSK004191,SHP013933,15,389,94,28-01-2025,Inventory,Stockout,High,Supplier,83420,Mitigated,Incorrect inventory records,Emergency procurement completed,02-02-2025
RSK004192,SHP012978,13,31,4051,12-04-2025,Weather,Heavy Rain,Medium,Supplier,17180,Resolved,Incorrect inventory records,Warehouse maintenance completed,23-04-2025
RSK004193,SHP001060,19,286,4976,08-04-2025,Financial,Currency Fluctuation,Critical,Supplier,118931,Investigating,Heavy rainfall disrupted transport,Expedited shipment,
RSK004194,SHP007318,16,430,4464,01-09-2025,Product Quality,Manufacturing Defect,Medium,Warehouse,19981,Resolved,Supplier production delay,Additional quality inspection,12-09-2025
RSK004195,SHP008370,18,120,2922,23-10-2025,Warehouse,Fire Alarm,High,Customer,62328,Resolved,Customs clearance delay,Expedited shipment,30-10-2025
RSK004196,SHP000483,7,175,1149,24-03-2025,Inventory,Overstock,Medium,Customer,18397,Resolved,Heavy rainfall disrupted transport,Additional quality inspection,26-03-2025
RSK004197,SHP008811,12,408,3617,19-02-2025,Inventory,Inventory Mismatch,Medium,Customer,9124,Resolved,Warehouse power outage,Emergency procurement completed,02-03-2025
RSK004198,SHP003047,6,261,2926,07-08-2025,Warehouse,Power Failure,Low,Shipment,3370,Resolved,Poor demand forecasting,Expedited shipment,21-08-2025
RSK004199,SHP004343,10,236,1567,23-06-2025,Logistics,Shipment Delay,High,Supplier,78730,Resolved,Warehouse power outage,Assigned alternate supplier,29-06-2025
RSK004200,SHP001057,10,66,179,25-01-2025,Logistics,Wrong Delivery,Medium,Customer,21496,Resolved,Vehicle mechanical failure,Insurance claim initiated,05-02-2025
RSK004201,SHP013263,11,322,4618,08-11-2025,Logistics,Shipment Delay,Low,Inventory,2885,Resolved,Vehicle mechanical failure,Increased safety stock,13-11-2025
RSK004202,SHP014692,5,251,344,07-07-2025,Supplier,Late Delivery,Medium,Supplier,24699,Mitigated,Vehicle mechanical failure,Increased safety stock,10-07-2025
RSK004203,SHP006668,19,77,2276,21-10-2025,Warehouse,Storage Capacity Full,Medium,Customer,17562,Resolved,Customs clearance delay,Increased safety stock,03-11-2025
RSK004204,SHP012924,10,409,3149,09-01-2025,Warehouse,Fire Alarm,Medium,Warehouse,6165,Resolved,Warehouse power outage,Route optimized,12-01-2025
RSK004205,SHP012720,19,74,2031,18-05-2025,Warehouse,Storage Capacity Full,Low,Warehouse,3969,Resolved,Poor demand forecasting,Warehouse maintenance completed,24-05-2025
RSK004206,SHP000369,11,416,321,25-12-2025,Logistics,Lost Shipment,Critical,Customer,422073,Resolved,Packaging quality issue,Assigned alternate supplier,29-12-2025
RSK004207,SHP014285,19,402,2188,21-05-2025,Inventory,Inventory Mismatch,Low,Warehouse,3101,Mitigated,Customs clearance delay,Route optimized,29-05-2025
RSK004208,SHP000338,20,169,658,06-03-2025,Logistics,Wrong Delivery,High,Inventory,67918,Mitigated,Vehicle mechanical failure,Expedited shipment,19-03-2025
RSK004209,SHP003066,11,22,575,05-08-2025,Logistics,Wrong Delivery,Low,Shipment,2715,Resolved,Vehicle mechanical failure,Route optimized,18-08-2025
RSK004210,SHP012947,19,296,958,25-09-2025,Transportation,Vehicle Breakdown,Low,Warehouse,2352,Resolved,Customs clearance delay,Route optimized,02-10-2025
RSK004211,SHP009502,4,233,3857,17-05-2025,Supplier,Late Delivery,Medium,Inventory,15834,Investigating,Poor demand forecasting,Warehouse maintenance completed,
RSK004212,SHP000414,20,410,2285,02-10-2025,Product Quality,Packaging Damage,Medium,Shipment,23451,Mitigated,Customs clearance delay,Emergency procurement completed,07-10-2025
RSK004213,SHP006042,4,183,4422,15-05-2025,Logistics,Lost Shipment,High,Warehouse,39290,Resolved,Poor demand forecasting,Warehouse maintenance completed,26-05-2025
RSK004214,SHP003403,18,310,1827,24-04-2025,Logistics,Wrong Delivery,Medium,Inventory,17342,Resolved,Packaging quality issue,Expedited shipment,02-05-2025
RSK004215,SHP006453,15,386,2565,17-02-2025,Logistics,Wrong Delivery,Low,Shipment,3654,Resolved,Customs clearance delay,Emergency procurement completed,26-02-2025
RSK004216,SHP004213,4,108,2342,03-12-2025,Supplier,Supplier Capacity Issue,Low,Supplier,634,Resolved,Vehicle mechanical failure,Warehouse maintenance completed,07-12-2025
RSK004217,SHP010993,22,337,2984,16-09-2025,Financial,Cost Increase,Critical,Supplier,147234,Open,Supplier production delay,Route optimized,
RSK004218,SHP005393,11,7,3563,08-04-2025,Inventory,Stockout,Medium,Customer,22360,Mitigated,Warehouse power outage,Expedited shipment,17-04-2025
RSK004219,SHP008711,4,93,1139,20-02-2025,Inventory,Overstock,Medium,Shipment,9336,Resolved,Warehouse power outage,Additional quality inspection,05-03-2025
RSK004220,SHP002542,21,283,3620,27-05-2025,Product Quality,Packaging Damage,High,Inventory,94808,Resolved,Supplier production delay,Insurance claim initiated,05-06-2025
RSK004221,SHP010127,21,269,737,17-05-2025,Product Quality,Damaged Goods,Low,Inventory,4914,Resolved,Incorrect inventory records,Additional quality inspection,22-05-2025
RSK004222,SHP006788,23,499,4081,01-07-2025,Inventory,Inventory Mismatch,Low,Warehouse,1128,Resolved,Vehicle mechanical failure,Assigned alternate supplier,11-07-2025
RSK004223,SHP013798,3,377,1112,18-08-2025,Warehouse,Equipment Failure,Critical,Supplier,418326,Resolved,Vehicle mechanical failure,Assigned alternate supplier,30-08-2025
RSK004224,SHP014836,14,350,3409,05-08-2025,Logistics,Lost Shipment,Medium,Warehouse,20735,Investigating,Heavy rainfall disrupted transport,Expedited shipment,
RSK004225,SHP002595,16,172,3381,12-11-2025,Logistics,Wrong Delivery,High,Shipment,97886,Open,Supplier production delay,Assigned alternate supplier,
RSK004226,SHP005627,7,140,978,05-01-2025,Logistics,Lost Shipment,Critical,Customer,439359,Mitigated,Incorrect inventory records,Assigned alternate supplier,14-01-2025
RSK004227,SHP008337,21,307,4490,03-08-2025,Logistics,Lost Shipment,High,Inventory,47540,Mitigated,Packaging quality issue,Insurance claim initiated,15-08-2025
RSK004228,SHP008813,13,11,3035,13-02-2025,Inventory,Inventory Mismatch,Low,Customer,4541,Resolved,Warehouse power outage,Insurance claim initiated,17-02-2025
RSK004229,SHP005379,18,73,80,24-12-2025,Warehouse,Power Failure,Medium,Shipment,18464,Investigating,Supplier production delay,Expedited shipment,
RSK004230,SHP013716,22,274,2707,02-10-2025,Warehouse,Equipment Failure,Low,Supplier,4329,Investigating,Poor demand forecasting,Increased safety stock,
RSK004231,SHP002545,17,348,3342,19-04-2025,Supplier,Supplier Capacity Issue,Medium,Customer,13450,Resolved,Poor demand forecasting,Expedited shipment,22-04-2025
RSK004232,SHP010814,22,317,2894,15-10-2025,Supplier,Late Delivery,Medium,Customer,19125,Resolved,Packaging quality issue,Emergency procurement completed,26-10-2025
RSK004233,SHP008736,6,456,2393,10-10-2025,Supplier,Late Delivery,Medium,Warehouse,16245,Mitigated,Warehouse power outage,Expedited shipment,23-10-2025
RSK004234,SHP000398,17,153,4612,18-07-2025,Product Quality,Damaged Goods,Medium,Warehouse,9323,Resolved,Warehouse power outage,Increased safety stock,23-07-2025
RSK004235,SHP007751,25,337,3547,08-12-2025,Inventory,Inventory Mismatch,Medium,Warehouse,24413,Resolved,Packaging quality issue,Expedited shipment,09-12-2025
RSK004236,SHP007200,21,299,3264,01-05-2025,Inventory,Overstock,Low,Supplier,1098,Resolved,Warehouse power outage,Increased safety stock,05-05-2025
RSK004237,SHP009512,14,131,2078,16-01-2025,Inventory,Overstock,Medium,Supplier,9239,Resolved,Incorrect inventory records,Emergency procurement completed,17-01-2025
RSK004238,SHP003255,1,97,4452,15-02-2025,Inventory,Stockout,Low,Customer,945,Investigating,Incorrect inventory records,Assigned alternate supplier,
RSK004239,SHP003639,20,361,1403,04-02-2025,Inventory,Inventory Mismatch,Medium,Warehouse,19837,Mitigated,Warehouse power outage,Emergency procurement completed,10-02-2025
RSK004240,SHP013023,6,193,2673,17-03-2025,Logistics,Route Blockage,Medium,Customer,16698,Open,Packaging quality issue,Expedited shipment,
RSK004241,SHP011764,14,62,4474,16-04-2025,Supplier,Late Delivery,Low,Warehouse,3476,Mitigated,Poor demand forecasting,Expedited shipment,27-04-2025
RSK004242,SHP003590,18,37,1481,13-11-2025,Warehouse,Equipment Failure,High,Customer,81035,Resolved,Packaging quality issue,Emergency procurement completed,20-11-2025
RSK004243,SHP003644,15,442,4781,23-06-2025,Inventory,Stockout,Low,Supplier,4298,Resolved,Poor demand forecasting,Route optimized,02-07-2025
RSK004244,SHP007237,6,311,1665,06-08-2025,Warehouse,Equipment Failure,Low,Customer,4957,Resolved,Warehouse power outage,Warehouse maintenance completed,08-08-2025
RSK004245,SHP003374,24,402,3092,07-07-2025,Weather,Cyclone,Low,Warehouse,884,Resolved,Heavy rainfall disrupted transport,Expedited shipment,16-07-2025
RSK004246,SHP010604,11,236,1410,03-12-2025,Logistics,Lost Shipment,Critical,Customer,149133,Open,Vehicle mechanical failure,Insurance claim initiated,
RSK004247,SHP004422,15,350,1849,15-03-2025,Product Quality,Manufacturing Defect,Low,Supplier,979,Resolved,Customs clearance delay,Route optimized,28-03-2025
RSK004248,SHP005455,23,85,43,05-05-2025,Supplier,Late Delivery,Low,Supplier,4139,Resolved,Incorrect inventory records,Route optimized,09-05-2025
RSK004249,SHP007173,3,279,1192,08-09-2025,Logistics,Lost Shipment,Medium,Supplier,8241,Resolved,Warehouse power outage,Increased safety stock,19-09-2025
RSK004250,SHP011520,21,233,1748,22-04-2025,Supplier,Supplier Capacity Issue,High,Warehouse,88157,Investigating,Supplier production delay,Warehouse maintenance completed,
RSK004251,SHP001842,2,411,3332,23-01-2025,Logistics,Wrong Delivery,Critical,Supplier,488665,Resolved,Packaging quality issue,Emergency procurement completed,26-01-2025
RSK004252,SHP012136,22,52,183,17-12-2025,Inventory,Stockout,Medium,Customer,11811,Resolved,Vehicle mechanical failure,Warehouse maintenance completed,18-12-2025
RSK004253,SHP009141,2,402,2285,13-11-2025,Inventory,Stockout,Medium,Warehouse,16239,Resolved,Poor demand forecasting,Additional quality inspection,14-11-2025
RSK004254,SHP003053,3,498,2578,14-12-2025,Supplier,Late Delivery,Medium,Customer,13983,Resolved,Warehouse power outage,Expedited shipment,21-12-2025
RSK004255,SHP010298,15,346,4948,13-07-2025,Warehouse,Power Failure,Medium,Customer,15611,Resolved,Customs clearance delay,Increased safety stock,20-07-2025
RSK004256,SHP010337,8,40,1892,27-04-2025,Inventory,Overstock,High,Customer,75353,Resolved,Warehouse power outage,Expedited shipment,07-05-2025
RSK004257,SHP000151,15,254,4520,13-07-2025,Supplier,Late Delivery,Medium,Supplier,10467,Mitigated,Warehouse power outage,Insurance claim initiated,19-07-2025
RSK004258,SHP008996,20,364,2940,30-04-2025,Financial,Currency Fluctuation,High,Warehouse,30716,Resolved,Poor demand forecasting,Expedited shipment,07-05-2025
RSK004259,SHP012174,3,472,1359,05-01-2025,Inventory,Overstock,Medium,Warehouse,9008,Resolved,Packaging quality issue,Increased safety stock,16-01-2025
RSK004260,SHP010697,4,112,3107,08-09-2025,Supplier,Material Shortage,Medium,Inventory,20241,Mitigated,Poor demand forecasting,Increased safety stock,11-09-2025
RSK004261,SHP001832,24,56,1112,23-08-2025,Logistics,Route Blockage,Low,Supplier,1806,Resolved,Vehicle mechanical failure,Insurance claim initiated,29-08-2025
RSK004262,SHP001142,18,293,2440,13-07-2025,Logistics,Route Blockage,Medium,Shipment,7117,Investigating,Incorrect inventory records,Warehouse maintenance completed,
RSK004263,SHP010125,25,379,3038,12-05-2025,Logistics,Route Blockage,High,Warehouse,99286,Resolved,Customs clearance delay,Emergency procurement completed,15-05-2025
RSK004264,SHP002311,6,103,1942,02-11-2025,Warehouse,Power Failure,High,Supplier,41053,Investigating,Vehicle mechanical failure,Additional quality inspection,
RSK004265,SHP012957,18,111,2937,04-01-2025,Logistics,Wrong Delivery,Low,Customer,4925,Resolved,Heavy rainfall disrupted transport,Warehouse maintenance completed,09-01-2025
RSK004266,SHP007892,2,405,615,23-03-2025,Inventory,Overstock,Low,Warehouse,4221,Investigating,Supplier production delay,Expedited shipment,
RSK004267,SHP013215,20,351,529,21-09-2025,Logistics,Lost Shipment,Medium,Customer,15063,Resolved,Customs clearance delay,Emergency procurement completed,25-09-2025
RSK004268,SHP010189,23,489,3388,13-11-2025,Product Quality,Manufacturing Defect,High,Customer,27019,Mitigated,Packaging quality issue,Additional quality inspection,18-11-2025
RSK004269,SHP000574,6,351,1423,29-01-2025,Inventory,Inventory Mismatch,High,Shipment,45976,Investigating,Supplier production delay,Route optimized,
RSK004270,SHP010626,20,210,3119,26-02-2025,Supplier,Supplier Capacity Issue,Medium,Shipment,19123,Resolved,Vehicle mechanical failure,Additional quality inspection,12-03-2025
RSK004271,SHP011593,18,373,3640,19-01-2025,Product Quality,Damaged Goods,Medium,Supplier,7252,Resolved,Warehouse power outage,Assigned alternate supplier,28-01-2025
RSK004272,SHP002214,12,29,511,25-10-2025,Logistics,Lost Shipment,Medium,Customer,12963,Investigating,Heavy rainfall disrupted transport,Insurance claim initiated,
RSK004273,SHP011806,22,259,1949,22-04-2025,Logistics,Wrong Delivery,Medium,Supplier,9592,Mitigated,Packaging quality issue,Emergency procurement completed,30-04-2025
RSK004274,SHP005179,4,229,1970,12-02-2025,Warehouse,Fire Alarm,Medium,Customer,5436,Mitigated,Heavy rainfall disrupted transport,Increased safety stock,20-02-2025
RSK004275,SHP004288,15,406,1362,23-06-2025,Inventory,Inventory Mismatch,Medium,Inventory,6334,Resolved,Customs clearance delay,Insurance claim initiated,03-07-2025
RSK004276,SHP010285,7,334,1895,11-03-2025,Supplier,Material Shortage,Medium,Shipment,9396,Open,Packaging quality issue,Increased safety stock,
RSK004277,SHP007549,25,480,1037,17-07-2025,Inventory,Stockout,Medium,Supplier,5925,Investigating,Supplier production delay,Route optimized,
RSK004278,SHP007523,16,447,541,26-09-2025,Inventory,Inventory Mismatch,Medium,Supplier,21274,Mitigated,Warehouse power outage,Increased safety stock,03-10-2025
RSK004279,SHP012332,16,229,2949,03-12-2025,Product Quality,Packaging Damage,Low,Customer,4003,Resolved,Heavy rainfall disrupted transport,Insurance claim initiated,16-12-2025
RSK004280,SHP004245,5,198,2383,09-04-2025,Inventory,Overstock,Low,Inventory,2415,Resolved,Customs clearance delay,Expedited shipment,23-04-2025
RSK004281,SHP012493,1,88,1297,12-02-2025,Logistics,Route Blockage,High,Shipment,95069,Investigating,Packaging quality issue,Additional quality inspection,
RSK004282,SHP011651,3,278,732,23-07-2025,Warehouse,Storage Capacity Full,Medium,Inventory,7292,Open,Customs clearance delay,Expedited shipment,
RSK004283,SHP004879,13,399,1631,26-06-2025,Warehouse,Power Failure,High,Supplier,83654,Resolved,Poor demand forecasting,Assigned alternate supplier,08-07-2025
RSK004284,SHP005783,20,456,4029,22-01-2025,Logistics,Shipment Delay,Medium,Shipment,14906,Resolved,Supplier production delay,Warehouse maintenance completed,04-02-2025
RSK004285,SHP010829,12,247,1230,22-11-2025,Transportation,Fuel Shortage,Medium,Shipment,6139,Resolved,Packaging quality issue,Insurance claim initiated,26-11-2025
RSK004286,SHP003763,23,78,4045,27-06-2025,Warehouse,Storage Capacity Full,Low,Warehouse,2212,Resolved,Warehouse power outage,Expedited shipment,11-07-2025
RSK004287,SHP001623,21,62,1661,23-03-2025,Inventory,Stockout,Low,Inventory,3255,Resolved,Poor demand forecasting,Assigned alternate supplier,25-03-2025
RSK004288,SHP001284,4,217,4392,21-11-2025,Inventory,Stockout,Low,Customer,4873,Mitigated,Vehicle mechanical failure,Emergency procurement completed,04-12-2025
RSK004289,SHP000254,24,208,4120,25-04-2025,Logistics,Route Blockage,Medium,Supplier,18357,Resolved,Packaging quality issue,Warehouse maintenance completed,06-05-2025
RSK004290,SHP005424,22,1,2162,05-03-2025,Financial,Currency Fluctuation,Low,Shipment,3962,Resolved,Vehicle mechanical failure,Expedited shipment,10-03-2025
RSK004291,SHP006803,18,405,4348,24-09-2025,Inventory,Stockout,Low,Customer,1380,Resolved,Vehicle mechanical failure,Expedited shipment,25-09-2025
RSK004292,SHP005642,25,19,728,06-04-2025,Warehouse,Equipment Failure,Low,Inventory,775,Investigating,Packaging quality issue,Route optimized,
RSK004293,SHP007952,7,24,4906,13-09-2025,Weather,Heavy Rain,Critical,Inventory,241951,Resolved,Supplier production delay,Insurance claim initiated,26-09-2025
RSK004294,SHP012663,19,358,4496,05-12-2025,Supplier,Supplier Capacity Issue,Medium,Customer,7235,Mitigated,Customs clearance delay,Additional quality inspection,11-12-2025
RSK004295,SHP014847,15,498,2597,18-06-2025,Supplier,Material Shortage,Medium,Customer,21222,Resolved,Warehouse power outage,Assigned alternate supplier,29-06-2025
RSK004296,SHP004615,24,493,2323,22-03-2025,Transportation,Fuel Shortage,Medium,Customer,12213,Resolved,Warehouse power outage,Increased safety stock,28-03-2025
RSK004297,SHP003700,16,305,2805,01-03-2025,Inventory,Overstock,Low,Customer,3393,Resolved,Warehouse power outage,Route optimized,06-03-2025
RSK004298,SHP007668,22,435,1415,26-10-2025,Supplier,Late Delivery,Medium,Inventory,21248,Resolved,Packaging quality issue,Emergency procurement completed,04-11-2025
RSK004299,SHP002412,15,23,1330,24-06-2025,Warehouse,Storage Capacity Full,Low,Shipment,1779,Investigating,Heavy rainfall disrupted transport,Route optimized,
RSK004300,SHP014079,20,103,2649,01-03-2025,Inventory,Stockout,High,Customer,52481,Resolved,Poor demand forecasting,Expedited shipment,13-03-2025
RSK004301,SHP009397,24,470,1579,18-09-2025,Warehouse,Power Failure,Low,Shipment,2144,Mitigated,Customs clearance delay,Assigned alternate supplier,20-09-2025
RSK004302,SHP004519,24,310,922,01-08-2025,Inventory,Inventory Mismatch,Medium,Supplier,10462,Mitigated,Supplier production delay,Additional quality inspection,09-08-2025
RSK004303,SHP006306,10,495,4747,23-02-2025,Inventory,Inventory Mismatch,Critical,Shipment,153239,Resolved,Customs clearance delay,Expedited shipment,04-03-2025
RSK004304,SHP009542,1,441,1253,24-10-2025,Logistics,Wrong Delivery,High,Shipment,78727,Resolved,Customs clearance delay,Route optimized,28-10-2025
RSK004305,SHP011238,13,136,2771,06-08-2025,Logistics,Wrong Delivery,Critical,Shipment,355036,Mitigated,Vehicle mechanical failure,Route optimized,20-08-2025
RSK004306,SHP010392,23,221,1517,16-02-2025,Weather,Flood,Low,Shipment,3742,Resolved,Vehicle mechanical failure,Insurance claim initiated,21-02-2025
RSK004307,SHP001733,25,331,4073,25-03-2025,Supplier,Supplier Capacity Issue,Low,Customer,2440,Resolved,Poor demand forecasting,Expedited shipment,04-04-2025
RSK004308,SHP012013,12,322,1017,22-03-2025,Inventory,Stockout,High,Shipment,39782,Mitigated,Packaging quality issue,Warehouse maintenance completed,05-04-2025
RSK004309,SHP002322,14,401,2311,06-04-2025,Product Quality,Damaged Goods,Medium,Inventory,7530,Resolved,Supplier production delay,Expedited shipment,14-04-2025
RSK004310,SHP010792,24,429,2510,02-09-2025,Logistics,Lost Shipment,Medium,Shipment,24480,Mitigated,Poor demand forecasting,Assigned alternate supplier,06-09-2025
RSK004311,SHP010281,15,107,3980,02-05-2025,Logistics,Route Blockage,Medium,Customer,10672,Resolved,Vehicle mechanical failure,Emergency procurement completed,13-05-2025
RSK004312,SHP006295,11,59,3151,24-06-2025,Inventory,Inventory Mismatch,Low,Supplier,2212,Resolved,Vehicle mechanical failure,Expedited shipment,06-07-2025
RSK004313,SHP009409,18,325,2783,03-04-2025,Warehouse,Equipment Failure,Medium,Warehouse,5558,Resolved,Incorrect inventory records,Insurance claim initiated,16-04-2025
RSK004314,SHP000085,8,90,3454,18-07-2025,Transportation,Fuel Shortage,Medium,Customer,23251,Resolved,Supplier production delay,Emergency procurement completed,25-07-2025
RSK004315,SHP008119,15,6,1276,08-08-2025,Product Quality,Manufacturing Defect,Low,Supplier,3037,Resolved,Vehicle mechanical failure,Warehouse maintenance completed,22-08-2025
RSK004316,SHP008727,17,147,41,04-12-2025,Logistics,Lost Shipment,Low,Warehouse,575,Resolved,Warehouse power outage,Insurance claim initiated,12-12-2025
RSK004317,SHP000610,16,309,1205,14-11-2025,Warehouse,Equipment Failure,Low,Customer,1591,Resolved,Customs clearance delay,Expedited shipment,26-11-2025
RSK004318,SHP012693,20,112,1335,09-03-2025,Financial,Cost Increase,Critical,Inventory,428192,Resolved,Supplier production delay,Increased safety stock,16-03-2025
RSK004319,SHP003580,3,131,4131,08-09-2025,Inventory,Stockout,Low,Supplier,3644,Mitigated,Poor demand forecasting,Warehouse maintenance completed,11-09-2025
RSK004320,SHP009637,15,66,4178,18-05-2025,Inventory,Stockout,Low,Customer,3457,Resolved,Incorrect inventory records,Insurance claim initiated,28-05-2025
RSK004321,SHP014750,15,154,649,12-02-2025,Inventory,Inventory Mismatch,High,Supplier,95061,Resolved,Vehicle mechanical failure,Emergency procurement completed,16-02-2025
RSK004322,SHP012145,5,381,195,16-11-2025,Logistics,Wrong Delivery,Medium,Warehouse,22052,Resolved,Packaging quality issue,Assigned alternate supplier,20-11-2025
RSK004323,SHP005047,25,48,3534,26-03-2025,Warehouse,Fire Alarm,Low,Customer,3613,Resolved,Poor demand forecasting,Additional quality inspection,28-03-2025
RSK004324,SHP009209,15,225,1225,22-08-2025,Transportation,Fuel Shortage,Low,Customer,4539,Resolved,Incorrect inventory records,Expedited shipment,01-09-2025
RSK004325,SHP003803,1,127,1011,22-08-2025,Warehouse,Equipment Failure,Low,Supplier,776,Resolved,Incorrect inventory records,Additional quality inspection,25-08-2025
RSK004326,SHP003299,17,407,2809,11-10-2025,Logistics,Shipment Delay,Low,Supplier,1810,Investigating,Customs clearance delay,Warehouse maintenance completed,
RSK004327,SHP000389,20,180,686,13-09-2025,Product Quality,Packaging Damage,High,Warehouse,54499,Resolved,Customs clearance delay,Expedited shipment,15-09-2025
RSK004328,SHP005288,15,286,4942,09-03-2025,Logistics,Wrong Delivery,Low,Supplier,2568,Resolved,Supplier production delay,Route optimized,19-03-2025
RSK004329,SHP005033,16,100,3139,26-07-2025,Product Quality,Damaged Goods,Medium,Supplier,9515,Resolved,Heavy rainfall disrupted transport,Emergency procurement completed,29-07-2025
RSK004330,SHP009737,14,291,4580,29-08-2025,Financial,Currency Fluctuation,Medium,Warehouse,13122,Resolved,Vehicle mechanical failure,Insurance claim initiated,09-09-2025
RSK004331,SHP002735,23,394,2812,22-03-2025,Logistics,Wrong Delivery,High,Warehouse,43486,Investigating,Packaging quality issue,Assigned alternate supplier,
RSK004332,SHP009217,10,255,1340,29-04-2025,Inventory,Stockout,Low,Supplier,3791,Resolved,Incorrect inventory records,Expedited shipment,01-05-2025
RSK004333,SHP014420,16,372,1024,12-10-2025,Supplier,Late Delivery,Medium,Shipment,7746,Mitigated,Heavy rainfall disrupted transport,Expedited shipment,15-10-2025
RSK004334,SHP002176,3,300,937,02-02-2025,Product Quality,Manufacturing Defect,Low,Shipment,830,Mitigated,Heavy rainfall disrupted transport,Increased safety stock,08-02-2025
RSK004335,SHP013245,9,392,3460,21-04-2025,Logistics,Wrong Delivery,Medium,Inventory,21481,Open,Vehicle mechanical failure,Expedited shipment,
RSK004336,SHP012405,11,116,3199,27-09-2025,Logistics,Wrong Delivery,High,Shipment,44227,Investigating,Customs clearance delay,Emergency procurement completed,
RSK004337,SHP005619,13,311,4,02-07-2025,Transportation,Traffic Congestion,Low,Inventory,1780,Investigating,Supplier production delay,Additional quality inspection,
RSK004338,SHP014516,5,306,4233,30-12-2025,Inventory,Stockout,Low,Supplier,1681,Investigating,Poor demand forecasting,Warehouse maintenance completed,
RSK004339,SHP009950,16,275,1686,19-10-2025,Logistics,Wrong Delivery,Low,Customer,2596,Investigating,Vehicle mechanical failure,Route optimized,
RSK004340,SHP012668,7,60,3763,25-10-2025,Product Quality,Manufacturing Defect,Critical,Supplier,477172,Resolved,Packaging quality issue,Additional quality inspection,03-11-2025
RSK004341,SHP004646,7,30,3500,31-10-2025,Inventory,Overstock,Medium,Inventory,7040,Mitigated,Poor demand forecasting,Insurance claim initiated,13-11-2025
RSK004342,SHP000237,17,464,4553,17-07-2025,Transportation,Vehicle Breakdown,Medium,Shipment,12639,Mitigated,Customs clearance delay,Warehouse maintenance completed,24-07-2025
RSK004343,SHP012786,10,457,4319,04-09-2025,Inventory,Inventory Mismatch,Medium,Warehouse,14691,Resolved,Packaging quality issue,Expedited shipment,07-09-2025
RSK004344,SHP001359,1,394,205,28-04-2025,Inventory,Inventory Mismatch,Medium,Inventory,9760,Mitigated,Incorrect inventory records,Increased safety stock,30-04-2025
RSK004345,SHP009325,20,436,1538,23-08-2025,Logistics,Route Blockage,Low,Customer,3668,Resolved,Incorrect inventory records,Emergency procurement completed,28-08-2025
RSK004346,SHP002528,24,428,4797,10-11-2025,Logistics,Wrong Delivery,Critical,Customer,128287,Resolved,Warehouse power outage,Emergency procurement completed,12-11-2025
RSK004347,SHP012378,9,462,4110,07-10-2025,Supplier,Late Delivery,Low,Customer,4184,Resolved,Supplier production delay,Emergency procurement completed,12-10-2025
RSK004348,SHP001280,21,263,2439,31-07-2025,Warehouse,Equipment Failure,High,Customer,91358,Resolved,Poor demand forecasting,Warehouse maintenance completed,01-08-2025
RSK004349,SHP003742,24,80,4473,31-05-2025,Supplier,Late Delivery,Low,Supplier,1545,Resolved,Supplier production delay,Emergency procurement completed,03-06-2025
RSK004350,SHP005124,19,149,2081,29-10-2025,Logistics,Route Blockage,High,Supplier,28627,Open,Heavy rainfall disrupted transport,Expedited shipment,
RSK004351,SHP008830,13,205,2004,16-07-2025,Inventory,Overstock,High,Shipment,92966,Resolved,Packaging quality issue,Route optimized,17-07-2025
RSK004352,SHP014904,1,24,4959,09-11-2025,Supplier,Late Delivery,Low,Customer,613,Resolved,Poor demand forecasting,Emergency procurement completed,13-11-2025
RSK004353,SHP007260,21,434,2140,11-03-2025,Supplier,Supplier Capacity Issue,Medium,Inventory,17723,Mitigated,Incorrect inventory records,Route optimized,14-03-2025
RSK004354,SHP003523,9,364,4511,22-06-2025,Logistics,Route Blockage,Low,Warehouse,3573,Resolved,Poor demand forecasting,Increased safety stock,24-06-2025
RSK004355,SHP002832,24,134,3560,26-03-2025,Warehouse,Storage Capacity Full,Medium,Supplier,10974,Resolved,Incorrect inventory records,Expedited shipment,28-03-2025
RSK004356,SHP006280,6,39,561,15-05-2025,Warehouse,Power Failure,Low,Supplier,876,Mitigated,Vehicle mechanical failure,Insurance claim initiated,21-05-2025
RSK004357,SHP006261,9,389,4135,09-09-2025,Product Quality,Packaging Damage,High,Warehouse,61394,Mitigated,Heavy rainfall disrupted transport,Expedited shipment,22-09-2025
RSK004358,SHP014357,2,296,2015,13-02-2025,Logistics,Wrong Delivery,Medium,Inventory,19667,Mitigated,Supplier production delay,Increased safety stock,23-02-2025
RSK004359,SHP002661,13,283,583,14-08-2025,Financial,Cost Increase,Low,Customer,2689,Resolved,Supplier production delay,Insurance claim initiated,15-08-2025
RSK004360,SHP000006,12,500,4693,09-04-2025,Product Quality,Damaged Goods,Low,Warehouse,3910,Mitigated,Heavy rainfall disrupted transport,Emergency procurement completed,23-04-2025
RSK004361,SHP002389,24,124,3822,08-05-2025,Logistics,Shipment Delay,High,Shipment,86128,Investigating,Incorrect inventory records,Route optimized,
RSK004362,SHP012226,21,41,3367,14-07-2025,Inventory,Stockout,Medium,Inventory,23966,Resolved,Packaging quality issue,Route optimized,24-07-2025
RSK004363,SHP008096,19,219,135,08-06-2025,Logistics,Wrong Delivery,Medium,Shipment,6624,Resolved,Poor demand forecasting,Assigned alternate supplier,18-06-2025
RSK004364,SHP010907,22,431,3549,04-02-2025,Supplier,Material Shortage,High,Inventory,67148,Resolved,Vehicle mechanical failure,Assigned alternate supplier,18-02-2025
RSK004365,SHP013443,13,451,4384,31-12-2025,Supplier,Supplier Capacity Issue,Low,Shipment,3302,Resolved,Heavy rainfall disrupted transport,Increased safety stock,07-01-2026
RSK004366,SHP006192,25,75,4202,13-09-2025,Inventory,Stockout,High,Inventory,30556,Resolved,Vehicle mechanical failure,Warehouse maintenance completed,21-09-2025
RSK004367,SHP012851,4,170,3300,09-12-2025,Logistics,Shipment Delay,Medium,Supplier,15453,Mitigated,Supplier production delay,Emergency procurement completed,19-12-2025
RSK004368,SHP002541,11,278,3751,03-12-2025,Logistics,Wrong Delivery,Medium,Shipment,11238,Mitigated,Supplier production delay,Route optimized,10-12-2025
RSK004369,SHP008542,20,396,3951,27-04-2025,Logistics,Shipment Delay,High,Customer,77065,Resolved,Supplier production delay,Increased safety stock,06-05-2025
RSK004370,SHP008458,9,289,304,22-09-2025,Warehouse,Power Failure,Medium,Inventory,19523,Resolved,Packaging quality issue,Route optimized,24-09-2025
RSK004371,SHP002338,8,150,2185,16-04-2025,Warehouse,Power Failure,Medium,Inventory,20484,Mitigated,Poor demand forecasting,Route optimized,25-04-2025
RSK004372,SHP009273,16,317,1068,29-09-2025,Transportation,Vehicle Breakdown,High,Shipment,55528,Investigating,Supplier production delay,Assigned alternate supplier,
RSK004373,SHP014354,14,50,3826,17-09-2025,Logistics,Lost Shipment,Medium,Supplier,9286,Resolved,Customs clearance delay,Warehouse maintenance completed,23-09-2025
RSK004374,SHP011702,7,357,753,03-11-2025,Logistics,Lost Shipment,Critical,Warehouse,157049,Resolved,Supplier production delay,Additional quality inspection,04-11-2025
RSK004375,SHP011559,25,11,4133,25-10-2025,Logistics,Shipment Delay,Low,Inventory,871,Resolved,Heavy rainfall disrupted transport,Expedited shipment,01-11-2025
RSK004376,SHP011500,17,132,991,06-08-2025,Logistics,Lost Shipment,High,Warehouse,86747,Resolved,Supplier production delay,Route optimized,17-08-2025
RSK004377,SHP014332,20,177,430,27-07-2025,Warehouse,Storage Capacity Full,Medium,Customer,10680,Resolved,Packaging quality issue,Insurance claim initiated,07-08-2025
RSK004378,SHP011029,10,296,3361,05-11-2025,Supplier,Supplier Capacity Issue,Low,Shipment,4245,Resolved,Heavy rainfall disrupted transport,Emergency procurement completed,16-11-2025
RSK004379,SHP008581,4,18,266,30-08-2025,Supplier,Late Delivery,Low,Shipment,880,Resolved,Poor demand forecasting,Insurance claim initiated,11-09-2025
RSK004380,SHP010375,12,138,3172,15-07-2025,Inventory,Overstock,High,Shipment,34594,Investigating,Poor demand forecasting,Additional quality inspection,
RSK004381,SHP003369,10,494,1394,09-08-2025,Inventory,Stockout,Medium,Shipment,15633,Resolved,Packaging quality issue,Route optimized,23-08-2025
RSK004382,SHP009401,25,271,882,30-08-2025,Logistics,Lost Shipment,Medium,Shipment,15399,Resolved,Customs clearance delay,Warehouse maintenance completed,02-09-2025
RSK004383,SHP007452,1,220,1348,04-09-2025,Logistics,Shipment Delay,High,Supplier,97782,Investigating,Poor demand forecasting,Emergency procurement completed,
RSK004384,SHP008792,9,221,952,21-10-2025,Supplier,Material Shortage,Low,Inventory,4413,Mitigated,Packaging quality issue,Additional quality inspection,29-10-2025
RSK004385,SHP006640,20,300,3311,18-11-2025,Inventory,Stockout,Medium,Inventory,21586,Resolved,Poor demand forecasting,Additional quality inspection,02-12-2025
RSK004386,SHP009990,4,378,2881,05-12-2025,Logistics,Route Blockage,Medium,Supplier,24439,Investigating,Customs clearance delay,Route optimized,
RSK004387,SHP010725,19,204,3032,10-06-2025,Warehouse,Power Failure,Low,Supplier,4947,Resolved,Packaging quality issue,Insurance claim initiated,14-06-2025
RSK004388,SHP001747,8,100,1734,13-12-2025,Logistics,Route Blockage,Low,Inventory,4349,Resolved,Packaging quality issue,Assigned alternate supplier,25-12-2025
RSK004389,SHP003523,14,190,3236,16-11-2025,Logistics,Lost Shipment,Low,Warehouse,2283,Resolved,Incorrect inventory records,Increased safety stock,25-11-2025
RSK004390,SHP000320,25,9,153,09-03-2025,Warehouse,Fire Alarm,Critical,Customer,110226,Investigating,Heavy rainfall disrupted transport,Route optimized,
RSK004391,SHP006465,22,179,4105,18-02-2025,Supplier,Supplier Capacity Issue,Low,Shipment,4614,Resolved,Warehouse power outage,Increased safety stock,25-02-2025
RSK004392,SHP000691,21,270,4089,19-04-2025,Inventory,Inventory Mismatch,Medium,Warehouse,22505,Resolved,Warehouse power outage,Warehouse maintenance completed,28-04-2025
RSK004393,SHP000882,1,356,209,26-01-2025,Product Quality,Manufacturing Defect,Medium,Customer,20389,Resolved,Supplier production delay,Additional quality inspection,02-02-2025
RSK004394,SHP005990,15,130,1971,17-08-2025,Product Quality,Manufacturing Defect,High,Customer,83511,Resolved,Warehouse power outage,Increased safety stock,26-08-2025
RSK004395,SHP005779,10,397,3005,08-03-2025,Product Quality,Packaging Damage,Low,Supplier,2388,Resolved,Poor demand forecasting,Warehouse maintenance completed,20-03-2025
RSK004396,SHP014330,25,104,2670,26-05-2025,Inventory,Inventory Mismatch,High,Customer,29742,Mitigated,Customs clearance delay,Additional quality inspection,29-05-2025
RSK004397,SHP005415,23,159,416,18-04-2025,Logistics,Lost Shipment,High,Inventory,45029,Resolved,Heavy rainfall disrupted transport,Insurance claim initiated,23-04-2025
RSK004398,SHP014569,5,185,2704,26-08-2025,Supplier,Supplier Capacity Issue,Medium,Warehouse,13319,Investigating,Heavy rainfall disrupted transport,Additional quality inspection,
RSK004399,SHP010961,18,322,3906,25-12-2025,Inventory,Stockout,Low,Warehouse,973,Resolved,Supplier production delay,Insurance claim initiated,29-12-2025
RSK004400,SHP008289,22,307,2542,05-05-2025,Warehouse,Equipment Failure,Medium,Warehouse,20751,Investigating,Vehicle mechanical failure,Route optimized,
RSK004401,SHP008105,15,146,320,09-05-2025,Product Quality,Packaging Damage,Medium,Inventory,11636,Mitigated,Customs clearance delay,Assigned alternate supplier,22-05-2025
RSK004402,SHP004810,24,469,529,14-12-2025,Inventory,Inventory Mismatch,Low,Customer,4255,Resolved,Poor demand forecasting,Warehouse maintenance completed,24-12-2025
RSK004403,SHP002102,7,69,1798,20-01-2025,Supplier,Late Delivery,Medium,Warehouse,22323,Mitigated,Packaging quality issue,Expedited shipment,02-02-2025
RSK004404,SHP006788,22,460,912,26-01-2025,Supplier,Supplier Capacity Issue,Low,Supplier,896,Mitigated,Vehicle mechanical failure,Route optimized,09-02-2025
RSK004405,SHP006968,5,80,4579,08-07-2025,Logistics,Wrong Delivery,Low,Supplier,3910,Resolved,Warehouse power outage,Emergency procurement completed,11-07-2025
RSK004406,SHP007774,23,22,3895,07-11-2025,Inventory,Stockout,Low,Shipment,1735,Resolved,Packaging quality issue,Additional quality inspection,10-11-2025
RSK004407,SHP011646,18,212,3359,17-01-2025,Logistics,Shipment Delay,High,Warehouse,46284,Mitigated,Heavy rainfall disrupted transport,Increased safety stock,28-01-2025
RSK004408,SHP000447,9,159,2513,19-10-2025,Weather,Flood,Low,Shipment,1732,Investigating,Packaging quality issue,Emergency procurement completed,
RSK004409,SHP005414,2,3,2864,26-09-2025,Financial,Currency Fluctuation,High,Shipment,53513,Resolved,Supplier production delay,Assigned alternate supplier,28-09-2025
RSK004410,SHP012609,9,330,934,17-02-2025,Product Quality,Packaging Damage,Critical,Shipment,106272,Resolved,Supplier production delay,Increased safety stock,02-03-2025
RSK004411,SHP014071,24,327,4807,11-04-2025,Logistics,Wrong Delivery,High,Customer,80282,Mitigated,Poor demand forecasting,Insurance claim initiated,16-04-2025
RSK004412,SHP001563,12,274,4386,08-10-2025,Supplier,Material Shortage,Low,Supplier,618,Mitigated,Customs clearance delay,Assigned alternate supplier,09-10-2025
RSK004413,SHP007014,17,88,3676,26-08-2025,Logistics,Shipment Delay,Medium,Shipment,22658,Mitigated,Supplier production delay,Insurance claim initiated,30-08-2025
RSK004414,SHP001139,6,237,1026,05-05-2025,Inventory,Stockout,Medium,Warehouse,14350,Resolved,Heavy rainfall disrupted transport,Assigned alternate supplier,19-05-2025
RSK004415,SHP004805,22,133,3745,03-03-2025,Supplier,Late Delivery,Low,Customer,2939,Resolved,Warehouse power outage,Additional quality inspection,07-03-2025
RSK004416,SHP013451,4,395,4972,13-09-2025,Product Quality,Packaging Damage,Low,Customer,2784,Resolved,Packaging quality issue,Expedited shipment,24-09-2025
RSK004417,SHP004847,1,46,2726,24-07-2025,Inventory,Inventory Mismatch,Medium,Inventory,20291,Investigating,Packaging quality issue,Warehouse maintenance completed,
RSK004418,SHP010691,16,140,4667,17-06-2025,Inventory,Stockout,Low,Shipment,928,Resolved,Packaging quality issue,Expedited shipment,21-06-2025
RSK004419,SHP005439,23,191,1377,31-05-2025,Transportation,Fuel Shortage,High,Inventory,63830,Investigating,Vehicle mechanical failure,Warehouse maintenance completed,
RSK004420,SHP008414,4,229,1461,24-06-2025,Inventory,Stockout,High,Warehouse,61410,Resolved,Vehicle mechanical failure,Assigned alternate supplier,08-07-2025
RSK004421,SHP009526,9,479,152,08-04-2025,Product Quality,Packaging Damage,Critical,Inventory,381267,Mitigated,Incorrect inventory records,Insurance claim initiated,09-04-2025
RSK004422,SHP009862,23,348,2065,15-08-2025,Inventory,Stockout,Low,Customer,2702,Resolved,Vehicle mechanical failure,Emergency procurement completed,18-08-2025
RSK004423,SHP006495,1,21,2670,10-06-2025,Weather,Flood,Medium,Warehouse,13623,Mitigated,Warehouse power outage,Warehouse maintenance completed,21-06-2025
RSK004424,SHP011640,14,498,4771,15-02-2025,Product Quality,Damaged Goods,Medium,Supplier,5452,Mitigated,Packaging quality issue,Emergency procurement completed,01-03-2025
RSK004425,SHP013400,9,177,4242,24-03-2025,Product Quality,Damaged Goods,Critical,Customer,468684,Resolved,Incorrect inventory records,Increased safety stock,28-03-2025
RSK004426,SHP002390,17,242,3014,09-03-2025,Supplier,Material Shortage,High,Customer,68403,Resolved,Vehicle mechanical failure,Route optimized,16-03-2025
RSK004427,SHP010184,1,137,855,18-05-2025,Warehouse,Fire Alarm,Medium,Supplier,8645,Resolved,Supplier production delay,Assigned alternate supplier,31-05-2025
RSK004428,SHP001975,3,257,432,20-07-2025,Inventory,Stockout,Medium,Customer,16618,Mitigated,Heavy rainfall disrupted transport,Increased safety stock,01-08-2025
RSK004429,SHP003089,25,74,2030,02-08-2025,Logistics,Route Blockage,Low,Customer,3404,Mitigated,Supplier production delay,Route optimized,07-08-2025
RSK004430,SHP010744,11,301,4861,10-12-2025,Inventory,Stockout,Critical,Inventory,304457,Resolved,Incorrect inventory records,Additional quality inspection,12-12-2025
RSK004431,SHP011232,12,136,3561,04-08-2025,Logistics,Shipment Delay,Medium,Warehouse,10493,Resolved,Supplier production delay,Additional quality inspection,05-08-2025
RSK004432,SHP002688,23,25,3259,03-12-2025,Warehouse,Fire Alarm,Low,Shipment,3228,Resolved,Packaging quality issue,Additional quality inspection,11-12-2025
RSK004433,SHP007424,10,437,1939,11-04-2025,Inventory,Inventory Mismatch,High,Customer,81937,Mitigated,Customs clearance delay,Route optimized,17-04-2025
RSK004434,SHP004190,25,115,4601,27-09-2025,Supplier,Supplier Capacity Issue,High,Inventory,73203,Resolved,Heavy rainfall disrupted transport,Warehouse maintenance completed,29-09-2025
RSK004435,SHP005672,6,40,2255,05-09-2025,Inventory,Overstock,Critical,Warehouse,193795,Resolved,Incorrect inventory records,Insurance claim initiated,06-09-2025
RSK004436,SHP012273,11,159,2522,19-05-2025,Logistics,Route Blockage,Low,Inventory,1516,Resolved,Packaging quality issue,Assigned alternate supplier,21-05-2025
RSK004437,SHP000554,20,180,3659,07-10-2025,Warehouse,Storage Capacity Full,Medium,Inventory,23690,Resolved,Heavy rainfall disrupted transport,Expedited shipment,08-10-2025
RSK004438,SHP011965,16,362,170,13-10-2025,Inventory,Overstock,Medium,Warehouse,6447,Resolved,Vehicle mechanical failure,Warehouse maintenance completed,18-10-2025
RSK004439,SHP010807,25,229,2393,29-06-2025,Logistics,Lost Shipment,High,Customer,82075,Resolved,Vehicle mechanical failure,Warehouse maintenance completed,07-07-2025
RSK004440,SHP012563,14,45,2294,17-03-2025,Logistics,Lost Shipment,Medium,Supplier,11759,Resolved,Poor demand forecasting,Increased safety stock,19-03-2025
RSK004441,SHP008337,8,459,1704,22-05-2025,Product Quality,Manufacturing Defect,High,Warehouse,44035,Investigating,Heavy rainfall disrupted transport,Additional quality inspection,
RSK004442,SHP011088,18,412,4012,16-03-2025,Logistics,Wrong Delivery,Low,Supplier,1353,Resolved,Incorrect inventory records,Additional quality inspection,30-03-2025
RSK004443,SHP007803,16,267,3456,17-03-2025,Logistics,Route Blockage,Low,Customer,2911,Mitigated,Poor demand forecasting,Warehouse maintenance completed,21-03-2025
RSK004444,SHP007881,1,273,476,17-03-2025,Logistics,Wrong Delivery,High,Warehouse,60527,Resolved,Poor demand forecasting,Route optimized,19-03-2025
RSK004445,SHP009679,12,479,2592,04-12-2025,Logistics,Shipment Delay,Low,Supplier,2909,Mitigated,Customs clearance delay,Increased safety stock,16-12-2025
RSK004446,SHP005347,24,314,1349,09-11-2025,Product Quality,Manufacturing Defect,Medium,Supplier,12515,Resolved,Heavy rainfall disrupted transport,Expedited shipment,23-11-2025
RSK004447,SHP013318,10,34,3405,15-01-2025,Logistics,Route Blockage,Low,Inventory,4495,Resolved,Customs clearance delay,Warehouse maintenance completed,18-01-2025
RSK004448,SHP005030,3,29,4524,29-11-2025,Product Quality,Packaging Damage,Low,Supplier,4309,Resolved,Heavy rainfall disrupted transport,Assigned alternate supplier,06-12-2025
RSK004449,SHP003269,24,41,798,02-07-2025,Logistics,Lost Shipment,High,Warehouse,81298,Resolved,Heavy rainfall disrupted transport,Additional quality inspection,11-07-2025
RSK004450,SHP008666,10,215,919,06-02-2025,Supplier,Supplier Capacity Issue,Medium,Supplier,21575,Open,Warehouse power outage,Expedited shipment,
RSK004451,SHP006912,12,117,2444,04-05-2025,Logistics,Lost Shipment,Low,Shipment,2186,Open,Poor demand forecasting,Additional quality inspection,
RSK004452,SHP006361,17,327,3412,15-04-2025,Logistics,Shipment Delay,Medium,Supplier,15790,Investigating,Vehicle mechanical failure,Increased safety stock,
RSK004453,SHP010175,8,10,1771,25-02-2025,Logistics,Route Blockage,High,Inventory,85048,Mitigated,Customs clearance delay,Assigned alternate supplier,26-02-2025
RSK004454,SHP012301,14,416,3306,07-04-2025,Inventory,Stockout,Low,Customer,2050,Resolved,Incorrect inventory records,Assigned alternate supplier,17-04-2025
RSK004455,SHP000808,25,462,214,10-04-2025,Logistics,Lost Shipment,Low,Customer,4365,Mitigated,Packaging quality issue,Route optimized,24-04-2025
RSK004456,SHP013953,10,24,4328,16-01-2025,Product Quality,Packaging Damage,Low,Warehouse,2994,Resolved,Poor demand forecasting,Emergency procurement completed,30-01-2025
RSK004457,SHP014939,19,453,905,23-06-2025,Transportation,Traffic Congestion,Low,Customer,3046,Resolved,Packaging quality issue,Insurance claim initiated,07-07-2025
RSK004458,SHP007518,19,211,1885,22-08-2025,Logistics,Route Blockage,Low,Shipment,576,Resolved,Heavy rainfall disrupted transport,Warehouse maintenance completed,24-08-2025
RSK004459,SHP014358,4,190,2500,23-01-2025,Warehouse,Equipment Failure,Low,Customer,3997,Resolved,Customs clearance delay,Expedited shipment,29-01-2025
RSK004460,SHP006748,19,90,2050,05-01-2025,Logistics,Lost Shipment,Medium,Supplier,21138,Resolved,Supplier production delay,Emergency procurement completed,10-01-2025
RSK004461,SHP014057,4,298,869,29-08-2025,Warehouse,Fire Alarm,Low,Warehouse,4261,Resolved,Heavy rainfall disrupted transport,Route optimized,31-08-2025
RSK004462,SHP001037,15,330,1147,02-07-2025,Logistics,Wrong Delivery,High,Customer,60930,Investigating,Packaging quality issue,Route optimized,
RSK004463,SHP001076,13,297,857,26-05-2025,Warehouse,Fire Alarm,Low,Shipment,1704,Resolved,Packaging quality issue,Warehouse maintenance completed,08-06-2025
RSK004464,SHP005970,23,250,2283,04-12-2025,Supplier,Supplier Capacity Issue,Low,Warehouse,947,Investigating,Poor demand forecasting,Expedited shipment,
RSK004465,SHP007200,11,114,3332,12-03-2025,Supplier,Supplier Capacity Issue,Medium,Warehouse,15395,Mitigated,Poor demand forecasting,Increased safety stock,22-03-2025
RSK004466,SHP003836,3,475,2393,11-10-2025,Supplier,Late Delivery,High,Warehouse,96317,Resolved,Heavy rainfall disrupted transport,Warehouse maintenance completed,15-10-2025
RSK004467,SHP013990,11,157,3741,19-06-2025,Warehouse,Equipment Failure,Medium,Warehouse,17756,Mitigated,Packaging quality issue,Route optimized,27-06-2025
RSK004468,SHP001258,20,258,1041,07-10-2025,Logistics,Wrong Delivery,Low,Supplier,1258,Investigating,Warehouse power outage,Insurance claim initiated,
RSK004469,SHP004497,22,121,2689,06-09-2025,Logistics,Lost Shipment,Low,Shipment,3214,Mitigated,Incorrect inventory records,Warehouse maintenance completed,17-09-2025
RSK004470,SHP001538,21,280,951,22-06-2025,Warehouse,Power Failure,Low,Inventory,4013,Resolved,Incorrect inventory records,Expedited shipment,26-06-2025
RSK004471,SHP007711,22,84,2088,21-07-2025,Inventory,Inventory Mismatch,Medium,Warehouse,14523,Mitigated,Heavy rainfall disrupted transport,Additional quality inspection,24-07-2025
RSK004472,SHP004953,23,333,434,12-05-2025,Product Quality,Damaged Goods,High,Warehouse,27707,Investigating,Customs clearance delay,Increased safety stock,
RSK004473,SHP000846,20,92,621,10-05-2025,Product Quality,Packaging Damage,Critical,Inventory,490108,Resolved,Vehicle mechanical failure,Additional quality inspection,24-05-2025
RSK004474,SHP010725,23,279,3077,22-05-2025,Inventory,Overstock,Low,Shipment,1295,Resolved,Vehicle mechanical failure,Insurance claim initiated,01-06-2025
RSK004475,SHP005682,24,483,3254,01-07-2025,Warehouse,Storage Capacity Full,Low,Customer,4912,Mitigated,Incorrect inventory records,Emergency procurement completed,03-07-2025
RSK004476,SHP012456,3,401,695,14-05-2025,Inventory,Overstock,High,Warehouse,65384,Resolved,Poor demand forecasting,Expedited shipment,24-05-2025
RSK004477,SHP010490,25,396,3139,20-11-2025,Supplier,Supplier Capacity Issue,Low,Customer,2919,Resolved,Vehicle mechanical failure,Warehouse maintenance completed,25-11-2025
RSK004478,SHP001961,21,278,606,30-04-2025,Inventory,Inventory Mismatch,Critical,Inventory,335804,Resolved,Vehicle mechanical failure,Insurance claim initiated,10-05-2025
RSK004479,SHP000770,12,418,1413,29-07-2025,Inventory,Overstock,Medium,Inventory,5505,Mitigated,Customs clearance delay,Additional quality inspection,30-07-2025
RSK004480,SHP010708,23,207,1666,21-05-2025,Weather,Cyclone,Medium,Warehouse,16687,Investigating,Supplier production delay,Route optimized,
RSK004481,SHP003654,12,345,3643,07-11-2025,Supplier,Supplier Capacity Issue,Medium,Inventory,8094,Resolved,Customs clearance delay,Warehouse maintenance completed,10-11-2025
RSK004482,SHP009588,15,494,1664,21-03-2025,Inventory,Overstock,Critical,Shipment,373717,Resolved,Poor demand forecasting,Route optimized,26-03-2025
RSK004483,SHP000695,2,203,3887,30-07-2025,Logistics,Lost Shipment,Medium,Supplier,21027,Resolved,Packaging quality issue,Warehouse maintenance completed,31-07-2025
RSK004484,SHP002079,8,292,239,06-10-2025,Warehouse,Equipment Failure,Critical,Supplier,102918,Mitigated,Warehouse power outage,Route optimized,09-10-2025
RSK004485,SHP007756,6,70,817,29-07-2025,Logistics,Wrong Delivery,Critical,Supplier,370018,Mitigated,Heavy rainfall disrupted transport,Expedited shipment,06-08-2025
RSK004486,SHP004957,9,185,2034,25-08-2025,Logistics,Wrong Delivery,High,Warehouse,32580,Mitigated,Packaging quality issue,Insurance claim initiated,05-09-2025
RSK004487,SHP012888,13,324,3098,14-03-2025,Inventory,Stockout,Low,Customer,1496,Resolved,Heavy rainfall disrupted transport,Expedited shipment,19-03-2025
RSK004488,SHP002300,5,328,1335,18-03-2025,Supplier,Supplier Capacity Issue,High,Customer,38147,Mitigated,Supplier production delay,Emergency procurement completed,29-03-2025
RSK004489,SHP008935,20,477,4279,17-04-2025,Supplier,Material Shortage,Low,Shipment,1360,Resolved,Vehicle mechanical failure,Insurance claim initiated,18-04-2025
RSK004490,SHP009956,6,478,3580,08-06-2025,Logistics,Shipment Delay,Low,Shipment,4169,Resolved,Packaging quality issue,Expedited shipment,12-06-2025
RSK004491,SHP012947,19,8,691,18-03-2025,Warehouse,Power Failure,Low,Customer,1566,Resolved,Supplier production delay,Assigned alternate supplier,25-03-2025
RSK004492,SHP008615,16,472,2336,11-10-2025,Supplier,Late Delivery,Medium,Supplier,12470,Resolved,Heavy rainfall disrupted transport,Route optimized,19-10-2025
RSK004493,SHP008599,15,216,4194,27-05-2025,Inventory,Stockout,Medium,Shipment,17586,Mitigated,Warehouse power outage,Increased safety stock,03-06-2025
RSK004494,SHP005983,11,13,1133,16-01-2025,Product Quality,Damaged Goods,Low,Inventory,4095,Resolved,Customs clearance delay,Expedited shipment,30-01-2025
RSK004495,SHP004402,15,476,3202,16-07-2025,Warehouse,Fire Alarm,Medium,Warehouse,19230,Resolved,Supplier production delay,Expedited shipment,20-07-2025
RSK004496,SHP004815,10,151,415,17-04-2025,Logistics,Shipment Delay,Critical,Customer,350224,Resolved,Supplier production delay,Additional quality inspection,24-04-2025
RSK004497,SHP003314,17,412,4925,13-08-2025,Inventory,Stockout,High,Customer,49202,Mitigated,Heavy rainfall disrupted transport,Assigned alternate supplier,18-08-2025
RSK004498,SHP002086,18,34,1338,21-06-2025,Product Quality,Packaging Damage,Low,Warehouse,3004,Resolved,Supplier production delay,Route optimized,26-06-2025
RSK004499,SHP008201,21,10,1178,20-06-2025,Product Quality,Manufacturing Defect,High,Warehouse,79600,Mitigated,Warehouse power outage,Expedited shipment,28-06-2025
RSK004500,SHP009735,23,306,419,13-12-2025,Supplier,Supplier Capacity Issue,Low,Inventory,1142,Resolved,Packaging quality issue,Emergency procurement completed,21-12-2025
RSK004501,SHP011754,14,297,3430,05-06-2025,Inventory,Overstock,Critical,Warehouse,106350,Mitigated,Heavy rainfall disrupted transport,Insurance claim initiated,15-06-2025
RSK004502,SHP000015,21,82,4355,04-11-2025,Supplier,Supplier Capacity Issue,Medium,Supplier,16787,Mitigated,Poor demand forecasting,Expedited shipment,11-11-2025
RSK004503,SHP014149,15,456,433,26-02-2025,Logistics,Shipment Delay,Low,Customer,2041,Open,Heavy rainfall disrupted transport,Emergency procurement completed,
RSK004504,SHP007788,20,240,3396,19-02-2025,Transportation,Fuel Shortage,Low,Supplier,3865,Resolved,Heavy rainfall disrupted transport,Insurance claim initiated,26-02-2025
RSK004505,SHP000026,23,129,904,01-05-2025,Supplier,Supplier Capacity Issue,Medium,Shipment,5660,Resolved,Heavy rainfall disrupted transport,Emergency procurement completed,03-05-2025
RSK004506,SHP006600,19,275,1151,10-11-2025,Supplier,Late Delivery,Critical,Supplier,484828,Mitigated,Warehouse power outage,Route optimized,12-11-2025
RSK004507,SHP008996,6,317,4662,08-04-2025,Logistics,Wrong Delivery,Low,Supplier,2300,Investigating,Heavy rainfall disrupted transport,Increased safety stock,
RSK004508,SHP008784,21,324,2626,31-12-2025,Warehouse,Equipment Failure,Medium,Customer,14761,Open,Heavy rainfall disrupted transport,Warehouse maintenance completed,
RSK004509,SHP008778,13,38,3653,10-02-2025,Supplier,Material Shortage,Medium,Customer,9975,Resolved,Packaging quality issue,Increased safety stock,13-02-2025
RSK004510,SHP004686,16,106,436,29-10-2025,Warehouse,Fire Alarm,Medium,Inventory,5586,Resolved,Customs clearance delay,Expedited shipment,05-11-2025
RSK004511,SHP014421,18,422,3678,06-07-2025,Warehouse,Equipment Failure,Low,Shipment,579,Investigating,Incorrect inventory records,Expedited shipment,
RSK004512,SHP013768,2,42,2071,23-05-2025,Warehouse,Equipment Failure,Medium,Supplier,13266,Resolved,Vehicle mechanical failure,Route optimized,04-06-2025
RSK004513,SHP012819,4,388,2008,06-03-2025,Product Quality,Manufacturing Defect,Medium,Shipment,11976,Resolved,Poor demand forecasting,Assigned alternate supplier,17-03-2025
RSK004514,SHP007336,18,294,2056,01-01-2025,Supplier,Material Shortage,Low,Customer,4577,Investigating,Customs clearance delay,Assigned alternate supplier,
RSK004515,SHP004107,8,69,2750,23-05-2025,Logistics,Shipment Delay,Critical,Customer,465593,Resolved,Supplier production delay,Increased safety stock,26-05-2025
RSK004516,SHP013712,19,124,2115,20-08-2025,Inventory,Stockout,High,Warehouse,35929,Resolved,Customs clearance delay,Emergency procurement completed,24-08-2025
RSK004517,SHP004068,11,106,4787,01-08-2025,Warehouse,Storage Capacity Full,Low,Shipment,1239,Resolved,Incorrect inventory records,Insurance claim initiated,08-08-2025
RSK004518,SHP008712,3,487,1704,07-05-2025,Inventory,Inventory Mismatch,Medium,Warehouse,23135,Mitigated,Supplier production delay,Route optimized,12-05-2025
RSK004519,SHP007522,5,185,4264,18-02-2025,Inventory,Inventory Mismatch,Low,Warehouse,4434,Resolved,Packaging quality issue,Additional quality inspection,02-03-2025
RSK004520,SHP003394,19,231,3607,23-12-2025,Logistics,Lost Shipment,Low,Inventory,2736,Open,Heavy rainfall disrupted transport,Route optimized,
RSK004521,SHP007549,22,169,2315,13-11-2025,Inventory,Overstock,Medium,Customer,13503,Resolved,Supplier production delay,Emergency procurement completed,17-11-2025
RSK004522,SHP010693,12,232,2560,08-08-2025,Supplier,Material Shortage,Low,Customer,2338,Investigating,Vehicle mechanical failure,Expedited shipment,
RSK004523,SHP008447,4,460,3988,06-07-2025,Logistics,Lost Shipment,Medium,Supplier,20586,Mitigated,Heavy rainfall disrupted transport,Emergency procurement completed,18-07-2025
RSK004524,SHP014334,7,160,1120,14-09-2025,Supplier,Late Delivery,High,Shipment,35313,Resolved,Packaging quality issue,Warehouse maintenance completed,20-09-2025
RSK004525,SHP013110,8,110,1602,17-05-2025,Financial,Cost Increase,Medium,Customer,24669,Resolved,Customs clearance delay,Emergency procurement completed,27-05-2025
RSK004526,SHP006310,17,410,604,17-05-2025,Warehouse,Equipment Failure,Low,Supplier,3339,Resolved,Supplier production delay,Emergency procurement completed,19-05-2025
RSK004527,SHP010317,19,213,1551,25-05-2025,Logistics,Route Blockage,Low,Inventory,4976,Resolved,Heavy rainfall disrupted transport,Emergency procurement completed,02-06-2025
RSK004528,SHP001966,20,392,4278,31-12-2025,Warehouse,Fire Alarm,Low,Shipment,2730,Open,Customs clearance delay,Route optimized,
RSK004529,SHP008315,12,27,2654,02-02-2025,Logistics,Lost Shipment,Low,Warehouse,3882,Resolved,Incorrect inventory records,Route optimized,10-02-2025
RSK004530,SHP006679,25,129,1821,06-04-2025,Logistics,Shipment Delay,Medium,Warehouse,18910,Resolved,Heavy rainfall disrupted transport,Insurance claim initiated,20-04-2025
RSK004531,SHP004038,1,61,3215,04-01-2025,Logistics,Lost Shipment,Low,Warehouse,4756,Resolved,Customs clearance delay,Warehouse maintenance completed,14-01-2025
RSK004532,SHP012327,10,240,4686,30-04-2025,Warehouse,Power Failure,Medium,Warehouse,15570,Resolved,Supplier production delay,Warehouse maintenance completed,10-05-2025
RSK004533,SHP008644,15,119,2910,22-10-2025,Logistics,Route Blockage,Medium,Inventory,12576,Resolved,Incorrect inventory records,Additional quality inspection,27-10-2025
RSK004534,SHP014454,4,6,4674,14-05-2025,Logistics,Route Blockage,High,Shipment,90594,Investigating,Poor demand forecasting,Warehouse maintenance completed,
RSK004535,SHP010071,18,147,1530,09-11-2025,Inventory,Stockout,High,Warehouse,80123,Open,Incorrect inventory records,Insurance claim initiated,
RSK004536,SHP007122,4,342,2084,22-08-2025,Logistics,Wrong Delivery,Low,Supplier,4032,Mitigated,Supplier production delay,Expedited shipment,04-09-2025
RSK004537,SHP004117,18,351,2506,07-01-2025,Inventory,Inventory Mismatch,Low,Inventory,1176,Mitigated,Packaging quality issue,Increased safety stock,08-01-2025
RSK004538,SHP009889,1,52,2778,18-03-2025,Logistics,Route Blockage,Low,Customer,1262,Mitigated,Heavy rainfall disrupted transport,Additional quality inspection,29-03-2025
RSK004539,SHP000109,2,55,2841,17-07-2025,Product Quality,Packaging Damage,Medium,Shipment,18338,Resolved,Packaging quality issue,Warehouse maintenance completed,21-07-2025
RSK004540,SHP000563,18,158,1702,08-04-2025,Product Quality,Manufacturing Defect,Medium,Customer,12253,Resolved,Customs clearance delay,Route optimized,19-04-2025
RSK004541,SHP014213,10,388,1384,24-11-2025,Logistics,Shipment Delay,High,Customer,81685,Resolved,Warehouse power outage,Emergency procurement completed,26-11-2025
RSK004542,SHP011928,13,267,4609,08-06-2025,Warehouse,Storage Capacity Full,Low,Customer,978,Mitigated,Supplier production delay,Emergency procurement completed,15-06-2025
RSK004543,SHP009740,5,234,2246,03-04-2025,Inventory,Inventory Mismatch,Critical,Warehouse,360889,Resolved,Supplier production delay,Route optimized,05-04-2025
RSK004544,SHP013537,11,352,1978,29-07-2025,Inventory,Overstock,Low,Supplier,773,Resolved,Vehicle mechanical failure,Insurance claim initiated,30-07-2025
RSK004545,SHP012817,4,2,3045,17-08-2025,Inventory,Overstock,Medium,Shipment,6748,Resolved,Vehicle mechanical failure,Additional quality inspection,21-08-2025
RSK004546,SHP013449,11,289,1531,16-09-2025,Warehouse,Equipment Failure,Low,Inventory,730,Mitigated,Customs clearance delay,Assigned alternate supplier,19-09-2025
RSK004547,SHP014567,3,245,4083,19-09-2025,Logistics,Shipment Delay,Low,Shipment,1564,Resolved,Supplier production delay,Route optimized,25-09-2025
RSK004548,SHP000638,25,494,2666,26-04-2025,Logistics,Wrong Delivery,High,Customer,80955,Investigating,Customs clearance delay,Emergency procurement completed,
RSK004549,SHP011869,8,373,1978,20-03-2025,Supplier,Material Shortage,High,Inventory,67622,Investigating,Packaging quality issue,Assigned alternate supplier,
RSK004550,SHP003255,25,348,315,08-09-2025,Warehouse,Storage Capacity Full,Critical,Shipment,168918,Mitigated,Customs clearance delay,Emergency procurement completed,16-09-2025
RSK004551,SHP000748,14,102,4372,29-09-2025,Logistics,Route Blockage,Medium,Inventory,12998,Resolved,Incorrect inventory records,Additional quality inspection,30-09-2025
RSK004552,SHP003297,24,85,89,17-12-2025,Logistics,Route Blockage,Low,Warehouse,4852,Open,Heavy rainfall disrupted transport,Emergency procurement completed,
RSK004553,SHP007256,6,35,4704,15-07-2025,Logistics,Wrong Delivery,Low,Inventory,3799,Open,Supplier production delay,Expedited shipment,
RSK004554,SHP002262,14,195,2959,14-12-2025,Logistics,Shipment Delay,High,Warehouse,36749,Mitigated,Vehicle mechanical failure,Emergency procurement completed,18-12-2025
RSK004555,SHP001011,11,475,2139,12-01-2025,Logistics,Shipment Delay,Low,Customer,663,Resolved,Customs clearance delay,Emergency procurement completed,18-01-2025
RSK004556,SHP003364,9,372,1260,07-07-2025,Inventory,Stockout,Medium,Supplier,6889,Mitigated,Heavy rainfall disrupted transport,Increased safety stock,19-07-2025
RSK004557,SHP010372,8,466,3156,01-02-2025,Transportation,Vehicle Breakdown,Low,Customer,3745,Mitigated,Customs clearance delay,Increased safety stock,02-02-2025
RSK004558,SHP000783,22,109,2735,29-10-2025,Inventory,Overstock,High,Shipment,67999,Resolved,Warehouse power outage,Assigned alternate supplier,08-11-2025
RSK004559,SHP013569,9,6,4497,25-12-2025,Warehouse,Storage Capacity Full,Critical,Warehouse,370125,Resolved,Vehicle mechanical failure,Additional quality inspection,30-12-2025
RSK004560,SHP000374,1,491,2110,15-05-2025,Supplier,Supplier Capacity Issue,Low,Customer,1713,Resolved,Warehouse power outage,Route optimized,17-05-2025
RSK004561,SHP012306,5,235,419,05-12-2025,Inventory,Overstock,Low,Warehouse,4784,Investigating,Customs clearance delay,Route optimized,
RSK004562,SHP009886,25,95,3288,15-05-2025,Supplier,Material Shortage,Low,Warehouse,2548,Resolved,Vehicle mechanical failure,Assigned alternate supplier,27-05-2025
RSK004563,SHP007112,4,77,2346,12-01-2025,Logistics,Lost Shipment,Medium,Warehouse,5224,Resolved,Customs clearance delay,Increased safety stock,25-01-2025
RSK004564,SHP012861,24,48,3313,02-06-2025,Logistics,Shipment Delay,High,Supplier,88598,Resolved,Vehicle mechanical failure,Assigned alternate supplier,06-06-2025
RSK004565,SHP006069,5,226,900,19-07-2025,Logistics,Lost Shipment,Low,Shipment,2784,Mitigated,Poor demand forecasting,Additional quality inspection,25-07-2025
RSK004566,SHP002935,2,261,841,22-02-2025,Supplier,Supplier Capacity Issue,High,Customer,50719,Resolved,Packaging quality issue,Assigned alternate supplier,28-02-2025
RSK004567,SHP002206,14,47,4779,18-11-2025,Logistics,Shipment Delay,Critical,Customer,338821,Resolved,Poor demand forecasting,Assigned alternate supplier,22-11-2025
RSK004568,SHP001767,13,55,2829,29-10-2025,Warehouse,Power Failure,Medium,Shipment,7888,Resolved,Supplier production delay,Increased safety stock,10-11-2025
RSK004569,SHP002839,14,349,1296,13-02-2025,Warehouse,Power Failure,Medium,Customer,10192,Investigating,Packaging quality issue,Emergency procurement completed,
RSK004570,SHP010671,25,71,682,20-12-2025,Warehouse,Fire Alarm,Low,Customer,1104,Resolved,Warehouse power outage,Additional quality inspection,25-12-2025
RSK004571,SHP004141,25,41,1393,28-08-2025,Logistics,Wrong Delivery,Low,Warehouse,4305,Mitigated,Supplier production delay,Assigned alternate supplier,29-08-2025
RSK004572,SHP013302,17,247,670,31-10-2025,Logistics,Shipment Delay,Medium,Supplier,11727,Mitigated,Warehouse power outage,Warehouse maintenance completed,11-11-2025
RSK004573,SHP010262,10,110,2531,14-01-2025,Supplier,Supplier Capacity Issue,Medium,Customer,17952,Resolved,Poor demand forecasting,Warehouse maintenance completed,26-01-2025
RSK004574,SHP010801,5,225,3911,08-04-2025,Logistics,Lost Shipment,Low,Inventory,2394,Resolved,Supplier production delay,Assigned alternate supplier,12-04-2025
RSK004575,SHP003758,20,434,305,13-01-2025,Logistics,Lost Shipment,Low,Inventory,3101,Resolved,Incorrect inventory records,Additional quality inspection,24-01-2025
RSK004576,SHP014881,21,453,413,23-06-2025,Product Quality,Manufacturing Defect,Medium,Supplier,12180,Resolved,Poor demand forecasting,Warehouse maintenance completed,02-07-2025
RSK004577,SHP005652,17,392,144,30-10-2025,Weather,Cyclone,Low,Customer,3503,Investigating,Packaging quality issue,Increased safety stock,
RSK004578,SHP004184,22,272,4114,19-02-2025,Warehouse,Storage Capacity Full,Low,Customer,3354,Resolved,Supplier production delay,Increased safety stock,20-02-2025
RSK004579,SHP014788,1,121,3723,28-02-2025,Product Quality,Manufacturing Defect,Low,Inventory,2883,Mitigated,Vehicle mechanical failure,Route optimized,04-03-2025
RSK004580,SHP013908,22,141,1584,06-09-2025,Inventory,Overstock,Low,Inventory,553,Resolved,Packaging quality issue,Warehouse maintenance completed,18-09-2025
RSK004581,SHP000163,6,149,323,24-05-2025,Inventory,Inventory Mismatch,High,Shipment,30288,Mitigated,Incorrect inventory records,Insurance claim initiated,05-06-2025
RSK004582,SHP014321,1,236,719,14-08-2025,Supplier,Material Shortage,Medium,Shipment,22756,Resolved,Vehicle mechanical failure,Additional quality inspection,24-08-2025
RSK004583,SHP004432,4,191,3013,10-09-2025,Warehouse,Equipment Failure,Medium,Customer,13494,Mitigated,Warehouse power outage,Insurance claim initiated,11-09-2025
RSK004584,SHP010139,3,89,3606,12-01-2025,Logistics,Shipment Delay,Low,Customer,989,Resolved,Customs clearance delay,Warehouse maintenance completed,23-01-2025
RSK004585,SHP010360,17,263,744,22-08-2025,Supplier,Supplier Capacity Issue,Medium,Warehouse,20829,Mitigated,Customs clearance delay,Expedited shipment,28-08-2025
RSK004586,SHP004084,20,457,1294,04-08-2025,Inventory,Overstock,Medium,Supplier,21742,Resolved,Heavy rainfall disrupted transport,Additional quality inspection,18-08-2025
RSK004587,SHP007141,5,252,2807,11-07-2025,Supplier,Late Delivery,Low,Inventory,4140,Resolved,Supplier production delay,Increased safety stock,14-07-2025
RSK004588,SHP013386,6,352,3927,31-08-2025,Supplier,Late Delivery,Low,Supplier,2586,Resolved,Packaging quality issue,Expedited shipment,03-09-2025
RSK004589,SHP001152,18,354,882,02-10-2025,Product Quality,Manufacturing Defect,Critical,Customer,262391,Mitigated,Supplier production delay,Insurance claim initiated,08-10-2025
RSK004590,SHP007696,17,453,1352,12-08-2025,Logistics,Wrong Delivery,High,Supplier,89875,Mitigated,Incorrect inventory records,Insurance claim initiated,20-08-2025
RSK004591,SHP010314,24,252,4629,21-12-2025,Logistics,Lost Shipment,Medium,Shipment,17942,Resolved,Warehouse power outage,Assigned alternate supplier,25-12-2025
RSK004592,SHP014465,24,137,1109,25-02-2025,Supplier,Material Shortage,Medium,Shipment,10050,Resolved,Poor demand forecasting,Warehouse maintenance completed,04-03-2025
RSK004593,SHP002168,5,213,4696,02-07-2025,Warehouse,Fire Alarm,Medium,Warehouse,24653,Resolved,Customs clearance delay,Assigned alternate supplier,04-07-2025
RSK004594,SHP005746,4,188,3265,30-09-2025,Supplier,Late Delivery,Medium,Shipment,11692,Resolved,Packaging quality issue,Warehouse maintenance completed,12-10-2025
RSK004595,SHP009285,17,390,3515,03-05-2025,Inventory,Inventory Mismatch,Critical,Shipment,154293,Mitigated,Customs clearance delay,Warehouse maintenance completed,05-05-2025
RSK004596,SHP014177,14,430,1065,12-11-2025,Weather,Flood,High,Warehouse,47624,Resolved,Heavy rainfall disrupted transport,Expedited shipment,25-11-2025
RSK004597,SHP011005,5,195,973,22-08-2025,Inventory,Overstock,High,Customer,47624,Open,Heavy rainfall disrupted transport,Route optimized,
RSK004598,SHP013439,22,394,3960,07-04-2025,Logistics,Wrong Delivery,Low,Shipment,932,Resolved,Warehouse power outage,Additional quality inspection,12-04-2025
RSK004599,SHP010639,3,314,4639,15-02-2025,Product Quality,Packaging Damage,High,Inventory,44126,Resolved,Packaging quality issue,Emergency procurement completed,17-02-2025
RSK004600,SHP007641,3,162,683,06-12-2025,Supplier,Supplier Capacity Issue,Medium,Supplier,11155,Investigating,Vehicle mechanical failure,Emergency procurement completed,
RSK004601,SHP001534,3,55,4446,11-01-2025,Logistics,Lost Shipment,High,Warehouse,94299,Open,Customs clearance delay,Route optimized,
RSK004602,SHP005386,14,393,1194,12-11-2025,Weather,Cyclone,High,Supplier,78827,Resolved,Heavy rainfall disrupted transport,Increased safety stock,19-11-2025
RSK004603,SHP014248,15,300,2216,10-10-2025,Financial,Currency Fluctuation,Low,Shipment,2359,Resolved,Warehouse power outage,Emergency procurement completed,17-10-2025
RSK004604,SHP008010,12,328,1929,28-03-2025,Logistics,Route Blockage,Low,Customer,3537,Mitigated,Incorrect inventory records,Additional quality inspection,07-04-2025
RSK004605,SHP014472,1,468,3123,26-11-2025,Transportation,Traffic Congestion,Medium,Warehouse,9150,Resolved,Incorrect inventory records,Expedited shipment,06-12-2025
RSK004606,SHP010619,16,99,590,06-10-2025,Product Quality,Manufacturing Defect,High,Inventory,78474,Resolved,Supplier production delay,Additional quality inspection,07-10-2025
RSK004607,SHP002843,18,307,384,15-07-2025,Logistics,Wrong Delivery,Low,Warehouse,3573,Resolved,Vehicle mechanical failure,Assigned alternate supplier,16-07-2025
RSK004608,SHP001386,23,120,514,04-02-2025,Inventory,Overstock,Low,Inventory,860,Investigating,Poor demand forecasting,Route optimized,
RSK004609,SHP003122,19,72,847,05-07-2025,Inventory,Stockout,High,Shipment,68908,Investigating,Warehouse power outage,Warehouse maintenance completed,
RSK004610,SHP011658,4,31,1303,24-05-2025,Transportation,Traffic Congestion,High,Warehouse,83717,Investigating,Supplier production delay,Expedited shipment,
RSK004611,SHP005485,22,412,570,14-02-2025,Logistics,Shipment Delay,Low,Inventory,3502,Mitigated,Incorrect inventory records,Route optimized,15-02-2025
RSK004612,SHP007190,18,163,1060,08-09-2025,Warehouse,Fire Alarm,Low,Customer,916,Resolved,Vehicle mechanical failure,Increased safety stock,17-09-2025
RSK004613,SHP005368,10,394,610,03-12-2025,Inventory,Stockout,Low,Warehouse,961,Mitigated,Packaging quality issue,Route optimized,07-12-2025
RSK004614,SHP010049,6,159,2758,14-11-2025,Logistics,Wrong Delivery,Medium,Supplier,23636,Investigating,Heavy rainfall disrupted transport,Emergency procurement completed,
RSK004615,SHP011659,14,264,3846,31-08-2025,Inventory,Stockout,Medium,Inventory,20434,Mitigated,Vehicle mechanical failure,Additional quality inspection,03-09-2025
RSK004616,SHP002536,3,217,135,20-07-2025,Logistics,Shipment Delay,Medium,Shipment,7940,Investigating,Customs clearance delay,Insurance claim initiated,
RSK004617,SHP003977,25,210,3417,10-01-2025,Supplier,Late Delivery,Low,Supplier,974,Mitigated,Packaging quality issue,Emergency procurement completed,12-01-2025
RSK004618,SHP011382,7,83,2819,27-02-2025,Warehouse,Storage Capacity Full,Medium,Shipment,9333,Resolved,Vehicle mechanical failure,Expedited shipment,03-03-2025
RSK004619,SHP012374,18,276,2339,28-02-2025,Warehouse,Storage Capacity Full,Medium,Shipment,13968,Resolved,Incorrect inventory records,Route optimized,13-03-2025
RSK004620,SHP014358,20,292,3583,28-10-2025,Supplier,Late Delivery,Medium,Customer,12112,Resolved,Heavy rainfall disrupted transport,Assigned alternate supplier,29-10-2025
RSK004621,SHP001682,12,289,738,25-12-2025,Warehouse,Fire Alarm,Low,Warehouse,2854,Mitigated,Customs clearance delay,Expedited shipment,05-01-2026
RSK004622,SHP013553,11,467,2967,26-06-2025,Inventory,Stockout,Low,Warehouse,4937,Mitigated,Heavy rainfall disrupted transport,Warehouse maintenance completed,30-06-2025
RSK004623,SHP005646,15,58,3114,03-02-2025,Supplier,Supplier Capacity Issue,Medium,Shipment,18626,Resolved,Heavy rainfall disrupted transport,Insurance claim initiated,11-02-2025
RSK004624,SHP003970,5,281,729,23-09-2025,Inventory,Inventory Mismatch,Medium,Shipment,17908,Resolved,Vehicle mechanical failure,Increased safety stock,04-10-2025
RSK004625,SHP012458,15,189,4219,10-05-2025,Inventory,Stockout,Medium,Supplier,22623,Resolved,Customs clearance delay,Emergency procurement completed,15-05-2025
RSK004626,SHP003717,23,312,2401,25-07-2025,Product Quality,Packaging Damage,Low,Shipment,2161,Investigating,Heavy rainfall disrupted transport,Assigned alternate supplier,
RSK004627,SHP007509,18,311,3802,05-03-2025,Inventory,Inventory Mismatch,High,Supplier,52108,Resolved,Heavy rainfall disrupted transport,Warehouse maintenance completed,17-03-2025
RSK004628,SHP012520,11,255,3093,23-10-2025,Logistics,Wrong Delivery,High,Inventory,42657,Resolved,Heavy rainfall disrupted transport,Route optimized,27-10-2025
RSK004629,SHP002231,7,54,1160,07-04-2025,Warehouse,Fire Alarm,Medium,Supplier,10997,Resolved,Incorrect inventory records,Expedited shipment,08-04-2025
RSK004630,SHP002039,24,196,2419,19-01-2025,Inventory,Stockout,Low,Inventory,640,Resolved,Poor demand forecasting,Assigned alternate supplier,27-01-2025
RSK004631,SHP002371,17,53,4086,25-06-2025,Logistics,Lost Shipment,Low,Shipment,2899,Resolved,Customs clearance delay,Route optimized,30-06-2025
RSK004632,SHP006603,3,311,689,02-11-2025,Warehouse,Storage Capacity Full,Low,Customer,3168,Investigating,Customs clearance delay,Increased safety stock,
RSK004633,SHP012640,1,188,2871,10-04-2025,Supplier,Material Shortage,Medium,Warehouse,19524,Resolved,Supplier production delay,Increased safety stock,24-04-2025
RSK004634,SHP014152,11,124,3254,28-10-2025,Inventory,Stockout,Low,Supplier,4995,Resolved,Heavy rainfall disrupted transport,Additional quality inspection,05-11-2025
RSK004635,SHP010296,21,437,2322,23-11-2025,Product Quality,Packaging Damage,Low,Shipment,1479,Resolved,Vehicle mechanical failure,Assigned alternate supplier,01-12-2025
RSK004636,SHP007131,20,480,3946,05-12-2025,Product Quality,Damaged Goods,High,Inventory,65269,Resolved,Customs clearance delay,Additional quality inspection,10-12-2025
RSK004637,SHP009325,25,84,1217,08-03-2025,Logistics,Lost Shipment,Medium,Warehouse,11190,Mitigated,Heavy rainfall disrupted transport,Warehouse maintenance completed,14-03-2025
RSK004638,SHP012850,15,388,4702,15-05-2025,Warehouse,Fire Alarm,Low,Shipment,656,Mitigated,Supplier production delay,Expedited shipment,27-05-2025
RSK004639,SHP009024,24,321,933,10-01-2025,Transportation,Traffic Congestion,High,Warehouse,42052,Mitigated,Poor demand forecasting,Route optimized,14-01-2025
RSK004640,SHP012156,13,215,3738,03-04-2025,Supplier,Material Shortage,Low,Supplier,1151,Investigating,Incorrect inventory records,Expedited shipment,
RSK004641,SHP010512,13,336,4731,02-04-2025,Inventory,Inventory Mismatch,High,Inventory,61893,Mitigated,Vehicle mechanical failure,Expedited shipment,04-04-2025
RSK004642,SHP006491,24,320,4642,31-05-2025,Weather,Flood,High,Warehouse,92972,Resolved,Vehicle mechanical failure,Expedited shipment,12-06-2025
RSK004643,SHP008221,25,183,2116,10-01-2025,Product Quality,Manufacturing Defect,Critical,Inventory,367510,Open,Customs clearance delay,Additional quality inspection,
RSK004644,SHP004972,21,467,1039,01-09-2025,Weather,Cyclone,Low,Customer,1804,Investigating,Supplier production delay,Warehouse maintenance completed,
RSK004645,SHP003202,14,121,594,11-04-2025,Warehouse,Storage Capacity Full,High,Supplier,89794,Resolved,Warehouse power outage,Insurance claim initiated,24-04-2025
RSK004646,SHP009251,3,500,4046,30-04-2025,Inventory,Overstock,High,Supplier,54562,Investigating,Incorrect inventory records,Expedited shipment,
RSK004647,SHP014611,1,296,2665,26-09-2025,Logistics,Wrong Delivery,Medium,Warehouse,11274,Resolved,Supplier production delay,Insurance claim initiated,06-10-2025
RSK004648,SHP011417,13,172,2379,09-06-2025,Inventory,Inventory Mismatch,Medium,Inventory,18210,Resolved,Heavy rainfall disrupted transport,Expedited shipment,17-06-2025
RSK004649,SHP006976,10,240,3079,12-07-2025,Inventory,Stockout,Low,Warehouse,4271,Mitigated,Packaging quality issue,Route optimized,23-07-2025
RSK004650,SHP007352,1,62,4932,06-03-2025,Supplier,Material Shortage,Low,Inventory,527,Investigating,Vehicle mechanical failure,Assigned alternate supplier,
RSK004651,SHP001701,20,228,2462,30-11-2025,Supplier,Material Shortage,High,Warehouse,56285,Resolved,Heavy rainfall disrupted transport,Additional quality inspection,02-12-2025
RSK004652,SHP002599,18,229,3641,08-05-2025,Logistics,Shipment Delay,Medium,Customer,12958,Mitigated,Warehouse power outage,Insurance claim initiated,18-05-2025
RSK004653,SHP001893,7,308,675,15-04-2025,Logistics,Wrong Delivery,Medium,Customer,8833,Resolved,Heavy rainfall disrupted transport,Expedited shipment,27-04-2025
RSK004654,SHP013080,7,65,4306,17-02-2025,Supplier,Material Shortage,Medium,Warehouse,8536,Resolved,Incorrect inventory records,Expedited shipment,21-02-2025
RSK004655,SHP014040,14,63,4660,09-08-2025,Supplier,Material Shortage,Medium,Inventory,7190,Resolved,Heavy rainfall disrupted transport,Increased safety stock,19-08-2025
RSK004656,SHP008428,12,44,65,02-05-2025,Warehouse,Equipment Failure,Low,Inventory,1949,Resolved,Packaging quality issue,Emergency procurement completed,09-05-2025
RSK004657,SHP003623,19,247,727,20-11-2025,Supplier,Supplier Capacity Issue,Critical,Customer,416870,Resolved,Vehicle mechanical failure,Warehouse maintenance completed,23-11-2025
RSK004658,SHP006851,17,150,1485,22-09-2025,Logistics,Lost Shipment,Medium,Warehouse,12075,Investigating,Packaging quality issue,Increased safety stock,
RSK004659,SHP014632,3,437,2689,02-10-2025,Weather,Cyclone,High,Customer,52232,Mitigated,Supplier production delay,Increased safety stock,09-10-2025
RSK004660,SHP010586,13,484,1520,18-10-2025,Logistics,Route Blockage,Medium,Shipment,14505,Resolved,Incorrect inventory records,Warehouse maintenance completed,19-10-2025
RSK004661,SHP012039,10,400,3528,10-11-2025,Supplier,Supplier Capacity Issue,Medium,Supplier,11183,Resolved,Vehicle mechanical failure,Warehouse maintenance completed,19-11-2025
RSK004662,SHP005547,7,129,2751,15-09-2025,Inventory,Stockout,Medium,Customer,8007,Resolved,Packaging quality issue,Emergency procurement completed,22-09-2025
RSK004663,SHP006647,3,42,4726,17-09-2025,Warehouse,Storage Capacity Full,Low,Warehouse,3864,Mitigated,Vehicle mechanical failure,Route optimized,26-09-2025
RSK004664,SHP010120,5,492,2594,15-06-2025,Supplier,Late Delivery,Low,Shipment,1009,Resolved,Poor demand forecasting,Warehouse maintenance completed,23-06-2025
RSK004665,SHP011091,25,357,2084,10-03-2025,Logistics,Lost Shipment,Low,Supplier,2870,Investigating,Packaging quality issue,Expedited shipment,
RSK004666,SHP001020,15,391,4835,22-03-2025,Logistics,Lost Shipment,Medium,Inventory,22698,Resolved,Supplier production delay,Increased safety stock,04-04-2025
RSK004667,SHP012678,10,327,3475,04-02-2025,Supplier,Supplier Capacity Issue,Medium,Inventory,12242,Open,Heavy rainfall disrupted transport,Insurance claim initiated,
RSK004668,SHP013981,6,69,4979,02-11-2025,Weather,Heavy Rain,Low,Supplier,2900,Mitigated,Customs clearance delay,Increased safety stock,14-11-2025
RSK004669,SHP010290,14,279,936,25-08-2025,Transportation,Vehicle Breakdown,Low,Shipment,2439,Mitigated,Incorrect inventory records,Assigned alternate supplier,06-09-2025
RSK004670,SHP014437,8,355,3863,22-12-2025,Warehouse,Storage Capacity Full,Low,Shipment,2173,Investigating,Warehouse power outage,Emergency procurement completed,
RSK004671,SHP003681,6,196,4657,23-07-2025,Logistics,Wrong Delivery,Low,Warehouse,3833,Open,Packaging quality issue,Increased safety stock,
RSK004672,SHP012939,13,74,4085,07-09-2025,Warehouse,Fire Alarm,Medium,Warehouse,10857,Mitigated,Heavy rainfall disrupted transport,Assigned alternate supplier,12-09-2025
RSK004673,SHP010248,19,27,3292,15-08-2025,Inventory,Inventory Mismatch,Low,Customer,776,Resolved,Incorrect inventory records,Increased safety stock,19-08-2025
RSK004674,SHP003110,21,287,4934,17-03-2025,Logistics,Shipment Delay,Low,Inventory,3909,Resolved,Heavy rainfall disrupted transport,Route optimized,21-03-2025
RSK004675,SHP001976,21,90,769,21-02-2025,Product Quality,Damaged Goods,Medium,Inventory,14641,Resolved,Warehouse power outage,Expedited shipment,26-02-2025
RSK004676,SHP004995,16,483,3446,11-10-2025,Warehouse,Power Failure,Low,Inventory,2915,Resolved,Warehouse power outage,Insurance claim initiated,23-10-2025
RSK004677,SHP000909,23,106,951,06-10-2025,Inventory,Stockout,Medium,Shipment,9110,Resolved,Supplier production delay,Insurance claim initiated,18-10-2025
RSK004678,SHP009433,1,319,2510,14-08-2025,Logistics,Shipment Delay,Low,Shipment,4842,Mitigated,Heavy rainfall disrupted transport,Insurance claim initiated,23-08-2025
RSK004679,SHP014972,3,158,1151,13-03-2025,Supplier,Material Shortage,Low,Customer,3840,Mitigated,Packaging quality issue,Expedited shipment,26-03-2025
RSK004680,SHP012597,9,107,1208,26-09-2025,Logistics,Shipment Delay,Low,Warehouse,3607,Resolved,Heavy rainfall disrupted transport,Assigned alternate supplier,08-10-2025
RSK004681,SHP004781,5,108,978,03-11-2025,Logistics,Lost Shipment,Low,Shipment,799,Resolved,Supplier production delay,Assigned alternate supplier,07-11-2025
RSK004682,SHP009028,17,322,4547,04-10-2025,Logistics,Route Blockage,Low,Shipment,1393,Resolved,Heavy rainfall disrupted transport,Insurance claim initiated,07-10-2025
RSK004683,SHP014118,18,47,4970,27-10-2025,Logistics,Shipment Delay,Low,Shipment,2592,Resolved,Customs clearance delay,Assigned alternate supplier,08-11-2025
RSK004684,SHP001524,13,417,47,05-08-2025,Weather,Cyclone,High,Warehouse,45985,Resolved,Packaging quality issue,Insurance claim initiated,07-08-2025
RSK004685,SHP010777,20,325,382,06-09-2025,Financial,Currency Fluctuation,High,Supplier,51706,Resolved,Customs clearance delay,Emergency procurement completed,14-09-2025
RSK004686,SHP002076,12,271,1589,26-03-2025,Logistics,Route Blockage,Medium,Shipment,13403,Resolved,Heavy rainfall disrupted transport,Emergency procurement completed,06-04-2025
RSK004687,SHP001884,7,322,2275,13-06-2025,Logistics,Shipment Delay,Medium,Shipment,23769,Mitigated,Vehicle mechanical failure,Emergency procurement completed,24-06-2025
RSK004688,SHP013527,2,78,2441,04-06-2025,Warehouse,Power Failure,Medium,Customer,24808,Resolved,Heavy rainfall disrupted transport,Insurance claim initiated,17-06-2025
RSK004689,SHP001321,5,252,2821,11-05-2025,Logistics,Wrong Delivery,Critical,Warehouse,457929,Resolved,Poor demand forecasting,Route optimized,16-05-2025
RSK004690,SHP000707,16,272,4115,21-11-2025,Logistics,Lost Shipment,Low,Supplier,2151,Mitigated,Incorrect inventory records,Warehouse maintenance completed,28-11-2025
RSK004691,SHP012747,1,237,1823,28-06-2025,Logistics,Shipment Delay,Medium,Inventory,10073,Resolved,Heavy rainfall disrupted transport,Increased safety stock,09-07-2025
RSK004692,SHP002179,5,148,2692,04-08-2025,Warehouse,Fire Alarm,Medium,Inventory,12493,Mitigated,Warehouse power outage,Increased safety stock,15-08-2025
RSK004693,SHP013370,13,20,1181,27-05-2025,Warehouse,Equipment Failure,Medium,Warehouse,15041,Investigating,Heavy rainfall disrupted transport,Additional quality inspection,
RSK004694,SHP001258,24,182,1129,03-10-2025,Inventory,Inventory Mismatch,Low,Warehouse,1788,Resolved,Packaging quality issue,Route optimized,12-10-2025
RSK004695,SHP011633,18,33,542,26-10-2025,Weather,Flood,High,Supplier,82832,Mitigated,Heavy rainfall disrupted transport,Assigned alternate supplier,31-10-2025
RSK004696,SHP003713,4,103,2451,18-09-2025,Warehouse,Power Failure,High,Shipment,31603,Mitigated,Customs clearance delay,Increased safety stock,27-09-2025
RSK004697,SHP007513,15,59,4154,25-01-2025,Product Quality,Manufacturing Defect,High,Supplier,57260,Resolved,Vehicle mechanical failure,Emergency procurement completed,01-02-2025
RSK004698,SHP004207,21,51,2920,30-05-2025,Supplier,Material Shortage,Medium,Shipment,13430,Resolved,Heavy rainfall disrupted transport,Assigned alternate supplier,06-06-2025
RSK004699,SHP011322,17,382,3314,26-02-2025,Product Quality,Damaged Goods,Low,Supplier,3431,Open,Warehouse power outage,Increased safety stock,
RSK004700,SHP000584,17,361,4120,23-01-2025,Supplier,Material Shortage,High,Customer,66419,Mitigated,Warehouse power outage,Warehouse maintenance completed,29-01-2025
RSK004701,SHP014836,12,453,4828,24-01-2025,Logistics,Shipment Delay,Low,Warehouse,3565,Resolved,Incorrect inventory records,Additional quality inspection,02-02-2025
RSK004702,SHP001323,5,114,3205,23-09-2025,Supplier,Supplier Capacity Issue,Critical,Customer,143525,Resolved,Vehicle mechanical failure,Emergency procurement completed,27-09-2025
RSK004703,SHP009414,6,46,3715,23-09-2025,Product Quality,Manufacturing Defect,Medium,Shipment,21312,Resolved,Heavy rainfall disrupted transport,Warehouse maintenance completed,04-10-2025
RSK004704,SHP004216,25,138,251,26-06-2025,Logistics,Route Blockage,Low,Customer,4991,Resolved,Packaging quality issue,Increased safety stock,04-07-2025
RSK004705,SHP008895,8,180,4622,21-03-2025,Warehouse,Power Failure,High,Supplier,39420,Mitigated,Supplier production delay,Expedited shipment,03-04-2025
RSK004706,SHP011041,1,107,1469,28-11-2025,Inventory,Overstock,Medium,Customer,15535,Resolved,Heavy rainfall disrupted transport,Insurance claim initiated,05-12-2025
RSK004707,SHP010319,6,82,2413,19-05-2025,Warehouse,Equipment Failure,Medium,Shipment,24679,Mitigated,Customs clearance delay,Warehouse maintenance completed,22-05-2025
RSK004708,SHP010105,3,436,4198,14-10-2025,Logistics,Wrong Delivery,Low,Customer,3657,Investigating,Warehouse power outage,Emergency procurement completed,
RSK004709,SHP006507,13,311,3982,25-06-2025,Product Quality,Packaging Damage,High,Inventory,98305,Mitigated,Packaging quality issue,Increased safety stock,09-07-2025
RSK004710,SHP010941,7,79,3755,02-06-2025,Logistics,Route Blockage,Medium,Customer,9585,Mitigated,Heavy rainfall disrupted transport,Warehouse maintenance completed,05-06-2025
RSK004711,SHP000719,7,469,3826,08-03-2025,Logistics,Route Blockage,Low,Supplier,2028,Resolved,Vehicle mechanical failure,Expedited shipment,13-03-2025
RSK004712,SHP001895,11,431,557,08-06-2025,Warehouse,Fire Alarm,Low,Shipment,1222,Mitigated,Supplier production delay,Additional quality inspection,16-06-2025
RSK004713,SHP002420,19,103,1394,27-05-2025,Logistics,Shipment Delay,Medium,Inventory,12371,Resolved,Packaging quality issue,Expedited shipment,29-05-2025
RSK004714,SHP001771,3,337,1823,21-12-2025,Logistics,Route Blockage,Low,Warehouse,3660,Resolved,Poor demand forecasting,Emergency procurement completed,03-01-2026
RSK004715,SHP004217,25,131,2718,19-02-2025,Weather,Flood,Low,Shipment,2310,Investigating,Warehouse power outage,Emergency procurement completed,
RSK004716,SHP004188,22,250,2710,04-05-2025,Warehouse,Fire Alarm,High,Customer,86035,Resolved,Vehicle mechanical failure,Increased safety stock,18-05-2025
RSK004717,SHP007714,18,372,4404,12-03-2025,Logistics,Lost Shipment,Low,Inventory,1698,Resolved,Heavy rainfall disrupted transport,Emergency procurement completed,22-03-2025
RSK004718,SHP009845,16,73,2512,23-12-2025,Logistics,Shipment Delay,Medium,Customer,11105,Resolved,Warehouse power outage,Increased safety stock,28-12-2025
RSK004719,SHP011447,22,186,3825,13-01-2025,Inventory,Stockout,Low,Customer,3060,Resolved,Incorrect inventory records,Warehouse maintenance completed,17-01-2025
RSK004720,SHP008309,17,442,2388,09-06-2025,Warehouse,Equipment Failure,High,Inventory,30295,Investigating,Supplier production delay,Additional quality inspection,
RSK004721,SHP010313,19,392,2281,04-12-2025,Warehouse,Power Failure,Medium,Warehouse,19012,Resolved,Warehouse power outage,Insurance claim initiated,10-12-2025
RSK004722,SHP005242,22,498,1200,15-12-2025,Inventory,Inventory Mismatch,Medium,Warehouse,11270,Resolved,Vehicle mechanical failure,Expedited shipment,16-12-2025
RSK004723,SHP004806,19,274,1719,13-06-2025,Inventory,Inventory Mismatch,Low,Supplier,4262,Resolved,Poor demand forecasting,Warehouse maintenance completed,25-06-2025
RSK004724,SHP006551,4,339,716,27-03-2025,Logistics,Wrong Delivery,High,Supplier,71857,Resolved,Vehicle mechanical failure,Additional quality inspection,07-04-2025
RSK004725,SHP011606,12,177,340,27-03-2025,Logistics,Lost Shipment,Low,Shipment,1844,Resolved,Vehicle mechanical failure,Expedited shipment,06-04-2025
RSK004726,SHP012107,22,473,4981,10-02-2025,Logistics,Wrong Delivery,Low,Inventory,3912,Mitigated,Vehicle mechanical failure,Emergency procurement completed,20-02-2025
RSK004727,SHP012412,7,348,42,28-06-2025,Weather,Flood,Low,Warehouse,1102,Resolved,Heavy rainfall disrupted transport,Additional quality inspection,06-07-2025
RSK004728,SHP013418,16,301,3953,25-09-2025,Logistics,Wrong Delivery,Critical,Shipment,429839,Resolved,Customs clearance delay,Emergency procurement completed,04-10-2025
RSK004729,SHP004679,24,166,1860,13-12-2025,Warehouse,Fire Alarm,Medium,Supplier,7513,Mitigated,Poor demand forecasting,Expedited shipment,20-12-2025
RSK004730,SHP013099,12,423,3384,20-06-2025,Inventory,Overstock,Low,Inventory,1975,Investigating,Packaging quality issue,Route optimized,
RSK004731,SHP004247,1,468,1771,29-03-2025,Warehouse,Equipment Failure,Low,Inventory,2343,Investigating,Supplier production delay,Increased safety stock,
RSK004732,SHP013784,3,267,1566,07-03-2025,Inventory,Overstock,High,Supplier,52321,Resolved,Warehouse power outage,Additional quality inspection,17-03-2025
RSK004733,SHP009272,13,45,1918,29-12-2025,Supplier,Supplier Capacity Issue,Low,Shipment,1319,Resolved,Customs clearance delay,Route optimized,12-01-2026
RSK004734,SHP011636,17,103,833,25-10-2025,Supplier,Material Shortage,Low,Shipment,1873,Open,Heavy rainfall disrupted transport,Increased safety stock,
RSK004735,SHP007984,10,126,146,04-06-2025,Logistics,Wrong Delivery,Critical,Inventory,469478,Resolved,Customs clearance delay,Increased safety stock,17-06-2025
RSK004736,SHP006677,18,181,1191,11-01-2025,Logistics,Shipment Delay,Low,Warehouse,4147,Mitigated,Supplier production delay,Insurance claim initiated,16-01-2025
RSK004737,SHP005657,7,343,1316,02-05-2025,Supplier,Supplier Capacity Issue,Medium,Shipment,10737,Mitigated,Poor demand forecasting,Increased safety stock,13-05-2025
RSK004738,SHP003570,12,215,1917,18-12-2025,Supplier,Supplier Capacity Issue,High,Supplier,66370,Investigating,Poor demand forecasting,Increased safety stock,
RSK004739,SHP001489,1,283,1860,05-01-2025,Logistics,Lost Shipment,High,Customer,30903,Mitigated,Supplier production delay,Insurance claim initiated,17-01-2025
RSK004740,SHP013823,20,447,1419,31-08-2025,Product Quality,Damaged Goods,High,Warehouse,61708,Resolved,Vehicle mechanical failure,Expedited shipment,09-09-2025
RSK004741,SHP010528,17,10,3342,06-12-2025,Logistics,Wrong Delivery,Medium,Shipment,24588,Resolved,Vehicle mechanical failure,Assigned alternate supplier,12-12-2025
RSK004742,SHP005348,2,316,3198,12-04-2025,Product Quality,Packaging Damage,High,Warehouse,79721,Mitigated,Customs clearance delay,Expedited shipment,23-04-2025
RSK004743,SHP006121,4,97,639,12-12-2025,Supplier,Late Delivery,Critical,Shipment,221548,Resolved,Customs clearance delay,Expedited shipment,17-12-2025
RSK004744,SHP007364,14,455,3492,25-10-2025,Inventory,Stockout,Medium,Shipment,20014,Resolved,Incorrect inventory records,Assigned alternate supplier,07-11-2025
RSK004745,SHP001139,9,31,2650,28-04-2025,Transportation,Fuel Shortage,High,Customer,81638,Resolved,Warehouse power outage,Additional quality inspection,12-05-2025
RSK004746,SHP005716,18,388,3126,12-11-2025,Product Quality,Packaging Damage,High,Customer,26018,Resolved,Customs clearance delay,Additional quality inspection,20-11-2025
RSK004747,SHP001963,9,203,2770,16-11-2025,Weather,Cyclone,Low,Shipment,2866,Mitigated,Supplier production delay,Warehouse maintenance completed,18-11-2025
RSK004748,SHP004616,12,44,3884,13-08-2025,Inventory,Overstock,Low,Inventory,942,Resolved,Heavy rainfall disrupted transport,Emergency procurement completed,21-08-2025
RSK004749,SHP011385,6,363,1035,11-11-2025,Warehouse,Equipment Failure,Low,Supplier,4789,Resolved,Customs clearance delay,Increased safety stock,25-11-2025
RSK004750,SHP012376,25,138,971,01-08-2025,Supplier,Material Shortage,Low,Warehouse,1650,Resolved,Warehouse power outage,Expedited shipment,05-08-2025
RSK004751,SHP007359,1,343,659,14-02-2025,Logistics,Lost Shipment,Medium,Inventory,13796,Resolved,Heavy rainfall disrupted transport,Additional quality inspection,17-02-2025
RSK004752,SHP005073,20,264,2718,07-10-2025,Logistics,Lost Shipment,High,Shipment,57845,Mitigated,Warehouse power outage,Route optimized,15-10-2025
RSK004753,SHP007871,22,233,3082,17-11-2025,Logistics,Shipment Delay,Medium,Warehouse,19660,Resolved,Packaging quality issue,Emergency procurement completed,20-11-2025
RSK004754,SHP006462,1,109,1152,08-03-2025,Inventory,Stockout,Low,Inventory,4800,Resolved,Packaging quality issue,Warehouse maintenance completed,22-03-2025
RSK004755,SHP012145,15,234,1726,06-01-2025,Logistics,Lost Shipment,Low,Inventory,1833,Mitigated,Packaging quality issue,Route optimized,10-01-2025
RSK004756,SHP000268,4,483,60,02-07-2025,Inventory,Inventory Mismatch,Low,Shipment,2368,Investigating,Poor demand forecasting,Expedited shipment,
RSK004757,SHP005276,25,483,3863,12-01-2025,Supplier,Supplier Capacity Issue,High,Shipment,44769,Resolved,Customs clearance delay,Warehouse maintenance completed,16-01-2025
RSK004758,SHP007479,4,129,1888,27-12-2025,Financial,Currency Fluctuation,Critical,Inventory,270208,Mitigated,Incorrect inventory records,Increased safety stock,06-01-2026
RSK004759,SHP009938,21,259,1566,24-02-2025,Product Quality,Manufacturing Defect,Low,Inventory,605,Resolved,Supplier production delay,Assigned alternate supplier,27-02-2025
RSK004760,SHP013632,19,474,4429,02-05-2025,Supplier,Late Delivery,Low,Supplier,1199,Mitigated,Vehicle mechanical failure,Expedited shipment,12-05-2025
RSK004761,SHP006153,15,227,1063,24-07-2025,Warehouse,Storage Capacity Full,Medium,Inventory,14568,Resolved,Supplier production delay,Insurance claim initiated,30-07-2025
RSK004762,SHP005497,18,411,2338,06-12-2025,Inventory,Stockout,High,Customer,74659,Resolved,Supplier production delay,Insurance claim initiated,18-12-2025
RSK004763,SHP003368,15,468,3264,14-03-2025,Supplier,Late Delivery,Low,Shipment,2599,Resolved,Incorrect inventory records,Insurance claim initiated,16-03-2025
RSK004764,SHP005739,5,173,1016,22-10-2025,Inventory,Inventory Mismatch,Medium,Supplier,7447,Resolved,Poor demand forecasting,Expedited shipment,01-11-2025
RSK004765,SHP002044,7,373,4468,21-09-2025,Weather,Cyclone,Critical,Customer,292854,Resolved,Customs clearance delay,Assigned alternate supplier,28-09-2025
RSK004766,SHP001158,23,463,1510,07-07-2025,Warehouse,Fire Alarm,Medium,Customer,13882,Investigating,Customs clearance delay,Insurance claim initiated,
RSK004767,SHP004716,20,478,4357,02-08-2025,Inventory,Overstock,Medium,Supplier,16272,Investigating,Heavy rainfall disrupted transport,Additional quality inspection,
RSK004768,SHP008830,22,473,146,17-11-2025,Logistics,Wrong Delivery,Low,Supplier,3114,Resolved,Packaging quality issue,Emergency procurement completed,23-11-2025
RSK004769,SHP008705,3,246,2957,29-08-2025,Logistics,Wrong Delivery,Medium,Customer,17879,Investigating,Incorrect inventory records,Expedited shipment,
RSK004770,SHP000092,23,343,3656,05-11-2025,Logistics,Route Blockage,Low,Supplier,2638,Resolved,Customs clearance delay,Insurance claim initiated,19-11-2025
RSK004771,SHP003878,2,312,567,06-05-2025,Warehouse,Storage Capacity Full,Low,Shipment,682,Mitigated,Warehouse power outage,Increased safety stock,14-05-2025
RSK004772,SHP005439,23,470,1857,23-03-2025,Inventory,Stockout,Critical,Shipment,423409,Investigating,Packaging quality issue,Additional quality inspection,
RSK004773,SHP008047,8,404,3634,20-01-2025,Supplier,Late Delivery,Medium,Warehouse,8884,Resolved,Warehouse power outage,Assigned alternate supplier,31-01-2025
RSK004774,SHP013832,10,385,1201,03-04-2025,Inventory,Stockout,High,Warehouse,90279,Resolved,Heavy rainfall disrupted transport,Warehouse maintenance completed,12-04-2025
RSK004775,SHP014913,18,336,3778,12-06-2025,Logistics,Route Blockage,Low,Customer,3730,Mitigated,Heavy rainfall disrupted transport,Additional quality inspection,22-06-2025
RSK004776,SHP003882,15,479,4277,04-02-2025,Warehouse,Storage Capacity Full,Medium,Shipment,17251,Mitigated,Poor demand forecasting,Route optimized,09-02-2025
RSK004777,SHP012389,2,78,685,15-10-2025,Transportation,Vehicle Breakdown,High,Warehouse,62425,Mitigated,Heavy rainfall disrupted transport,Expedited shipment,24-10-2025
RSK004778,SHP001477,25,188,96,25-03-2025,Logistics,Wrong Delivery,Low,Inventory,2681,Open,Customs clearance delay,Assigned alternate supplier,
RSK004779,SHP011879,13,319,2696,07-12-2025,Inventory,Inventory Mismatch,Medium,Supplier,22541,Investigating,Packaging quality issue,Additional quality inspection,
RSK004780,SHP002215,1,262,3604,31-08-2025,Logistics,Lost Shipment,Medium,Supplier,17054,Resolved,Packaging quality issue,Emergency procurement completed,12-09-2025
RSK004781,SHP014224,18,280,541,01-02-2025,Logistics,Route Blockage,High,Warehouse,80429,Resolved,Warehouse power outage,Route optimized,09-02-2025
RSK004782,SHP012658,14,300,2471,16-09-2025,Logistics,Lost Shipment,Medium,Shipment,17940,Resolved,Incorrect inventory records,Additional quality inspection,24-09-2025
RSK004783,SHP013920,6,173,1000,23-04-2025,Inventory,Inventory Mismatch,Low,Customer,1945,Resolved,Incorrect inventory records,Emergency procurement completed,27-04-2025
RSK004784,SHP002273,12,240,1140,07-08-2025,Logistics,Lost Shipment,High,Shipment,95085,Resolved,Customs clearance delay,Route optimized,14-08-2025
RSK004785,SHP007643,11,292,2855,09-04-2025,Logistics,Route Blockage,Medium,Warehouse,7256,Investigating,Poor demand forecasting,Insurance claim initiated,
RSK004786,SHP012790,25,367,546,10-09-2025,Logistics,Shipment Delay,Low,Supplier,3365,Resolved,Supplier production delay,Insurance claim initiated,24-09-2025
RSK004787,SHP003289,6,206,1733,08-09-2025,Product Quality,Packaging Damage,Medium,Inventory,17325,Resolved,Heavy rainfall disrupted transport,Emergency procurement completed,11-09-2025
RSK004788,SHP008816,10,204,3259,23-09-2025,Supplier,Supplier Capacity Issue,High,Customer,32413,Open,Customs clearance delay,Warehouse maintenance completed,
RSK004789,SHP008290,1,177,2144,23-11-2025,Warehouse,Storage Capacity Full,Low,Inventory,2601,Resolved,Warehouse power outage,Increased safety stock,05-12-2025
RSK004790,SHP010025,21,131,2789,20-03-2025,Logistics,Lost Shipment,Medium,Supplier,22912,Resolved,Supplier production delay,Increased safety stock,28-03-2025
RSK004791,SHP005325,17,86,2164,31-03-2025,Warehouse,Equipment Failure,Low,Warehouse,4118,Resolved,Incorrect inventory records,Increased safety stock,06-04-2025
RSK004792,SHP008594,24,91,2853,19-07-2025,Supplier,Late Delivery,High,Customer,50681,Resolved,Customs clearance delay,Additional quality inspection,02-08-2025
RSK004793,SHP002232,11,114,2365,03-03-2025,Inventory,Stockout,Medium,Shipment,22958,Open,Supplier production delay,Assigned alternate supplier,
RSK004794,SHP000859,16,87,963,26-12-2025,Supplier,Material Shortage,Medium,Warehouse,5830,Resolved,Incorrect inventory records,Warehouse maintenance completed,02-01-2026
RSK004795,SHP008108,1,314,2184,03-01-2025,Logistics,Lost Shipment,Medium,Warehouse,18865,Resolved,Heavy rainfall disrupted transport,Expedited shipment,11-01-2025
RSK004796,SHP007096,8,65,119,09-11-2025,Logistics,Wrong Delivery,Low,Inventory,1909,Resolved,Heavy rainfall disrupted transport,Assigned alternate supplier,22-11-2025
RSK004797,SHP014149,25,426,44,02-05-2025,Inventory,Stockout,Low,Supplier,1081,Mitigated,Heavy rainfall disrupted transport,Route optimized,11-05-2025
RSK004798,SHP012417,21,102,1448,26-06-2025,Logistics,Shipment Delay,Medium,Shipment,15442,Resolved,Heavy rainfall disrupted transport,Increased safety stock,04-07-2025
RSK004799,SHP013491,16,203,3899,17-08-2025,Warehouse,Fire Alarm,Low,Customer,4340,Mitigated,Customs clearance delay,Warehouse maintenance completed,29-08-2025
RSK004800,SHP009055,24,187,347,25-07-2025,Logistics,Wrong Delivery,High,Supplier,58741,Open,Customs clearance delay,Additional quality inspection,
RSK004801,SHP001601,22,76,3668,31-05-2025,Inventory,Stockout,Low,Customer,3232,Resolved,Customs clearance delay,Additional quality inspection,10-06-2025
RSK004802,SHP009490,6,413,435,14-10-2025,Logistics,Route Blockage,Medium,Shipment,21816,Resolved,Warehouse power outage,Expedited shipment,17-10-2025
RSK004803,SHP014165,7,455,664,14-09-2025,Warehouse,Power Failure,Low,Warehouse,4285,Mitigated,Packaging quality issue,Additional quality inspection,20-09-2025
RSK004804,SHP010829,25,406,2369,18-05-2025,Logistics,Wrong Delivery,Low,Supplier,1380,Investigating,Vehicle mechanical failure,Warehouse maintenance completed,
RSK004805,SHP011483,23,152,1798,08-04-2025,Logistics,Shipment Delay,High,Customer,80309,Investigating,Incorrect inventory records,Route optimized,
RSK004806,SHP009259,16,292,918,04-12-2025,Logistics,Lost Shipment,High,Inventory,52767,Investigating,Poor demand forecasting,Assigned alternate supplier,
RSK004807,SHP001529,15,254,4534,29-03-2025,Logistics,Lost Shipment,Medium,Supplier,9686,Resolved,Incorrect inventory records,Expedited shipment,05-04-2025
RSK004808,SHP014263,5,446,4537,23-12-2025,Logistics,Shipment Delay,Medium,Warehouse,15745,Investigating,Poor demand forecasting,Emergency procurement completed,
RSK004809,SHP001429,24,226,897,23-05-2025,Warehouse,Storage Capacity Full,Low,Supplier,1521,Resolved,Vehicle mechanical failure,Emergency procurement completed,31-05-2025
RSK004810,SHP009615,6,245,3018,04-08-2025,Inventory,Inventory Mismatch,Medium,Customer,16901,Open,Packaging quality issue,Insurance claim initiated,
RSK004811,SHP013102,22,347,1375,28-11-2025,Weather,Flood,Medium,Customer,17506,Mitigated,Customs clearance delay,Increased safety stock,29-11-2025
RSK004812,SHP014788,14,363,482,10-05-2025,Supplier,Supplier Capacity Issue,Low,Inventory,1743,Resolved,Customs clearance delay,Increased safety stock,24-05-2025
RSK004813,SHP013952,7,423,966,02-04-2025,Logistics,Shipment Delay,Low,Customer,888,Resolved,Customs clearance delay,Increased safety stock,16-04-2025
RSK004814,SHP007348,7,405,857,08-11-2025,Supplier,Supplier Capacity Issue,Low,Customer,2209,Resolved,Poor demand forecasting,Warehouse maintenance completed,14-11-2025
RSK004815,SHP000846,20,82,15,07-03-2025,Logistics,Wrong Delivery,Medium,Inventory,20530,Resolved,Packaging quality issue,Increased safety stock,21-03-2025
RSK004816,SHP003660,2,239,562,25-10-2025,Warehouse,Equipment Failure,Medium,Supplier,11403,Investigating,Vehicle mechanical failure,Expedited shipment,
RSK004817,SHP006071,16,350,1771,09-01-2025,Weather,Flood,Low,Warehouse,1612,Resolved,Supplier production delay,Emergency procurement completed,20-01-2025
RSK004818,SHP013006,19,393,4419,03-11-2025,Product Quality,Packaging Damage,High,Customer,74107,Resolved,Heavy rainfall disrupted transport,Emergency procurement completed,09-11-2025
RSK004819,SHP003897,5,323,4808,04-11-2025,Logistics,Shipment Delay,Low,Customer,4146,Resolved,Vehicle mechanical failure,Warehouse maintenance completed,09-11-2025
RSK004820,SHP002260,13,170,1311,07-03-2025,Product Quality,Packaging Damage,Medium,Shipment,5511,Resolved,Packaging quality issue,Emergency procurement completed,09-03-2025
RSK004821,SHP012118,5,256,2744,19-11-2025,Warehouse,Fire Alarm,Low,Inventory,3353,Resolved,Warehouse power outage,Additional quality inspection,27-11-2025
RSK004822,SHP010045,22,441,4343,17-12-2025,Inventory,Overstock,Medium,Customer,15489,Mitigated,Poor demand forecasting,Warehouse maintenance completed,27-12-2025
RSK004823,SHP005382,13,153,3747,24-03-2025,Logistics,Wrong Delivery,Medium,Customer,5166,Resolved,Poor demand forecasting,Expedited shipment,31-03-2025
RSK004824,SHP000301,4,364,581,30-03-2025,Inventory,Stockout,Medium,Inventory,12182,Mitigated,Heavy rainfall disrupted transport,Route optimized,06-04-2025
RSK004825,SHP010205,24,266,2836,15-03-2025,Logistics,Lost Shipment,Low,Supplier,993,Investigating,Heavy rainfall disrupted transport,Insurance claim initiated,
RSK004826,SHP011115,21,375,4234,24-08-2025,Supplier,Material Shortage,Low,Customer,3469,Resolved,Vehicle mechanical failure,Increased safety stock,05-09-2025
RSK004827,SHP014356,25,62,1058,27-04-2025,Warehouse,Storage Capacity Full,Low,Inventory,3335,Resolved,Supplier production delay,Emergency procurement completed,07-05-2025
RSK004828,SHP010394,19,157,1969,22-10-2025,Inventory,Overstock,High,Supplier,37198,Resolved,Incorrect inventory records,Additional quality inspection,29-10-2025
RSK004829,SHP013596,11,11,2103,30-12-2025,Supplier,Material Shortage,Medium,Customer,7607,Resolved,Supplier production delay,Warehouse maintenance completed,13-01-2026
RSK004830,SHP001520,16,235,4411,06-07-2025,Warehouse,Power Failure,Low,Inventory,3239,Investigating,Packaging quality issue,Increased safety stock,
RSK004831,SHP001087,9,149,719,02-06-2025,Warehouse,Power Failure,Medium,Inventory,22059,Resolved,Warehouse power outage,Increased safety stock,03-06-2025
RSK004832,SHP010432,12,365,1826,20-03-2025,Inventory,Overstock,Low,Customer,3437,Resolved,Vehicle mechanical failure,Increased safety stock,25-03-2025
RSK004833,SHP010815,22,481,2102,08-04-2025,Logistics,Lost Shipment,Low,Shipment,2441,Resolved,Packaging quality issue,Insurance claim initiated,13-04-2025
RSK004834,SHP010305,18,250,201,09-03-2025,Warehouse,Power Failure,Medium,Supplier,10210,Resolved,Poor demand forecasting,Assigned alternate supplier,13-03-2025
RSK004835,SHP007572,1,187,1990,26-05-2025,Weather,Heavy Rain,Medium,Warehouse,9802,Mitigated,Poor demand forecasting,Emergency procurement completed,07-06-2025
RSK004836,SHP012615,12,482,2397,18-03-2025,Logistics,Route Blockage,Medium,Inventory,18682,Resolved,Heavy rainfall disrupted transport,Increased safety stock,30-03-2025
RSK004837,SHP000295,15,394,2734,26-02-2025,Supplier,Supplier Capacity Issue,Medium,Inventory,6210,Investigating,Incorrect inventory records,Additional quality inspection,
RSK004838,SHP013935,11,259,3856,11-09-2025,Warehouse,Equipment Failure,Medium,Inventory,5778,Resolved,Warehouse power outage,Warehouse maintenance completed,14-09-2025
RSK004839,SHP010756,8,371,4962,26-01-2025,Supplier,Supplier Capacity Issue,Medium,Inventory,6932,Resolved,Incorrect inventory records,Warehouse maintenance completed,31-01-2025
RSK004840,SHP008990,9,276,3532,01-11-2025,Logistics,Wrong Delivery,Critical,Customer,200017,Resolved,Customs clearance delay,Emergency procurement completed,02-11-2025
RSK004841,SHP005403,6,488,2888,09-11-2025,Inventory,Stockout,Low,Customer,3640,Open,Supplier production delay,Increased safety stock,
RSK004842,SHP008494,25,124,4863,16-05-2025,Logistics,Wrong Delivery,Critical,Warehouse,337957,Mitigated,Poor demand forecasting,Emergency procurement completed,20-05-2025
RSK004843,SHP001431,8,384,1988,18-10-2025,Financial,Cost Increase,Medium,Shipment,17448,Mitigated,Poor demand forecasting,Insurance claim initiated,19-10-2025
RSK004844,SHP000441,6,138,4369,28-07-2025,Warehouse,Power Failure,High,Supplier,73471,Resolved,Heavy rainfall disrupted transport,Route optimized,29-07-2025
RSK004845,SHP006643,15,150,3721,25-09-2025,Inventory,Inventory Mismatch,Medium,Shipment,23816,Resolved,Poor demand forecasting,Assigned alternate supplier,28-09-2025
RSK004846,SHP010083,1,82,2620,13-02-2025,Inventory,Overstock,Low,Warehouse,2981,Mitigated,Heavy rainfall disrupted transport,Route optimized,27-02-2025
RSK004847,SHP009638,6,451,1856,06-10-2025,Supplier,Late Delivery,Low,Customer,4217,Resolved,Warehouse power outage,Expedited shipment,13-10-2025
RSK004848,SHP009568,1,128,1310,23-06-2025,Inventory,Overstock,Medium,Customer,18415,Mitigated,Customs clearance delay,Assigned alternate supplier,24-06-2025
RSK004849,SHP014870,24,78,4492,13-01-2025,Supplier,Late Delivery,High,Inventory,50374,Resolved,Warehouse power outage,Additional quality inspection,27-01-2025
RSK004850,SHP002980,2,219,188,21-11-2025,Logistics,Lost Shipment,Medium,Inventory,15325,Resolved,Poor demand forecasting,Expedited shipment,04-12-2025
RSK004851,SHP005010,3,68,2820,12-07-2025,Inventory,Overstock,Low,Customer,1022,Mitigated,Heavy rainfall disrupted transport,Route optimized,13-07-2025
RSK004852,SHP011108,11,290,67,27-12-2025,Supplier,Material Shortage,Low,Customer,4160,Resolved,Packaging quality issue,Expedited shipment,28-12-2025
RSK004853,SHP000162,7,41,580,08-04-2025,Logistics,Lost Shipment,Medium,Warehouse,20298,Resolved,Vehicle mechanical failure,Expedited shipment,22-04-2025
RSK004854,SHP009189,19,482,2232,13-12-2025,Product Quality,Damaged Goods,Critical,Customer,175263,Resolved,Warehouse power outage,Insurance claim initiated,20-12-2025
RSK004855,SHP008892,10,291,2516,04-04-2025,Inventory,Stockout,Medium,Warehouse,12742,Open,Customs clearance delay,Additional quality inspection,
RSK004856,SHP005467,12,184,2232,15-07-2025,Inventory,Inventory Mismatch,Medium,Shipment,19789,Open,Warehouse power outage,Increased safety stock,
RSK004857,SHP011783,16,331,2531,23-08-2025,Inventory,Stockout,Low,Warehouse,1697,Investigating,Supplier production delay,Expedited shipment,
RSK004858,SHP001519,23,297,1006,11-04-2025,Logistics,Route Blockage,Low,Supplier,3455,Investigating,Heavy rainfall disrupted transport,Expedited shipment,
RSK004859,SHP004733,2,350,2727,25-09-2025,Financial,Currency Fluctuation,High,Customer,85434,Resolved,Vehicle mechanical failure,Additional quality inspection,08-10-2025
RSK004860,SHP004729,21,250,1504,05-03-2025,Inventory,Stockout,Low,Customer,1412,Resolved,Poor demand forecasting,Warehouse maintenance completed,16-03-2025
RSK004861,SHP005954,11,215,3185,28-09-2025,Inventory,Stockout,Low,Warehouse,2529,Resolved,Warehouse power outage,Warehouse maintenance completed,05-10-2025
RSK004862,SHP014273,16,268,1780,10-11-2025,Logistics,Route Blockage,Medium,Supplier,13986,Resolved,Packaging quality issue,Insurance claim initiated,19-11-2025
RSK004863,SHP004987,22,455,1925,27-07-2025,Warehouse,Fire Alarm,Medium,Supplier,9379,Resolved,Packaging quality issue,Emergency procurement completed,30-07-2025
RSK004864,SHP005681,2,258,59,23-01-2025,Inventory,Inventory Mismatch,Medium,Inventory,24914,Mitigated,Packaging quality issue,Assigned alternate supplier,29-01-2025
RSK004865,SHP006039,17,154,4876,04-08-2025,Warehouse,Fire Alarm,Low,Supplier,1171,Resolved,Customs clearance delay,Warehouse maintenance completed,05-08-2025
RSK004866,SHP002493,24,357,3837,26-06-2025,Logistics,Route Blockage,High,Warehouse,54953,Mitigated,Incorrect inventory records,Expedited shipment,07-07-2025
RSK004867,SHP002483,4,1,624,06-06-2025,Supplier,Supplier Capacity Issue,Low,Inventory,620,Mitigated,Supplier production delay,Additional quality inspection,20-06-2025
RSK004868,SHP002489,5,375,4814,09-07-2025,Product Quality,Packaging Damage,Medium,Customer,22552,Mitigated,Packaging quality issue,Insurance claim initiated,12-07-2025
RSK004869,SHP014101,9,317,2007,04-11-2025,Logistics,Wrong Delivery,Critical,Customer,286166,Resolved,Packaging quality issue,Assigned alternate supplier,12-11-2025
RSK004870,SHP003045,3,263,3607,27-09-2025,Product Quality,Packaging Damage,Low,Customer,2127,Investigating,Supplier production delay,Warehouse maintenance completed,
RSK004871,SHP002880,2,271,2058,24-12-2025,Logistics,Lost Shipment,Critical,Warehouse,430009,Resolved,Supplier production delay,Insurance claim initiated,27-12-2025
RSK004872,SHP005189,15,89,514,15-06-2025,Inventory,Inventory Mismatch,Low,Supplier,1095,Resolved,Packaging quality issue,Insurance claim initiated,20-06-2025
RSK004873,SHP005160,1,35,3792,10-09-2025,Logistics,Wrong Delivery,High,Shipment,38931,Resolved,Poor demand forecasting,Expedited shipment,24-09-2025
RSK004874,SHP000217,3,350,3173,06-03-2025,Product Quality,Manufacturing Defect,Low,Customer,764,Mitigated,Supplier production delay,Warehouse maintenance completed,17-03-2025
RSK004875,SHP010084,9,392,3841,28-06-2025,Transportation,Vehicle Breakdown,Low,Supplier,951,Mitigated,Incorrect inventory records,Warehouse maintenance completed,30-06-2025
RSK004876,SHP002577,18,284,310,17-07-2025,Logistics,Lost Shipment,Medium,Shipment,23673,Mitigated,Poor demand forecasting,Increased safety stock,21-07-2025
RSK004877,SHP014406,4,37,2178,31-08-2025,Weather,Heavy Rain,Medium,Inventory,7646,Investigating,Packaging quality issue,Insurance claim initiated,
RSK004878,SHP011466,6,100,1332,23-08-2025,Supplier,Supplier Capacity Issue,Medium,Supplier,5529,Resolved,Heavy rainfall disrupted transport,Assigned alternate supplier,26-08-2025
RSK004879,SHP006595,1,323,2631,10-01-2025,Inventory,Overstock,Medium,Inventory,22349,Resolved,Customs clearance delay,Additional quality inspection,23-01-2025
RSK004880,SHP006195,25,6,671,26-02-2025,Logistics,Shipment Delay,High,Inventory,53076,Resolved,Packaging quality issue,Expedited shipment,10-03-2025
RSK004881,SHP002342,1,421,3072,28-11-2025,Supplier,Supplier Capacity Issue,High,Warehouse,87303,Resolved,Packaging quality issue,Emergency procurement completed,03-12-2025
RSK004882,SHP008464,1,116,4959,15-09-2025,Product Quality,Packaging Damage,Medium,Supplier,6186,Resolved,Poor demand forecasting,Emergency procurement completed,27-09-2025
RSK004883,SHP008396,7,46,3087,06-12-2025,Supplier,Supplier Capacity Issue,Medium,Inventory,17517,Investigating,Packaging quality issue,Emergency procurement completed,
RSK004884,SHP011280,22,141,2374,01-07-2025,Product Quality,Packaging Damage,Medium,Inventory,8943,Investigating,Vehicle mechanical failure,Increased safety stock,
RSK004885,SHP005074,22,306,480,10-12-2025,Weather,Flood,Medium,Inventory,9687,Mitigated,Packaging quality issue,Warehouse maintenance completed,19-12-2025
RSK004886,SHP004042,5,272,2598,24-09-2025,Weather,Heavy Rain,Low,Supplier,2164,Investigating,Warehouse power outage,Warehouse maintenance completed,
RSK004887,SHP006721,24,400,3527,28-12-2025,Supplier,Late Delivery,Medium,Customer,15156,Investigating,Warehouse power outage,Assigned alternate supplier,
RSK004888,SHP005923,23,102,3260,01-06-2025,Supplier,Supplier Capacity Issue,Critical,Warehouse,369548,Resolved,Vehicle mechanical failure,Increased safety stock,15-06-2025
RSK004889,SHP006703,19,59,54,13-05-2025,Product Quality,Packaging Damage,High,Warehouse,65458,Resolved,Vehicle mechanical failure,Emergency procurement completed,15-05-2025
RSK004890,SHP009288,18,189,1098,28-02-2025,Supplier,Supplier Capacity Issue,Low,Customer,4461,Resolved,Vehicle mechanical failure,Additional quality inspection,09-03-2025
RSK004891,SHP005174,16,228,3898,06-09-2025,Inventory,Overstock,Medium,Warehouse,17517,Mitigated,Supplier production delay,Route optimized,14-09-2025
RSK004892,SHP013266,3,238,434,11-11-2025,Supplier,Supplier Capacity Issue,Low,Inventory,4212,Mitigated,Supplier production delay,Route optimized,24-11-2025
RSK004893,SHP004514,8,325,2385,05-02-2025,Weather,Heavy Rain,Medium,Warehouse,8957,Investigating,Supplier production delay,Additional quality inspection,
RSK004894,SHP007767,21,224,1134,13-08-2025,Supplier,Late Delivery,High,Shipment,55124,Mitigated,Vehicle mechanical failure,Assigned alternate supplier,17-08-2025
RSK004895,SHP011770,17,190,678,28-06-2025,Financial,Currency Fluctuation,Low,Shipment,1092,Resolved,Packaging quality issue,Route optimized,09-07-2025
RSK004896,SHP008184,10,73,1603,23-04-2025,Product Quality,Damaged Goods,High,Warehouse,66109,Resolved,Heavy rainfall disrupted transport,Increased safety stock,25-04-2025
RSK004897,SHP001008,16,310,2594,16-10-2025,Inventory,Stockout,High,Inventory,58264,Resolved,Poor demand forecasting,Expedited shipment,23-10-2025
RSK004898,SHP014196,4,480,1626,12-05-2025,Logistics,Lost Shipment,Medium,Supplier,18860,Mitigated,Vehicle mechanical failure,Insurance claim initiated,19-05-2025
RSK004899,SHP008339,17,398,4858,21-08-2025,Logistics,Shipment Delay,High,Supplier,94292,Mitigated,Customs clearance delay,Increased safety stock,03-09-2025
RSK004900,SHP005174,19,445,422,10-10-2025,Logistics,Shipment Delay,Medium,Shipment,16149,Resolved,Customs clearance delay,Increased safety stock,18-10-2025
RSK004901,SHP014919,25,474,4333,24-10-2025,Logistics,Lost Shipment,Low,Supplier,1490,Mitigated,Packaging quality issue,Emergency procurement completed,29-10-2025
RSK004902,SHP001912,4,101,4619,19-02-2025,Logistics,Wrong Delivery,Medium,Customer,12217,Investigating,Vehicle mechanical failure,Expedited shipment,
RSK004903,SHP014523,25,195,2745,14-01-2025,Inventory,Overstock,Medium,Inventory,16017,Resolved,Supplier production delay,Expedited shipment,21-01-2025
RSK004904,SHP008102,8,494,3770,13-03-2025,Logistics,Route Blockage,Low,Supplier,1350,Resolved,Poor demand forecasting,Emergency procurement completed,19-03-2025
RSK004905,SHP003251,17,429,593,06-10-2025,Supplier,Material Shortage,Medium,Warehouse,20286,Resolved,Warehouse power outage,Emergency procurement completed,07-10-2025
RSK004906,SHP013078,9,158,2110,14-09-2025,Logistics,Lost Shipment,High,Customer,47841,Mitigated,Customs clearance delay,Emergency procurement completed,22-09-2025
RSK004907,SHP009718,23,150,2434,15-02-2025,Logistics,Route Blockage,Low,Supplier,4156,Resolved,Vehicle mechanical failure,Increased safety stock,23-02-2025
RSK004908,SHP005582,16,123,4750,06-09-2025,Product Quality,Manufacturing Defect,Low,Customer,644,Resolved,Vehicle mechanical failure,Expedited shipment,13-09-2025
RSK004909,SHP004754,15,283,4057,26-09-2025,Supplier,Supplier Capacity Issue,High,Customer,82468,Resolved,Incorrect inventory records,Additional quality inspection,10-10-2025
RSK004910,SHP012532,15,300,2980,21-02-2025,Weather,Heavy Rain,Low,Supplier,4197,Investigating,Customs clearance delay,Warehouse maintenance completed,
RSK004911,SHP012197,17,323,134,01-08-2025,Product Quality,Packaging Damage,Low,Warehouse,1759,Investigating,Incorrect inventory records,Expedited shipment,
RSK004912,SHP001376,18,186,356,07-03-2025,Inventory,Stockout,Medium,Shipment,9546,Resolved,Supplier production delay,Expedited shipment,10-03-2025
RSK004913,SHP008360,8,169,3344,23-07-2025,Inventory,Overstock,Medium,Customer,7682,Resolved,Vehicle mechanical failure,Assigned alternate supplier,02-08-2025
RSK004914,SHP014483,25,402,2718,12-08-2025,Inventory,Inventory Mismatch,Low,Inventory,3564,Mitigated,Packaging quality issue,Expedited shipment,25-08-2025
RSK004915,SHP007556,18,37,1618,24-01-2025,Logistics,Shipment Delay,High,Warehouse,39332,Mitigated,Incorrect inventory records,Increased safety stock,29-01-2025
RSK004916,SHP003474,4,286,443,29-11-2025,Supplier,Late Delivery,Medium,Inventory,17222,Resolved,Vehicle mechanical failure,Route optimized,13-12-2025
RSK004917,SHP002358,16,81,1498,01-07-2025,Product Quality,Damaged Goods,Medium,Supplier,7688,Resolved,Customs clearance delay,Insurance claim initiated,08-07-2025
RSK004918,SHP003790,15,176,2141,30-04-2025,Inventory,Stockout,Medium,Inventory,6923,Resolved,Supplier production delay,Additional quality inspection,02-05-2025
RSK004919,SHP010040,4,486,3868,23-09-2025,Logistics,Route Blockage,Medium,Inventory,24125,Resolved,Heavy rainfall disrupted transport,Warehouse maintenance completed,30-09-2025
RSK004920,SHP007639,1,431,84,01-04-2025,Inventory,Stockout,High,Customer,85234,Resolved,Vehicle mechanical failure,Additional quality inspection,09-04-2025
RSK004921,SHP000669,11,61,4981,31-01-2025,Logistics,Lost Shipment,Low,Shipment,4552,Investigating,Heavy rainfall disrupted transport,Emergency procurement completed,
RSK004922,SHP009450,12,283,2026,16-07-2025,Logistics,Shipment Delay,Medium,Inventory,18081,Mitigated,Vehicle mechanical failure,Insurance claim initiated,27-07-2025
RSK004923,SHP008188,1,404,3544,09-04-2025,Inventory,Overstock,High,Supplier,75589,Resolved,Vehicle mechanical failure,Insurance claim initiated,22-04-2025
RSK004924,SHP009802,23,314,2156,20-10-2025,Product Quality,Damaged Goods,High,Customer,28982,Resolved,Supplier production delay,Additional quality inspection,30-10-2025
RSK004925,SHP004278,25,465,4480,02-12-2025,Logistics,Shipment Delay,Low,Supplier,2911,Mitigated,Supplier production delay,Expedited shipment,10-12-2025
RSK004926,SHP013344,24,91,2828,12-04-2025,Warehouse,Storage Capacity Full,High,Inventory,55989,Resolved,Warehouse power outage,Increased safety stock,22-04-2025
RSK004927,SHP003632,9,156,4313,12-05-2025,Inventory,Stockout,High,Shipment,85992,Resolved,Supplier production delay,Warehouse maintenance completed,23-05-2025
RSK004928,SHP011028,5,389,1897,04-06-2025,Inventory,Inventory Mismatch,Low,Supplier,1951,Mitigated,Warehouse power outage,Expedited shipment,12-06-2025
RSK004929,SHP013722,16,294,2391,24-03-2025,Product Quality,Packaging Damage,Medium,Customer,19058,Resolved,Incorrect inventory records,Warehouse maintenance completed,02-04-2025
RSK004930,SHP011395,18,145,4582,14-08-2025,Inventory,Overstock,High,Supplier,86552,Resolved,Heavy rainfall disrupted transport,Assigned alternate supplier,18-08-2025
RSK004931,SHP006428,16,34,4926,21-01-2025,Product Quality,Manufacturing Defect,Medium,Supplier,19440,Mitigated,Packaging quality issue,Insurance claim initiated,03-02-2025
RSK004932,SHP011105,7,56,2477,06-10-2025,Warehouse,Storage Capacity Full,Low,Supplier,786,Mitigated,Heavy rainfall disrupted transport,Warehouse maintenance completed,10-10-2025
RSK004933,SHP010207,8,417,3239,21-11-2025,Logistics,Wrong Delivery,Medium,Warehouse,10322,Resolved,Incorrect inventory records,Route optimized,04-12-2025
RSK004934,SHP006697,14,220,3452,18-10-2025,Inventory,Stockout,Medium,Shipment,10750,Investigating,Supplier production delay,Emergency procurement completed,
RSK004935,SHP014674,15,301,3916,05-06-2025,Inventory,Stockout,Low,Supplier,3188,Mitigated,Customs clearance delay,Increased safety stock,07-06-2025
RSK004936,SHP005301,2,123,544,29-07-2025,Logistics,Wrong Delivery,Low,Shipment,3169,Resolved,Poor demand forecasting,Insurance claim initiated,09-08-2025
RSK004937,SHP009102,21,395,1822,15-11-2025,Product Quality,Manufacturing Defect,Low,Shipment,4928,Resolved,Customs clearance delay,Additional quality inspection,19-11-2025
RSK004938,SHP001091,7,475,4685,15-01-2025,Product Quality,Damaged Goods,Medium,Warehouse,14377,Resolved,Packaging quality issue,Route optimized,28-01-2025
RSK004939,SHP013351,19,141,866,23-08-2025,Warehouse,Power Failure,High,Warehouse,97323,Resolved,Packaging quality issue,Warehouse maintenance completed,27-08-2025
RSK004940,SHP011245,16,133,910,23-09-2025,Supplier,Supplier Capacity Issue,High,Inventory,68355,Investigating,Incorrect inventory records,Increased safety stock,
RSK004941,SHP007038,14,82,4895,15-12-2025,Supplier,Material Shortage,Low,Customer,1852,Resolved,Packaging quality issue,Emergency procurement completed,17-12-2025
RSK004942,SHP001269,15,84,4718,11-09-2025,Logistics,Shipment Delay,Medium,Warehouse,11628,Resolved,Warehouse power outage,Warehouse maintenance completed,24-09-2025
RSK004943,SHP003432,17,232,3157,28-12-2025,Logistics,Shipment Delay,Low,Inventory,2071,Resolved,Poor demand forecasting,Warehouse maintenance completed,09-01-2026
RSK004944,SHP008572,10,19,2991,09-12-2025,Financial,Currency Fluctuation,Low,Supplier,3193,Resolved,Poor demand forecasting,Insurance claim initiated,17-12-2025
RSK004945,SHP009000,8,83,2502,01-06-2025,Product Quality,Manufacturing Defect,Medium,Warehouse,24543,Mitigated,Supplier production delay,Expedited shipment,05-06-2025
RSK004946,SHP014939,4,418,4154,28-04-2025,Financial,Currency Fluctuation,Critical,Shipment,239173,Resolved,Packaging quality issue,Expedited shipment,02-05-2025
RSK004947,SHP012120,3,458,941,30-11-2025,Warehouse,Fire Alarm,High,Supplier,71339,Resolved,Incorrect inventory records,Expedited shipment,14-12-2025
RSK004948,SHP011053,6,307,3979,02-07-2025,Logistics,Wrong Delivery,Low,Inventory,2756,Mitigated,Vehicle mechanical failure,Additional quality inspection,09-07-2025
RSK004949,SHP011692,19,360,530,27-11-2025,Inventory,Inventory Mismatch,Medium,Customer,18660,Resolved,Supplier production delay,Assigned alternate supplier,11-12-2025
RSK004950,SHP010027,12,98,3873,23-11-2025,Transportation,Vehicle Breakdown,Low,Shipment,4351,Investigating,Heavy rainfall disrupted transport,Insurance claim initiated,
RSK004951,SHP006146,17,300,3084,27-11-2025,Inventory,Stockout,High,Warehouse,50798,Resolved,Heavy rainfall disrupted transport,Emergency procurement completed,07-12-2025
RSK004952,SHP011254,8,115,4052,08-02-2025,Transportation,Fuel Shortage,Low,Customer,1794,Mitigated,Packaging quality issue,Route optimized,12-02-2025
RSK004953,SHP003580,23,235,4137,21-10-2025,Inventory,Inventory Mismatch,High,Shipment,75515,Resolved,Warehouse power outage,Increased safety stock,27-10-2025
RSK004954,SHP009935,8,206,220,21-02-2025,Logistics,Wrong Delivery,Low,Warehouse,4425,Investigating,Warehouse power outage,Expedited shipment,
RSK004955,SHP009387,15,447,745,30-01-2025,Logistics,Route Blockage,Medium,Shipment,24727,Investigating,Incorrect inventory records,Insurance claim initiated,
RSK004956,SHP007508,21,190,2832,13-11-2025,Weather,Heavy Rain,Low,Supplier,1088,Resolved,Vehicle mechanical failure,Increased safety stock,20-11-2025
RSK004957,SHP006900,2,440,644,26-02-2025,Warehouse,Power Failure,Medium,Warehouse,12275,Resolved,Supplier production delay,Increased safety stock,28-02-2025
RSK004958,SHP007062,4,453,174,06-09-2025,Logistics,Shipment Delay,Low,Supplier,644,Mitigated,Customs clearance delay,Warehouse maintenance completed,11-09-2025
RSK004959,SHP013374,10,319,4204,17-12-2025,Supplier,Late Delivery,Low,Customer,3308,Resolved,Poor demand forecasting,Route optimized,30-12-2025
RSK004960,SHP010323,15,131,3443,22-01-2025,Logistics,Wrong Delivery,Medium,Customer,10870,Resolved,Customs clearance delay,Assigned alternate supplier,26-01-2025
RSK004961,SHP008812,8,273,941,28-11-2025,Inventory,Inventory Mismatch,Medium,Shipment,5164,Resolved,Warehouse power outage,Warehouse maintenance completed,29-11-2025
RSK004962,SHP000586,10,188,4426,23-03-2025,Inventory,Inventory Mismatch,Medium,Shipment,6850,Resolved,Warehouse power outage,Expedited shipment,25-03-2025
RSK004963,SHP011018,1,274,806,27-02-2025,Supplier,Material Shortage,Low,Inventory,2694,Mitigated,Poor demand forecasting,Increased safety stock,13-03-2025
RSK004964,SHP001243,4,327,223,28-04-2025,Inventory,Stockout,Low,Customer,1454,Resolved,Supplier production delay,Expedited shipment,29-04-2025
RSK004965,SHP005540,14,356,4416,15-08-2025,Weather,Flood,Low,Shipment,1140,Open,Poor demand forecasting,Additional quality inspection,
RSK004966,SHP001963,11,321,2067,27-03-2025,Supplier,Material Shortage,Medium,Shipment,16772,Mitigated,Heavy rainfall disrupted transport,Warehouse maintenance completed,02-04-2025
RSK004967,SHP010359,19,195,3541,06-07-2025,Logistics,Shipment Delay,Medium,Warehouse,11730,Resolved,Packaging quality issue,Increased safety stock,16-07-2025
RSK004968,SHP014540,25,121,3195,02-01-2025,Transportation,Fuel Shortage,Low,Shipment,1777,Resolved,Warehouse power outage,Expedited shipment,04-01-2025
RSK004969,SHP009866,10,177,1937,31-07-2025,Logistics,Wrong Delivery,Low,Shipment,3883,Mitigated,Incorrect inventory records,Increased safety stock,07-08-2025
RSK004970,SHP009636,10,205,4089,15-01-2025,Weather,Flood,High,Warehouse,94244,Resolved,Supplier production delay,Assigned alternate supplier,19-01-2025
RSK004971,SHP014087,25,488,897,09-10-2025,Inventory,Overstock,Medium,Supplier,22906,Mitigated,Warehouse power outage,Increased safety stock,14-10-2025
RSK004972,SHP007869,7,338,941,18-03-2025,Warehouse,Fire Alarm,Medium,Inventory,13809,Open,Incorrect inventory records,Insurance claim initiated,
RSK004973,SHP001088,21,270,2772,18-11-2025,Logistics,Route Blockage,Low,Shipment,4369,Resolved,Warehouse power outage,Expedited shipment,27-11-2025
RSK004974,SHP014099,17,4,2180,25-01-2025,Logistics,Route Blockage,Low,Warehouse,4100,Resolved,Supplier production delay,Route optimized,02-02-2025
RSK004975,SHP009713,23,242,3910,26-10-2025,Inventory,Overstock,Medium,Supplier,21061,Open,Packaging quality issue,Warehouse maintenance completed,
RSK004976,SHP001721,14,203,464,30-03-2025,Logistics,Wrong Delivery,Low,Customer,1700,Resolved,Vehicle mechanical failure,Warehouse maintenance completed,02-04-2025
RSK004977,SHP000864,25,73,4825,15-08-2025,Logistics,Lost Shipment,Low,Supplier,4712,Mitigated,Vehicle mechanical failure,Additional quality inspection,25-08-2025
RSK004978,SHP013997,18,421,3817,07-09-2025,Logistics,Shipment Delay,Low,Shipment,4484,Resolved,Supplier production delay,Route optimized,17-09-2025
RSK004979,SHP012412,20,11,4641,20-09-2025,Financial,Cost Increase,Low,Supplier,3407,Mitigated,Packaging quality issue,Assigned alternate supplier,02-10-2025
RSK004980,SHP001312,1,365,3369,23-02-2025,Product Quality,Packaging Damage,Medium,Shipment,7231,Resolved,Warehouse power outage,Emergency procurement completed,01-03-2025
RSK004981,SHP011087,8,247,705,02-05-2025,Supplier,Supplier Capacity Issue,Low,Supplier,3280,Mitigated,Warehouse power outage,Insurance claim initiated,09-05-2025
RSK004982,SHP000115,25,85,1156,16-11-2025,Logistics,Shipment Delay,Low,Inventory,1941,Investigating,Heavy rainfall disrupted transport,Emergency procurement completed,
RSK004983,SHP009590,23,402,4767,29-01-2025,Logistics,Route Blockage,Medium,Inventory,13572,Resolved,Vehicle mechanical failure,Route optimized,30-01-2025
RSK004984,SHP011783,3,275,4240,11-05-2025,Transportation,Vehicle Breakdown,Low,Inventory,3675,Mitigated,Customs clearance delay,Route optimized,20-05-2025
RSK004985,SHP008595,6,494,4149,24-09-2025,Warehouse,Equipment Failure,Medium,Warehouse,11410,Resolved,Customs clearance delay,Expedited shipment,28-09-2025
RSK004986,SHP012680,15,115,264,24-12-2025,Logistics,Route Blockage,Low,Supplier,668,Resolved,Incorrect inventory records,Route optimized,30-12-2025
RSK004987,SHP003934,2,6,4108,06-01-2025,Warehouse,Storage Capacity Full,Low,Customer,3179,Mitigated,Vehicle mechanical failure,Increased safety stock,20-01-2025
RSK004988,SHP002167,15,138,1604,17-04-2025,Supplier,Material Shortage,Low,Inventory,2519,Resolved,Supplier production delay,Additional quality inspection,01-05-2025
RSK004989,SHP001709,18,41,4226,24-02-2025,Inventory,Inventory Mismatch,Medium,Supplier,5185,Investigating,Packaging quality issue,Assigned alternate supplier,
RSK004990,SHP012528,20,477,2293,23-03-2025,Supplier,Material Shortage,Low,Warehouse,3355,Resolved,Poor demand forecasting,Route optimized,24-03-2025
RSK004991,SHP010590,6,120,4885,04-11-2025,Warehouse,Fire Alarm,Medium,Shipment,5601,Resolved,Packaging quality issue,Route optimized,10-11-2025
RSK004992,SHP012874,7,99,2059,21-03-2025,Financial,Currency Fluctuation,Low,Warehouse,3467,Resolved,Packaging quality issue,Insurance claim initiated,01-04-2025
RSK004993,SHP002359,4,181,1039,18-02-2025,Inventory,Inventory Mismatch,Medium,Supplier,19595,Resolved,Customs clearance delay,Additional quality inspection,27-02-2025
RSK004994,SHP000839,18,110,443,03-01-2025,Logistics,Wrong Delivery,Medium,Inventory,10656,Mitigated,Incorrect inventory records,Emergency procurement completed,11-01-2025
RSK004995,SHP010916,6,396,4325,01-01-2025,Warehouse,Storage Capacity Full,Medium,Warehouse,18482,Mitigated,Heavy rainfall disrupted transport,Assigned alternate supplier,15-01-2025
RSK004996,SHP012030,11,428,4993,17-10-2025,Inventory,Inventory Mismatch,Medium,Customer,21547,Resolved,Incorrect inventory records,Route optimized,26-10-2025
RSK004997,SHP014170,18,271,2471,09-08-2025,Supplier,Supplier Capacity Issue,Low,Warehouse,1099,Investigating,Incorrect inventory records,Warehouse maintenance completed,
RSK004998,SHP004354,20,466,1875,04-01-2025,Supplier,Material Shortage,Medium,Customer,8843,Resolved,Warehouse power outage,Additional quality inspection,09-01-2025
RSK004999,SHP004791,5,472,786,12-05-2025,Warehouse,Equipment Failure,Medium,Supplier,8766,Investigating,Vehicle mechanical failure,Increased safety stock,
RSK005000,SHP011991,14,421,4640,25-03-2025,Inventory,Stockout,Medium,Warehouse,8503,Resolved,Customs clearance delay,Emergency procurement completed,02-04-2025
